company_id,sale_date_year,sale_date_month,revenue,order_count,avg_order_val,total_discount,period,revenue_lag1,revenue_lag2,revenue_lag3,revenue_lag12,revenue_roll3_mean,revenue_roll3_std,revenue_yoy_growth
00000000-0000-0000-0000-000000000001,2022,1,5366336.89,54,99376.60907407406,239452.52000000002,2022-01-01,,,,,,,
00000000-0000-0000-0000-000000000001,2022,2,7754415.5167100085,51,152047.36307274527,296477.26,2022-02-01,5366336.89,,,,5366336.89,,
00000000-0000-0000-0000-000000000001,2022,3,6693083.5,49,136593.54081632654,422073.64999999997,2022-03-01,7754415.5167100085,5366336.89,,,6560376.203355004,1688626.5909533051,
00000000-0000-0000-0000-000000000001,2022,4,6895859.95,74,93187.29662162163,211962.78,2022-04-01,6693083.5,7754415.5167100085,5366336.89,,6604611.968903336,1196495.002370771,
00000000-0000-0000-0000-000000000001,2022,5,6628923.88,82,80840.53512195122,302584.98,2022-05-01,6895859.95,6693083.5,7754415.5167100085,,7114452.988903336,563421.3342749638,
00000000-0000-0000-0000-000000000001,2022,6,8611605.24,74,116373.04378378378,347808.22000000003,2022-06-01,6628923.88,6895859.95,6693083.5,,6739289.109999999,139337.48656899796,
00000000-0000-0000-0000-000000000001,2022,7,5915750.29,53,111617.93000000001,163468.41999999998,2022-07-01,8611605.24,6628923.88,6895859.95,,7378796.356666666,1075954.0062130666,
00000000-0000-0000-0000-000000000001,2022,8,9636917.773420017,41,235046.77496146385,323589.24,2022-08-01,5915750.29,8611605.24,6628923.88,,7052093.136666667,1396858.132632209,
00000000-0000-0000-0000-000000000001,2022,9,4663930.09,35,133255.1454285714,330994.3,2022-09-01,9636917.773420017,5915750.29,8611605.24,,8054757.767806672,1922064.3044346075,
00000000-0000-0000-0000-000000000001,2022,10,11174840.21,97,115204.5382474227,531983.88,2022-10-01,4663930.09,9636917.773420017,5915750.29,,6738866.051140006,2586656.392341205,
00000000-0000-0000-0000-000000000001,2022,11,7611828.49,86,88509.63360465117,256345.46,2022-11-01,11174840.21,4663930.09,9636917.773420017,,8491896.02447334,3403129.9933811356,
00000000-0000-0000-0000-000000000001,2022,12,12357804.81,83,148889.21457831326,631450.97,2022-12-01,7611828.49,11174840.21,4663930.09,,7816866.263333333,3260294.1606624587,
00000000-0000-0000-0000-000000000001,2023,1,12332293.10671001,64,192692.0797923439,324041.31,2023-01-01,12357804.81,7611828.49,11174840.21,5366336.89,10381491.17,2470450.3297884525,1.2980840300374825
00000000-0000-0000-0000-000000000001,2023,2,7512430.5600000005,62,121168.23483870969,257537.75,2023-02-01,12332293.10671001,12357804.81,7611828.49,7754415.5167100085,10767308.80223667,2732755.88233492,-0.03120608589887323
00000000-0000-0000-0000-000000000001,2023,3,7804299.94,59,132276.27016949153,250059.46,2023-03-01,7512430.5600000005,12332293.10671001,12357804.81,6693083.5,10734176.158903338,2790142.6916541294,0.16602458941383302
00000000-0000-0000-0000-000000000001,2023,4,8201014.85,92,89141.46576086956,231925.17,2023-04-01,7804299.94,7512430.5600000005,12332293.10671001,6895859.95,9216341.20223667,2702436.703604484,0.1892664452966449
00000000-0000-0000-0000-000000000001,2023,5,6843002.03,83,82445.80759036145,148595.22,2023-05-01,8201014.85,7804299.94,7512430.5600000005,6628923.88,7839248.45,345619.921115843,0.03229455547768341
00000000-0000-0000-0000-000000000001,2023,6,12255659.13,74,165617.0152702703,664297.5,2023-06-01,6843002.03,8201014.85,7804299.94,8611605.24,7616105.606666666,698292.585629532,0.4231561698942903
00000000-0000-0000-0000-000000000001,2023,7,6906431.72,57,121165.46877192982,482709.54,2023-07-01,12255659.13,6843002.03,8201014.85,5915750.29,9099892.003333332,2816060.958703413,0.16746505201117942
00000000-0000-0000-0000-000000000001,2023,8,3206227.81,40,80155.69525,80175.47,2023-08-01,6906431.72,12255659.13,6843002.03,9636917.773420017,8668364.293333335,3106850.336800097,-0.6672973781261027
00000000-0000-0000-0000-000000000001,2023,9,6243175.33,55,113512.27872727273,304674.47,2023-09-01,3206227.81,6906431.72,12255659.13,4663930.09,7456106.22,4549687.719592624,0.33860825731202165
00000000-0000-0000-0000-000000000001,2023,10,11145067.2,91,122473.26593406593,507164.58,2023-10-01,6243175.33,3206227.81,6906431.72,11174840.21,5451944.953333333,1972919.505609619,-0.0026642895504992315
00000000-0000-0000-0000-000000000001,2023,11,13492496.69,103,130995.11349514562,652800.39,2023-11-01,11145067.2,6243175.33,3206227.81,7611828.49,6864823.446666666,4005761.787821427,0.7725697193158906
00000000-0000-0000-0000-000000000001,2023,12,12049450.87,112,107584.38276785714,351655.81,2023-12-01,13492496.69,11145067.2,6243175.33,12357804.81,10293579.74,3698910.4093017695,-0.024952161386339402
00000000-0000-0000-0000-000000000001,2024,1,4259659.89,59,72197.62525423728,126766.08,2024-01-01,12049450.87,13492496.69,11145067.2,12332293.10671001,12229004.92,1183970.4579439207,-0.6545930385256319
00000000-0000-0000-0000-000000000001,2024,2,6949098.83,61,113919.65295081967,396507.07,2024-02-01,4259659.89,12049450.87,13492496.69,7512430.5600000005,9933869.15,4966697.429314289,-0.07498661391953025
00000000-0000-0000-0000-000000000001,2024,3,14445948.91,98,147407.64193877552,523086.82999999996,2024-03-01,6949098.83,4259659.89,12049450.87,7804299.94,7752736.53,3956587.676605728,0.8510243098114447
00000000-0000-0000-0000-000000000001,2024,4,9315908.09,82,113608.63524390243,292211.29,2024-04-01,14445948.91,6949098.83,4259659.89,8201014.85,8551569.21,5278830.78804636,0.1359457652975717
00000000-0000-0000-0000-000000000001,2024,5,8092814.89,92,87965.37923913043,368128.6,2024-05-01,9315908.09,14445948.91,6949098.83,6843002.03,10236985.276666665,3832359.2822629935,0.1826410184478638
00000000-0000-0000-0000-000000000001,2024,6,9351747.78,87,107491.35379310344,288116.54,2024-06-01,8092814.89,9315908.09,14445948.91,12255659.13,10618223.963333333,3370845.286344703,-0.23694452654053225
00000000-0000-0000-0000-000000000001,2024,7,7196381.2667100085,51,141105.51503352958,441804.17,2024-07-01,9351747.78,8092814.89,9315908.09,6906431.72,8920156.92,716723.270724629,0.041982540111177524
00000000-0000-0000-0000-000000000001,2024,8,9659921.27,59,163727.47915254236,474348.12,2024-08-01,7196381.2667100085,9351747.78,8092814.89,3206227.81,8213647.978903337,1082751.9005679023,2.012861793498073
00000000-0000-0000-0000-000000000001,2024,9,5417854.62,60,90297.577,211696.25,2024-09-01,9659921.27,7196381.2667100085,9351747.78,6243175.33,8736016.77223667,1342237.2526470285,-0.13219566428546864
00000000-0000-0000-0000-000000000001,2024,10,11446560.76,103,111131.65786407767,299243.83,2024-10-01,5417854.62,9659921.27,7196381.2667100085,11145067.2,7424719.052236672,2130231.4367187843,0.02705174895670441
00000000-0000-0000-0000-000000000001,2024,11,13461943.76,113,119132.2456637168,523446.07,2024-11-01,11446560.76,5417854.62,9659921.27,13492496.69,8841445.55,3096570.8951662253,-0.0022644385766382356
00000000-0000-0000-0000-000000000001,2024,12,10173799.22,99,102765.64868686869,392103.01,2024-12-01,13461943.76,11446560.76,5417854.62,12049450.87,10108786.38,4185579.1405616445,-0.15566283229303698
00000000-0000-0000-0000-000000000002,2022,1,5221241.32,59,88495.61559322034,155906.99,2022-01-01,,,,,,,
00000000-0000-0000-0000-000000000002,2022,2,6351363.48,44,144349.17,289750.01999999996,2022-02-01,5221241.32,,,,5221241.32,,
00000000-0000-0000-0000-000000000002,2022,3,6688524.29,46,145402.70195652175,270257.29000000004,2022-03-01,6351363.48,5221241.32,,,5786302.4,799117.0429051885,
00000000-0000-0000-0000-000000000002,2022,4,5790671.42,60,96511.19033333333,179129.81,2022-04-01,6688524.29,6351363.48,5221241.32,,6087043.03,768523.78214936,
00000000-0000-0000-0000-000000000002,2022,5,13679389.19,83,164811.91795180723,622718.3,2022-05-01,5790671.42,6688524.29,6351363.48,,6276853.0633333335,453540.2911381629,
00000000-0000-0000-0000-000000000002,2022,6,6974848.83,65,107305.36661538461,265796.2,2022-06-01,13679389.19,5790671.42,6688524.29,,8719528.299999999,4318761.394214259,
00000000-0000-0000-0000-000000000002,2022,7,7023214.37,44,159618.50840909092,423266.13,2022-07-01,6974848.83,13679389.19,5790671.42,,8814969.813333333,4254115.764604457,
00000000-0000-0000-0000-000000000002,2022,8,4091420.65,68,60167.950735294115,138771.09,2022-08-01,7023214.37,6974848.83,13679389.19,,9225817.463333333,3856982.0650073546,
00000000-0000-0000-0000-000000000002,2022,9,5389616.73,48,112283.68187500001,154905.71,2022-09-01,4091420.65,7023214.37,6974848.83,,6029827.95,1678884.1389103795,
00000000-0000-0000-0000-000000000002,2022,10,10494720.790000001,94,111645.96585106384,529556.77,2022-10-01,5389616.73,4091420.65,7023214.37,,5501417.25,1469090.9166426938,
00000000-0000-0000-0000-000000000002,2022,11,11360047.42,93,122151.04752688172,339897.35,2022-11-01,10494720.790000001,5389616.73,4091420.65,,6658586.056666668,3385007.4645038308,
00000000-0000-0000-0000-000000000002,2022,12,10907494.18,99,110176.70888888888,674498.7300000001,2022-12-01,11360047.42,10494720.790000001,5389616.73,,9081461.646666666,3226373.6161029027,
00000000-0000-0000-0000-000000000002,2023,1,5531775.78,62,89222.19,186620.84,2023-01-01,10907494.18,11360047.42,10494720.790000001,5221241.32,10920754.13,432815.681153404,0.05947521690110273
00000000-0000-0000-0000-000000000002,2023,2,9622919.540000001,65,148044.91600000003,534539.68,2023-02-01,5531775.78,10907494.18,11360047.42,6351363.48,9266439.126666667,3242218.969079698,0.515095076876312
00000000-0000-0000-0000-000000000002,2023,3,7417841.82,62,119642.61,316157.42,2023-03-01,9622919.540000001,5531775.78,10907494.18,6688524.29,8687396.5,2807310.028800305,0.10904012580030568
00000000-0000-0000-0000-000000000002,2023,4,8246730.32,82,100569.88195121952,350596.05,2023-04-01,7417841.82,9622919.540000001,5531775.78,5790671.42,7524179.046666667,2047643.7728711753,0.4241406085514001
00000000-0000-0000-0000-000000000002,2023,5,8052053.18,69,116696.42289855072,222423.52,2023-05-01,8246730.32,7417841.82,9622919.540000001,13679389.19,8429163.893333333,1113801.3486791418,-0.4113733392506833
00000000-0000-0000-0000-000000000002,2023,6,11143897.94,80,139298.72425,446353.4,2023-06-01,8052053.18,8246730.32,7417841.82,6974848.83,7905541.773333333,433431.9214947636,0.5977260886383969
00000000-0000-0000-0000-000000000002,2023,7,3615774.02,51,70897.52980392157,193299.52,2023-07-01,11143897.94,8052053.18,8246730.32,7023214.37,9147560.479999999,1731616.9431658618,-0.4851682108060159
00000000-0000-0000-0000-000000000002,2023,8,3175028.25,50,63500.565,128079.95999999999,2023-08-01,3615774.02,11143897.94,8052053.18,4091420.65,7603908.38,3784017.410113796,-0.22397902303201211
00000000-0000-0000-0000-000000000002,2023,9,5269924.12,46,114563.56782608696,196153.2,2023-09-01,3175028.25,3615774.02,11143897.94,5389616.73,5978233.403333333,4479021.297948354,-0.022208000308029385
00000000-0000-0000-0000-000000000002,2023,10,10994981.209999999,100,109949.8121,633106.22,2023-10-01,5269924.12,3175028.25,3615774.02,10494720.790000001,4020242.1300000004,1104465.0359069707,0.04766781603915334
00000000-0000-0000-0000-000000000002,2023,11,8291387.56,97,85478.22226804124,315815.42,2023-11-01,10994981.209999999,5269924.12,3175028.25,11360047.42,6479977.859999999,4047973.395962376,-0.2701273812112309
00000000-0000-0000-0000-000000000002,2023,12,12574927.49,94,133775.82436170214,445956.94,2023-12-01,8291387.56,10994981.209999999,5269924.12,10907494.18,8185430.963333334,2863998.912573589,0.15287042857720787
00000000-0000-0000-0000-000000000002,2024,1,7111101.930000001,91,78143.97725274727,264740.28,2024-01-01,12574927.49,8291387.56,10994981.209999999,5531775.78,10620432.086666666,2166193.404873726,0.2855007528884333
00000000-0000-0000-0000-000000000002,2024,2,8531705.58,69,123647.90695652174,414757.68,2024-02-01,7111101.930000001,12574927.49,8291387.56,9622919.540000001,9325805.659999998,2875041.398264211,-0.11339738999833732
00000000-0000-0000-0000-000000000002,2024,3,4437720.68,62,71576.14,98698.89,2024-03-01,8531705.58,7111101.930000001,12574927.49,7417841.82,9405911.666666666,2834876.4786143876,-0.40175042988447013
00000000-0000-0000-0000-000000000002,2024,4,7641900.88,92,83064.14,404895.3,2024-04-01,4437720.68,8531705.58,7111101.930000001,8246730.32,6693509.396666667,2078693.2754205994,-0.07334172654259906
00000000-0000-0000-0000-000000000002,2024,5,8398648.99,101,83154.94049504951,304498.02,2024-05-01,7641900.88,4437720.68,8531705.58,8052053.18,6870442.38,2153262.4673443073,0.043044401502574346
00000000-0000-0000-0000-000000000002,2024,6,11246557.54,106,106099.59943396226,512657.8,2024-06-01,8398648.99,7641900.88,4437720.68,11143897.94,6826090.183333334,2102712.19828979,0.009212180563096545
00000000-0000-0000-0000-000000000002,2024,7,7317481.8,53,138065.69433962263,348558.79,2024-07-01,11246557.54,8398648.99,7641900.88,3615774.02,9095702.47,1900736.718908135,1.0237663525222187
00000000-0000-0000-0000-000000000002,2024,8,4927852.36,70,70397.89085714286,151581.38999999998,2024-08-01,7317481.8,11246557.54,8398648.99,3175028.25,8987562.776666667,2029660.963993416,0.5520656737463676
00000000-0000-0000-0000-000000000002,2024,9,6657538.7299999995,54,123287.75425925925,321125.42,2024-09-01,4927852.36,7317481.8,11246557.54,5269924.12,7830630.566666666,3190454.517852957,0.2633082713152992
00000000-0000-0000-0000-000000000002,2024,10,8998254.2,120,74985.45166666666,476759.54,2024-10-01,6657538.7299999995,4927852.36,7317481.8,10994981.209999999,6300957.63,1234076.4870082375,-0.18160349452748178
00000000-0000-0000-0000-000000000002,2024,11,12634693.48,101,125095.97504950495,355729.26,2024-11-01,8998254.2,6657538.7299999995,4927852.36,8291387.56,6861215.096666667,2042830.348198976,0.523833422158836
00000000-0000-0000-0000-000000000002,2024,12,12841530.16,116,110702.84620689656,448503.46,2024-12-01,12634693.48,8998254.2,6657538.7299999995,12574927.49,9430162.136666667,3011893.602981125,0.02120112980468565
00000000-0000-0000-0000-000000000003,2022,1,7027310.36,56,125487.68500000001,484227.73,2022-01-01,,,,,,,
00000000-0000-0000-0000-000000000003,2022,2,5585864.83,43,129903.83325581395,195116.18,2022-02-01,7027310.36,,,,7027310.36,,
00000000-0000-0000-0000-000000000003,2022,3,4201437.05,49,85743.61326530612,85691.76,2022-03-01,5585864.83,7027310.36,,,6306587.595000001,1019255.9089740375,
00000000-0000-0000-0000-000000000003,2022,4,6020731.036710009,66,91223.19752590923,244441.88,2022-04-01,4201437.05,5585864.83,7027310.36,,5604870.746666667,1413032.5225180932,
00000000-0000-0000-0000-000000000003,2022,5,4801255.5200000005,63,76210.40507936508,217446.16,2022-05-01,6020731.036710009,4201437.05,5585864.83,,5269344.305570004,950050.83248681,
00000000-0000-0000-0000-000000000003,2022,6,5774990.42,85,67941.06376470588,332701.77,2022-06-01,4801255.5200000005,6020731.036710009,4201437.05,,5007807.868903336,927068.2591632155,
00000000-0000-0000-0000-000000000003,2022,7,3094158.4299999997,43,71957.17279069767,101023.26,2022-07-01,5774990.42,4801255.5200000005,6020731.036710009,,5532325.658903337,644937.8060498246,
00000000-0000-0000-0000-000000000003,2022,8,7391333.56,45,164251.85688888887,394294.76999999996,2022-08-01,3094158.4299999997,5774990.42,4801255.5200000005,,4556801.456666667,1357031.0908236313,
00000000-0000-0000-0000-000000000003,2022,9,4871049.92,49,99409.18204081632,298171.63,2022-09-01,7391333.56,3094158.4299999997,5774990.42,,5420160.803333334,2170450.775097304,
00000000-0000-0000-0000-000000000003,2022,10,9870759.95,91,108469.88956043955,403023.24,2022-10-01,4871049.92,7391333.56,3094158.4299999997,,5118847.303333333,2159277.930666352,
00000000-0000-0000-0000-000000000003,2022,11,11172005.870000001,92,121434.84641304349,219066.72,2022-11-01,9870759.95,4871049.92,7391333.56,,7377714.476666667,2499882.838373386,
00000000-0000-0000-0000-000000000003,2022,12,8624862.45,84,102676.93392857142,469886.73,2022-12-01,11172005.870000001,9870759.95,4871049.92,,8637938.58,3326469.27968779,
00000000-0000-0000-0000-000000000003,2023,1,4154168.32,56,74181.57714285715,150274.37,2023-01-01,8624862.45,11172005.870000001,9870759.95,7027310.36,9889209.423333332,1273671.9309979437,-0.40885372821359217
00000000-0000-0000-0000-000000000003,2023,2,4498846.72,54,83311.97629629628,174523.3,2023-02-01,4154168.32,8624862.45,11172005.870000001,5585864.83,7983678.88,3552583.3202580847,-0.19460157792611682
00000000-0000-0000-0000-000000000003,2023,3,7917512.07,68,116434.00102941177,306968.31,2023-03-01,4498846.72,4154168.32,8624862.45,4201437.05,5759292.496666666,2487633.246268777,0.8844771386018982
00000000-0000-0000-0000-000000000003,2023,4,14381540.06,100,143815.4006,419639.33,2023-04-01,7917512.07,4498846.72,4154168.32,6020731.036710009,5523509.036666666,2080417.9129596862,1.3886700754961316
00000000-0000-0000-0000-000000000003,2023,5,7881372.5,86,91643.86627906977,470973.2,2023-05-01,14381540.06,7917512.07,4498846.72,4801255.5200000005,8932632.950000001,5018940.098654204,0.641523236405464
00000000-0000-0000-0000-000000000003,2023,6,6537542.37,71,92078.06154929577,191127.13,2023-06-01,7881372.5,14381540.06,7917512.07,5774990.42,10060141.543333335,3742484.518607472,0.13204384674979255
00000000-0000-0000-0000-000000000003,2023,7,6553198.63,47,139429.75808510638,143292.15,2023-07-01,6537542.37,7881372.5,14381540.06,3094158.4299999997,9600151.643333333,4194964.39172606,1.1179260138919263
00000000-0000-0000-0000-000000000003,2023,8,8773230.01671001,52,168715.96185980787,449510.18,2023-08-01,6553198.63,6537542.37,7881372.5,7391333.56,6990704.5,771380.8360902502,0.18696172287345802
00000000-0000-0000-0000-000000000003,2023,9,5289006.57,57,92789.58894736842,252813.46000000002,2023-09-01,8773230.01671001,6553198.63,6537542.37,4871049.92,7287990.338903337,1286279.1124082468,0.08580422226508415
00000000-0000-0000-0000-000000000003,2023,10,10248096.72,108,94889.78444444445,443925.21,2023-10-01,5289006.57,8773230.01671001,6553198.63,9870759.95,6871811.738903336,1763827.9370518904,0.03822773240473763
00000000-0000-0000-0000-000000000003,2023,11,9981275.04,114,87555.0442105263,322730.48,2023-11-01,10248096.72,5289006.57,8773230.01671001,11172005.870000001,8103444.435570004,2546488.4296780243,-0.10658165094573137
00000000-0000-0000-0000-000000000003,2023,12,8168215.33,105,77792.52695238095,432295.75,2023-12-01,9981275.04,10248096.72,5289006.57,8624862.45,8506126.11,2789299.563190886,-0.052945437987825444
00000000-0000-0000-0000-000000000003,2024,1,8424282.28,57,147794.42596491228,196051.78,2024-01-01,8168215.33,9981275.04,10248096.72,4154168.32,9465862.363333333,1131686.4934992425,1.0279106745486901
00000000-0000-0000-0000-000000000003,2024,2,8430545.54,58,145354.23344827586,239213.29,2024-02-01,8424282.28,8168215.33,9981275.04,4498846.72,8857924.216666667,981239.2037282941,0.8739348247899408
00000000-0000-0000-0000-000000000003,2024,3,9029883.129999999,79,114302.3181012658,267461.58,2024-03-01,8430545.54,8424282.28,8168215.33,7917512.07,8341014.383333333,149681.13351765575,0.1404950254783759
00000000-0000-0000-0000-000000000003,2024,4,11091084.57,86,128966.09965116279,415699.88,2024-04-01,9029883.129999999,8430545.54,8424282.28,14381540.06,8628236.983333332,347849.86338303296,-0.22879715776420123
00000000-0000-0000-0000-000000000003,2024,5,9764503.53,74,131952.7504054054,361547.76,2024-05-01,11091084.57,9029883.129999999,8430545.54,7881372.5,9517171.08,1395601.7133121255,0.23893440260563745
00000000-0000-0000-0000-000000000003,2024,6,14654648.85,97,151078.85412371132,628193.08,2024-06-01,9764503.53,11091084.57,9029883.129999999,6537542.37,9961823.743333332,1044671.8594884011,1.2416143591280464
00000000-0000-0000-0000-000000000003,2024,7,4040147.03,55,73457.21872727272,187274.93,2024-07-01,14654648.85,9764503.53,11091084.57,6553198.63,11836745.65,2528910.466455771,-0.3834847288918511
00000000-0000-0000-0000-000000000003,2024,8,5608691.7299999995,58,96701.58155172413,205336.7,2024-08-01,4040147.03,14654648.85,9764503.53,8773230.01671001,9486433.136666667,5312711.603261771,-0.36070390046569445
00000000-0000-0000-0000-000000000003,2024,9,6480196.81,64,101253.07515625,234994.88,2024-09-01,5608691.7299999995,4040147.03,14654648.85,5289006.57,8101162.536666666,5729417.0962899905,0.2252200340904472
00000000-0000-0000-0000-000000000003,2024,10,12426853.926710008,114,109007.4905851755,317043.66,2024-10-01,6480196.81,5608691.7299999995,4040147.03,10248096.72,5376345.19,1236506.942239719,0.21260115573050592
00000000-0000-0000-0000-000000000003,2024,11,11692976.65,120,97441.47208333334,300227.02999999997,2024-11-01,12426853.926710008,6480196.81,5608691.7299999995,9981275.04,8171914.155570003,3710561.226841323,0.17149127773158743
00000000-0000-0000-0000-000000000003,2024,12,12411208.459999999,123,100904.13382113821,565982.96,2024-12-01,11692976.65,12426853.926710008,6480196.81,8168215.33,10200009.128903335,3242282.6419386375,0.5194516743965415
