id,company_id,category_id,name,sku,cost_price,selling_price,unit,is_active,created_at
0a68f0c4-0046-4bd7-9c1f-c4d3bae18657,00000000-0000-0000-0000-000000000001,fca02bd9-e256-41f6-8bfc-69e4bd8dfd54,Laptop Pro 15,ELE-0001,40461.17,80130.02,roll,True,2021-09-01T09:00:00
40dc5713-9c2f-4c64-bbcf-1239b8daddf2,00000000-0000-0000-0000-000000000001,fca02bd9-e256-41f6-8bfc-69e4bd8dfd54,Wireless Earbuds,ELE-0002,2435.65,4952.94,pcs,True,2021-09-01T09:00:00
6cab6d05-199b-4733-801f-a41bf2896231,00000000-0000-0000-0000-000000000001,fca02bd9-e256-41f6-8bfc-69e4bd8dfd54,USB-C Hub 7-in-1,ELE-0003,1129.16,2522.33,box,True,2021-09-01T09:00:00
3733a235-b260-45f7-8a10-d6d44934cd5f,00000000-0000-0000-0000-000000000001,fca02bd9-e256-41f6-8bfc-69e4bd8dfd54,Mechanical Keyboard,ELE-0004,3983.1,6461.01,pcs,True,2021-09-01T09:00:00
93726e07-a1a3-453e-a4ef-1200f61b4344,00000000-0000-0000-0000-000000000001,fca02bd9-e256-41f6-8bfc-69e4bd8dfd54,Webcam 4K,ELE-0005,4166.57,6523.99,pcs,True,2021-09-01T09:00:00
167fb0c2-f440-4584-b3b3-e42fb4d5fbc2,00000000-0000-0000-0000-000000000001,50dcb607-9635-4b19-9595-dba5794f453a,Mens Polo Shirt,CLO-0006,425.23,915.09,pcs,True,2021-09-01T09:00:00
c22051fb-624e-4485-ab9d-c543f257b80e,00000000-0000-0000-0000-000000000001,50dcb607-9635-4b19-9595-dba5794f453a,Womens Kurta,CLO-0007,659.81,1124.21,set,True,2021-09-01T09:00:00
3ccf62ed-4118-4f50-a69b-a839d02609f4,00000000-0000-0000-0000-000000000001,50dcb607-9635-4b19-9595-dba5794f453a,Denim Jeans,CLO-0008,878.3,1760.6,litre,True,2021-09-01T09:00:00
aeafadbc-61a0-4dcb-bfac-8056a9cb79ff,00000000-0000-0000-0000-000000000001,50dcb607-9635-4b19-9595-dba5794f453a,Sports Joggers,CLO-0009,750.37,1284.3,pcs,True,2021-09-01T09:00:00
2606eebf-6b75-4fc3-89b1-7f7728fa7dce,00000000-0000-0000-0000-000000000001,50dcb607-9635-4b19-9595-dba5794f453a,Winter Jacket,CLO-0010,1880.1,4168.67,set,True,2021-09-01T09:00:00
38b11d32-c043-40ef-b693-ab2a60ae5318,00000000-0000-0000-0000-000000000001,bcf69716-1a92-4779-9d47-d4ef5aa06389,Microwave 20L,HOM-0011,5248.87,8426.76,pcs,True,2021-09-01T09:00:00
46f75803-1997-463e-a25a-5b9d15009687,00000000-0000-0000-0000-000000000001,bcf69716-1a92-4779-9d47-d4ef5aa06389,Air Purifier,HOM-0012,8450.82,12927.95,pcs,True,2021-09-01T09:00:00
f98ee275-ada0-4dcc-950f-4a26864725bc,00000000-0000-0000-0000-000000000001,bcf69716-1a92-4779-9d47-d4ef5aa06389,Electric Kettle,HOM-0013,798.33,1711.78,box,True,2021-09-01T09:00:00
9f167431-4fc2-4c8d-b06b-e39ea235151f,00000000-0000-0000-0000-000000000001,bcf69716-1a92-4779-9d47-d4ef5aa06389,Ceiling Fan 5-blade,HOM-0014,1529.51,3109.41,set,False,2021-09-01T09:00:00
613f6443-6cf9-485d-8895-6d88c4313bc9,00000000-0000-0000-0000-000000000001,bcf69716-1a92-4779-9d47-d4ef5aa06389,Water Purifier RO,HOM-0015,9859.36,15391.37,pcs,True,2021-09-01T09:00:00
5a793d9e-2e0f-4408-91a2-ec4759f3124f,00000000-0000-0000-0000-000000000001,aee057b8-9b4e-44e5-97a6-6996e5d66eb2,Office Chair Ergonomic,FUR-0016,5393.13,9543.08,box,True,2021-09-01T09:00:00
20fceb67-8e83-4614-88dc-e8dd306d36b4,00000000-0000-0000-0000-000000000001,aee057b8-9b4e-44e5-97a6-6996e5d66eb2,Standing Desk 140cm,FUR-0017,12695.82,21058.74,pcs,True,2021-09-01T09:00:00
4873c777-18c0-46e1-8995-0ad81b840c91,00000000-0000-0000-0000-000000000001,aee057b8-9b4e-44e5-97a6-6996e5d66eb2,Bookshelf 5-tier,FUR-0018,3903.42,8427.24,box,True,2021-09-01T09:00:00
437d7316-d30f-49da-b174-1510f133a8ae,00000000-0000-0000-0000-000000000001,aee057b8-9b4e-44e5-97a6-6996e5d66eb2,Sofa 3-seater,FUR-0019,23437.48,46875.78,pcs,True,2021-09-01T09:00:00
6b3e9a6d-fc0d-4ed4-9f29-ebe9ba4a5d21,00000000-0000-0000-0000-000000000001,aee057b8-9b4e-44e5-97a6-6996e5d66eb2,Dining Table Set,FUR-0020,19438.79,28959.18,pcs,True,2021-09-01T09:00:00
65185463-9721-480d-87cf-d5fe9d651caf,00000000-0000-0000-0000-000000000001,d2de49c0-a1b5-44d0-b1a1-2567acd96a6f,A4 Paper Ream,STA-0021,180.03,359.78,box,True,2021-09-01T09:00:00
35b4790f-35a5-4620-b0a3-99a3af200f08,00000000-0000-0000-0000-000000000001,d2de49c0-a1b5-44d0-b1a1-2567acd96a6f,Whiteboard Marker Set,STA-0022,126.66,235.08,box,True,2021-09-01T09:00:00
4bb586c3-cd53-40a5-b0a5-56f41ca4da8c,00000000-0000-0000-0000-000000000001,d2de49c0-a1b5-44d0-b1a1-2567acd96a6f,Stapler Heavy Duty,STA-0023,358.4,713.05,pcs,True,2021-09-01T09:00:00
f56c4221-4aa1-46d0-b124-8d9820a24955,00000000-0000-0000-0000-000000000001,d2de49c0-a1b5-44d0-b1a1-2567acd96a6f,File Cabinet A4,STA-0024,840.98,1842.19,roll,True,2021-09-01T09:00:00
62f59711-d345-4776-ba1c-9f705b40eefa,00000000-0000-0000-0000-000000000001,d2de49c0-a1b5-44d0-b1a1-2567acd96a6f,Notebook B5 Pack,STA-0025,202.18,308.25,pcs,True,2021-09-01T09:00:00
abb65833-1f15-4937-83e0-5ef31b34e28e,00000000-0000-0000-0000-000000000001,4fbcbd9b-8687-4ba6-a2b2-a60017ef7fae,Green Tea 100g,FOO-0026,164.92,304.79,pcs,True,2021-09-01T09:00:00
2510e254-29c7-413a-8930-064acc23e0c5,00000000-0000-0000-0000-000000000001,4fbcbd9b-8687-4ba6-a2b2-a60017ef7fae,Instant Coffee 200g,FOO-0027,247.46,371.69,pcs,False,2021-09-01T09:00:00
ca8a5f29-d81b-4644-84cd-5891e212a59b,00000000-0000-0000-0000-000000000001,4fbcbd9b-8687-4ba6-a2b2-a60017ef7fae,Mixed Nuts 500g,FOO-0028,477.05,849.12,box,True,2021-09-01T09:00:00
95d1ea10-3387-487c-b9e0-a8e01e78b892,00000000-0000-0000-0000-000000000001,4fbcbd9b-8687-4ba6-a2b2-a60017ef7fae,Protein Bar Box,FOO-0029,589.55,1260.9,box,True,2021-09-01T09:00:00
451edece-298d-4392-84a9-ab8704039fc1,00000000-0000-0000-0000-000000000001,4fbcbd9b-8687-4ba6-a2b2-a60017ef7fae,Mineral Water 12pk,FOO-0030,169.45,364.93,pcs,True,2021-09-01T09:00:00
2b8992f9-b556-4667-844e-ec478a0135db,00000000-0000-0000-0000-000000000001,388277d9-01ef-48ba-8bcd-7660faa2da92,Vitamin C Tablets,PHA-0031,88.56,142.83,kg,True,2021-09-01T09:00:00
9a9249df-4eaf-416a-b512-8b1b80578f21,00000000-0000-0000-0000-000000000001,388277d9-01ef-48ba-8bcd-7660faa2da92,Paracetamol Strip,PHA-0032,18.26,51.49,roll,True,2021-09-01T09:00:00
d05afd37-e653-4cc8-b1b5-698c041ab977,00000000-0000-0000-0000-000000000001,388277d9-01ef-48ba-8bcd-7660faa2da92,Hand Sanitizer 500ml,PHA-0033,97.67,157.2,set,True,2021-09-01T09:00:00
6ee3aef9-d63c-4ecf-87d6-e76c2a6a268d,00000000-0000-0000-0000-000000000001,388277d9-01ef-48ba-8bcd-7660faa2da92,Digital Thermometer,PHA-0034,301.96,599.99,pcs,True,2021-09-01T09:00:00
abd209ce-eda3-4b78-bcf8-deaf81c37c39,00000000-0000-0000-0000-000000000001,388277d9-01ef-48ba-8bcd-7660faa2da92,Blood Glucose Monitor,PHA-0035,2020.61,2761.55,litre,True,2021-09-01T09:00:00
aeccf1b7-3de3-4aae-8d4b-ffe77f212bfb,00000000-0000-0000-0000-000000000001,68cb66c3-09a4-4957-94a1-ef2b42961cdf,Engine Oil 5L,AUT-0036,968.73,1844.01,kg,True,2021-09-01T09:00:00
17bc0382-26c5-4a90-8bdb-59f7d3f963d2,00000000-0000-0000-0000-000000000001,68cb66c3-09a4-4957-94a1-ef2b42961cdf,Brake Pads Set,AUT-0037,546.0,1261.42,pcs,True,2021-09-01T09:00:00
45e95b25-0053-4fe3-a4ea-c13ccf3e2124,00000000-0000-0000-0000-000000000001,68cb66c3-09a4-4957-94a1-ef2b42961cdf,Car Battery 65Ah,AUT-0038,4966.91,9060.43,box,True,2021-09-01T09:00:00
d4eb0c40-3b3d-4e1f-a672-353879b98b3f,00000000-0000-0000-0000-000000000001,68cb66c3-09a4-4957-94a1-ef2b42961cdf,Wiper Blades Pair,AUT-0039,331.96,628.86,kg,True,2021-09-01T09:00:00
23554f24-8ab0-477e-97f2-40f9e2e9d2ee,00000000-0000-0000-0000-000000000001,68cb66c3-09a4-4957-94a1-ef2b42961cdf,Air Filter,AUT-0040,217.63,547.94,pcs,True,2021-09-01T09:00:00
6d425cbb-5231-4e6b-ae67-f4894bb3111c,00000000-0000-0000-0000-000000000001,ac6dc2ad-bbf0-419b-96a9-e910c07a409b,LEGO City Set,TOY-0041,1277.69,2734.27,pcs,True,2021-09-01T09:00:00
3291ceba-979e-49e9-bedb-4255e6ed5105,00000000-0000-0000-0000-000000000001,ac6dc2ad-bbf0-419b-96a9-e910c07a409b,Remote Control Car,TOY-0042,808.91,1827.32,pcs,False,2021-09-01T09:00:00
17d20f21-9726-4c5a-91bb-09c90a37808f,00000000-0000-0000-0000-000000000001,ac6dc2ad-bbf0-419b-96a9-e910c07a409b,Board Game Family,TOY-0043,675.69,1326.47,set,True,2021-09-01T09:00:00
68adf499-c0ed-430f-8ee8-66b9d08b1175,00000000-0000-0000-0000-000000000001,ac6dc2ad-bbf0-419b-96a9-e910c07a409b,Puzzle 1000 pieces,TOY-0044,359.38,687.33,pcs,True,2021-09-01T09:00:00
223c7f1a-cdf4-4b0c-ba22-3f681d472a04,00000000-0000-0000-0000-000000000001,ac6dc2ad-bbf0-419b-96a9-e910c07a409b,Action Figure Set,TOY-0045,382.58,771.11,kg,True,2021-09-01T09:00:00
0b81ca2c-e22b-4b02-955e-9b6498730fe8,00000000-0000-0000-0000-000000000001,1731c294-6f91-48fe-a9d0-15d64ae20ed7,Yoga Mat 6mm,SPO-0046,486.14,1078.42,box,True,2021-09-01T09:00:00
4d482624-14a0-462d-a1a3-d37eef1c23f1,00000000-0000-0000-0000-000000000001,1731c294-6f91-48fe-a9d0-15d64ae20ed7,Dumbbell Pair 5kg,SPO-0047,706.48,1425.24,box,True,2021-09-01T09:00:00
927a9643-e61f-4abf-af7f-7c538958dab2,00000000-0000-0000-0000-000000000001,1731c294-6f91-48fe-a9d0-15d64ae20ed7,Resistance Band Set,SPO-0048,305.14,517.31,box,True,2021-09-01T09:00:00
b53dabc8-da24-4aef-92af-c502ae7d9275,00000000-0000-0000-0000-000000000001,1731c294-6f91-48fe-a9d0-15d64ae20ed7,Jump Rope Speed,SPO-0049,193.09,394.83,litre,True,2021-09-01T09:00:00
44d57250-3035-4464-8b48-ce4d2ea55d0e,00000000-0000-0000-0000-000000000001,1731c294-6f91-48fe-a9d0-15d64ae20ed7,Gym Gloves,SPO-0050,385.81,642.43,roll,True,2021-09-01T09:00:00
6d3d8f6e-12ca-4780-a42d-ca47215411e7,00000000-0000-0000-0000-000000000001,c126f111-f910-454a-b772-8d5187690e81,Shampoo 400ml,BEA-0051,221.32,362.65,pcs,True,2021-09-01T09:00:00
e726516f-6d38-492e-bf70-30b475b7822b,00000000-0000-0000-0000-000000000001,c126f111-f910-454a-b772-8d5187690e81,Face Serum 30ml,BEA-0052,654.44,1358.07,box,True,2021-09-01T09:00:00
0cf8bc81-3e95-427a-9595-17c5eca46d07,00000000-0000-0000-0000-000000000001,c126f111-f910-454a-b772-8d5187690e81,Sunscreen SPF50,BEA-0053,402.37,698.25,pcs,True,2021-09-01T09:00:00
2defa1c3-d5dd-466a-8ac5-9d631e118409,00000000-0000-0000-0000-000000000001,c126f111-f910-454a-b772-8d5187690e81,Electric Toothbrush,BEA-0054,1208.16,2527.09,pcs,True,2021-09-01T09:00:00
9fad937c-bba8-47c5-82de-3ebdfe76cc0d,00000000-0000-0000-0000-000000000001,c126f111-f910-454a-b772-8d5187690e81,Perfume 50ml EDP,BEA-0055,1455.28,3081.5,pcs,True,2021-09-01T09:00:00
daf54a69-f33b-4f46-b115-7c013ff617f2,00000000-0000-0000-0000-000000000001,63f85eb1-0afc-4933-abd5-0967b7e29b74,Python Data Science,BOO-0056,502.98,810.56,box,False,2021-09-01T09:00:00
2eb29e57-c097-4dc3-9d1c-6584cb47647d,00000000-0000-0000-0000-000000000001,63f85eb1-0afc-4933-abd5-0967b7e29b74,Business Strategy,BOO-0057,361.6,771.37,roll,True,2021-09-01T09:00:00
30d7276f-364f-4360-ac7e-3f10f5f66222,00000000-0000-0000-0000-000000000001,63f85eb1-0afc-4933-abd5-0967b7e29b74,Machine Learning A-Z,BOO-0058,572.75,1067.56,litre,True,2021-09-01T09:00:00
85c1e8e5-6d70-462f-a4fb-60888d1e0b4d,00000000-0000-0000-0000-000000000001,63f85eb1-0afc-4933-abd5-0967b7e29b74,Financial Modeling,BOO-0059,518.3,976.69,roll,True,2021-09-01T09:00:00
e65e182e-8956-4759-86ae-bd82ac92d30b,00000000-0000-0000-0000-000000000001,63f85eb1-0afc-4933-abd5-0967b7e29b74,Management Accounting,BOO-0060,441.0,942.08,set,True,2021-09-01T09:00:00
55286215-853a-4600-9247-207fcb9a919f,00000000-0000-0000-0000-000000000001,c18c21c0-f8a6-43d7-9e5d-1c012fb85fa0,Cordless Drill 18V,HAR-0061,3129.74,6411.54,pcs,True,2021-09-01T09:00:00
96234a43-181f-4a91-8bfa-4e50782f0bb2,00000000-0000-0000-0000-000000000001,c18c21c0-f8a6-43d7-9e5d-1c012fb85fa0,Angle Grinder 115mm,HAR-0062,1998.36,3946.34,pcs,True,2021-09-01T09:00:00
64a2b7bd-a93d-473e-b30e-1716e2d0677a,00000000-0000-0000-0000-000000000001,c18c21c0-f8a6-43d7-9e5d-1c012fb85fa0,Measuring Tape 10m,HAR-0063,214.27,439.64,set,True,2021-09-01T09:00:00
e2803781-b7dd-42dd-8886-01955dc4bf3a,00000000-0000-0000-0000-000000000001,c18c21c0-f8a6-43d7-9e5d-1c012fb85fa0,Socket Wrench Set,HAR-0064,1369.95,2315.5,box,True,2021-09-01T09:00:00
c0c5bab9-e34d-4587-b949-2136a4132600,00000000-0000-0000-0000-000000000001,c18c21c0-f8a6-43d7-9e5d-1c012fb85fa0,Safety Goggles,HAR-0065,155.49,263.67,pcs,True,2021-09-01T09:00:00
e5d3c72d-3d83-493b-8dfd-4540d5d9811d,00000000-0000-0000-0000-000000000001,30ed3c03-4aec-41b9-ad0b-366efab1f06d,Bubble Wrap Roll 50m,PAC-0066,352.09,678.41,set,True,2021-09-01T09:00:00
ab85583e-7941-4515-9e42-d6f584bf9655,00000000-0000-0000-0000-000000000001,30ed3c03-4aec-41b9-ad0b-366efab1f06d,Cardboard Box 40x30,PAC-0067,15.73,29.91,litre,True,2021-09-01T09:00:00
56bf461e-bcf9-4686-bc39-3981b7a25916,00000000-0000-0000-0000-000000000001,30ed3c03-4aec-41b9-ad0b-366efab1f06d,Stretch Wrap 500m,PAC-0068,306.0,556.69,pcs,False,2021-09-01T09:00:00
c60b7484-6afe-4af4-8ee3-2415ae29ef8f,00000000-0000-0000-0000-000000000001,30ed3c03-4aec-41b9-ad0b-366efab1f06d,Packing Tape 12pk,PAC-0069,154.71,352.48,pcs,True,2021-09-01T09:00:00
cd2baffd-7a49-4d4b-814f-10213646716c,00000000-0000-0000-0000-000000000001,30ed3c03-4aec-41b9-ad0b-366efab1f06d,Foam Sheets 5mm,PAC-0070,75.55,154.06,set,True,2021-09-01T09:00:00
9732d3ea-4429-460e-aba3-60137c8fe47a,00000000-0000-0000-0000-000000000001,4649b934-e5b5-462e-b356-655ab601bd37,Steel Rod 12mm 6m,RAW-0071,722.45,1466.95,litre,True,2021-09-01T09:00:00
374db197-cf73-48e6-b713-f9f48456b58b,00000000-0000-0000-0000-000000000001,4649b934-e5b5-462e-b356-655ab601bd37,Copper Wire 1.5mm 100m,RAW-0072,1079.09,2056.33,litre,True,2021-09-01T09:00:00
8c9fb99e-40cd-4fe2-a980-02ec36269a99,00000000-0000-0000-0000-000000000001,4649b934-e5b5-462e-b356-655ab601bd37,Aluminium Sheet 1mx2m,RAW-0073,1494.35,2383.6,set,True,2021-09-01T09:00:00
924ff049-28ae-46f8-a62f-9038e512c2c9,00000000-0000-0000-0000-000000000001,4649b934-e5b5-462e-b356-655ab601bd37,PVC Pipe 110mm 3m,RAW-0074,190.01,347.37,set,True,2021-09-01T09:00:00
90944231-c618-4ba0-8126-57f7a3e5ddb1,00000000-0000-0000-0000-000000000001,4649b934-e5b5-462e-b356-655ab601bd37,Epoxy Resin 1kg,RAW-0075,538.14,953.39,litre,True,2021-09-01T09:00:00
e1273ab0-7e90-4cbe-ab27-01dc4adf8162,00000000-0000-0000-0000-000000000001,214489d1-6219-49d2-be97-e940c1d2194a,Caustic Soda 25kg,CHE-0076,1027.14,1656.13,box,True,2021-09-01T09:00:00
71f624c0-faf1-4a0e-b0ca-b1ecab4e3833,00000000-0000-0000-0000-000000000001,214489d1-6219-49d2-be97-e940c1d2194a,Hydrogen Peroxide 5L,CHE-0077,374.13,651.32,pcs,True,2021-09-01T09:00:00
4230d32a-2387-4fc6-b9b4-6443fd220cdf,00000000-0000-0000-0000-000000000001,214489d1-6219-49d2-be97-e940c1d2194a,Acetone 5L,CHE-0078,527.96,1092.87,pcs,True,2021-09-01T09:00:00
f61f786d-bfbe-4302-9524-3043687e61d5,00000000-0000-0000-0000-000000000001,214489d1-6219-49d2-be97-e940c1d2194a,Isopropanol 5L,CHE-0079,498.02,867.75,roll,True,2021-09-01T09:00:00
58f743f3-4320-4cea-a592-1c4e32c5a48e,00000000-0000-0000-0000-000000000001,214489d1-6219-49d2-be97-e940c1d2194a,Sodium Carbonate 50kg,CHE-0080,670.05,1242.0,kg,True,2021-09-01T09:00:00
fac6127a-5487-4c5c-a7ea-bb2042509896,00000000-0000-0000-0000-000000000001,b7779030-b669-455a-a6cd-48ec9d03fa2b,Cable 1.5mm2 100m,ELE-0081,1879.96,3391.61,pcs,True,2021-09-01T09:00:00
c43f017f-7168-44b9-a220-61235d3e7fc6,00000000-0000-0000-0000-000000000001,b7779030-b669-455a-a6cd-48ec9d03fa2b,MCB 32A,ELE-0082,106.12,207.21,box,True,2021-09-01T09:00:00
ffaeda83-1622-469b-abf3-ee76b852e44d,00000000-0000-0000-0000-000000000001,b7779030-b669-455a-a6cd-48ec9d03fa2b,Distribution Board 8way,ELE-0083,1571.0,2734.88,roll,True,2021-09-01T09:00:00
d549ed7a-7066-4bff-865b-cb96022a4063,00000000-0000-0000-0000-000000000001,b7779030-b669-455a-a6cd-48ec9d03fa2b,LED Bulb 9W 6pk,ELE-0084,211.76,400.29,box,True,2021-09-01T09:00:00
ac08b04c-2866-45ef-aa72-41e390c55378,00000000-0000-0000-0000-000000000001,b7779030-b669-455a-a6cd-48ec9d03fa2b,Extension Cord 5m 4way,ELE-0085,338.48,694.8,set,True,2021-09-01T09:00:00
2f8623bd-f52c-49b7-a825-da00b11cedbc,00000000-0000-0000-0000-000000000001,ea5d07be-288b-4170-bfbe-e844fa068458,Fertilizer NPK 50kg,AGR-0086,1157.79,1901.58,box,True,2021-09-01T09:00:00
b2720e94-d455-49bf-985f-d012a278f2a4,00000000-0000-0000-0000-000000000001,ea5d07be-288b-4170-bfbe-e844fa068458,Drip Irrigation Kit,AGR-0087,3289.5,7415.38,kg,True,2021-09-01T09:00:00
520f24dd-6e33-4262-b2f4-2b6446c450c1,00000000-0000-0000-0000-000000000001,ea5d07be-288b-4170-bfbe-e844fa068458,Pesticide Spray 1L,AGR-0088,309.18,586.52,kg,True,2021-09-01T09:00:00
6fc7cdff-dbab-44a7-a92b-7f995b8da53d,00000000-0000-0000-0000-000000000001,ea5d07be-288b-4170-bfbe-e844fa068458,Greenhouse Net 50m,AGR-0089,604.98,1493.53,roll,True,2021-09-01T09:00:00
09847cdd-7322-4e6e-b847-99bf0ef32825,00000000-0000-0000-0000-000000000001,ea5d07be-288b-4170-bfbe-e844fa068458,Seed Tray 72-cell,AGR-0090,93.36,204.73,pcs,True,2021-09-01T09:00:00
4e1754f0-2d41-4b0e-90c9-df22970bcba3,00000000-0000-0000-0000-000000000001,4380f83e-8962-43ce-b9a0-a12438e5046c,Floor Cleaner 5L,CLE-0091,260.96,550.76,set,True,2021-09-01T09:00:00
778f3133-33ce-407c-8d4d-5bbc4f2f1768,00000000-0000-0000-0000-000000000001,4380f83e-8962-43ce-b9a0-a12438e5046c,Disinfectant 5L,CLE-0092,305.34,541.26,litre,True,2021-09-01T09:00:00
616347f8-352e-430e-a925-3da822f2fb86,00000000-0000-0000-0000-000000000001,4380f83e-8962-43ce-b9a0-a12438e5046c,Microfibre Cloth 10pk,CLE-0093,234.99,503.54,box,True,2021-09-01T09:00:00
c4a84943-18be-47f1-a6fc-4f23d8988ed4,00000000-0000-0000-0000-000000000001,4380f83e-8962-43ce-b9a0-a12438e5046c,Mop & Bucket Set,CLE-0094,582.41,1193.11,set,True,2021-09-01T09:00:00
994ec596-4ee2-4dc9-bd25-dff39bf77520,00000000-0000-0000-0000-000000000001,4380f83e-8962-43ce-b9a0-a12438e5046c,Industrial Vacuum,CLE-0095,8114.15,16714.03,pcs,True,2021-09-01T09:00:00
79f083f3-ec93-412f-8f6e-b560ab09afd3,00000000-0000-0000-0000-000000000001,1264ab7d-b229-44ae-a6a1-15502a6b635c,Router WiFi6,NET-0096,4112.49,9678.4,set,True,2021-09-01T09:00:00
2cd5237e-1b3c-4eb9-a639-f8d3ab030d40,00000000-0000-0000-0000-000000000001,1264ab7d-b229-44ae-a6a1-15502a6b635c,Network Switch 24port,NET-0097,6248.27,12019.48,roll,False,2021-09-01T09:00:00
a230a510-f18a-4dbc-97c2-6493da50dc95,00000000-0000-0000-0000-000000000001,1264ab7d-b229-44ae-a6a1-15502a6b635c,Cat6 Cable 305m,NET-0098,2990.36,4513.42,kg,True,2021-09-01T09:00:00
f5fc8474-0f63-4350-ad4d-3e05cbe1291b,00000000-0000-0000-0000-000000000001,1264ab7d-b229-44ae-a6a1-15502a6b635c,Patch Panel 24port,NET-0099,1609.78,3043.48,litre,True,2021-09-01T09:00:00
e79253ed-3a72-4a75-a245-459ee1fc1e1d,00000000-0000-0000-0000-000000000001,1264ab7d-b229-44ae-a6a1-15502a6b635c,Network Rack 9U,NET-0100,4865.39,10526.53,pcs,True,2021-09-01T09:00:00
451a830b-74c3-4c82-b3e3-35a007108fd5,00000000-0000-0000-0000-000000000002,d0435562-81d9-4f28-84e1-fa810e591023,Laptop Pro 15,ELE-0001,49670.55,69756.03,litre,True,2021-09-01T09:00:00
dc8bc93d-6732-47e7-8a18-d2bab937e0a6,00000000-0000-0000-0000-000000000002,d0435562-81d9-4f28-84e1-fa810e591023,Wireless Earbuds,ELE-0002,2317.33,4636.66,roll,True,2021-09-01T09:00:00
729693d7-2960-451e-86e5-257f31d0ac51,00000000-0000-0000-0000-000000000002,d0435562-81d9-4f28-84e1-fa810e591023,USB-C Hub 7-in-1,ELE-0003,1073.99,1888.28,litre,True,2021-09-01T09:00:00
7dff0732-937d-4b44-b66e-e7e97c0993a5,00000000-0000-0000-0000-000000000002,d0435562-81d9-4f28-84e1-fa810e591023,Mechanical Keyboard,ELE-0004,3562.82,5885.04,pcs,True,2021-09-01T09:00:00
f96de01a-f1c4-4d61-9c4a-db8b5ccbb7ab,00000000-0000-0000-0000-000000000002,d0435562-81d9-4f28-84e1-fa810e591023,Webcam 4K,ELE-0005,3727.25,6011.2,litre,True,2021-09-01T09:00:00
ee2f94ca-5305-4a9e-91ee-cf8fcdaca02e,00000000-0000-0000-0000-000000000002,9edc75bb-064e-429c-8fc3-8371315ca480,Mens Polo Shirt,CLO-0006,361.12,939.89,set,True,2021-09-01T09:00:00
0c05f074-6565-47ba-a6e2-7dec9364d060,00000000-0000-0000-0000-000000000002,9edc75bb-064e-429c-8fc3-8371315ca480,Womens Kurta,CLO-0007,519.96,1342.74,box,True,2021-09-01T09:00:00
9d41a7c0-7270-4cba-b4a8-440ae0580451,00000000-0000-0000-0000-000000000002,9edc75bb-064e-429c-8fc3-8371315ca480,Denim Jeans,CLO-0008,888.12,1792.28,roll,True,2021-09-01T09:00:00
3438e861-d142-4b94-abcc-c9070062d756,00000000-0000-0000-0000-000000000002,9edc75bb-064e-429c-8fc3-8371315ca480,Sports Joggers,CLO-0009,736.05,1562.0,roll,False,2021-09-01T09:00:00
a2b9d406-2a48-49a3-9a4d-fd0154fb93f0,00000000-0000-0000-0000-000000000002,9edc75bb-064e-429c-8fc3-8371315ca480,Winter Jacket,CLO-0010,2134.54,3568.67,pcs,True,2021-09-01T09:00:00
51f7c243-3b83-415a-a943-0a9a6431ce7d,00000000-0000-0000-0000-000000000002,cc546be1-00cd-4b96-aca3-df0bac457648,Microwave 20L,HOM-0011,5000.37,7975.74,litre,True,2021-09-01T09:00:00
14734e34-9f7a-4207-b247-5d966fc8612f,00000000-0000-0000-0000-000000000002,cc546be1-00cd-4b96-aca3-df0bac457648,Air Purifier,HOM-0012,7016.6,14419.25,box,True,2021-09-01T09:00:00
bc3a6de5-8832-49cf-8809-2fc09b203f4b,00000000-0000-0000-0000-000000000002,cc546be1-00cd-4b96-aca3-df0bac457648,Electric Kettle,HOM-0013,820.24,1450.48,kg,False,2021-09-01T09:00:00
13df3b64-d3a9-4406-a253-f069392c7d7a,00000000-0000-0000-0000-000000000002,cc546be1-00cd-4b96-aca3-df0bac457648,Ceiling Fan 5-blade,HOM-0014,1373.1,2469.72,kg,False,2021-09-01T09:00:00
3903ee7b-8308-4a7a-b59c-739db2f0a93f,00000000-0000-0000-0000-000000000002,cc546be1-00cd-4b96-aca3-df0bac457648,Water Purifier RO,HOM-0015,8836.58,14820.67,pcs,True,2021-09-01T09:00:00
07fcdeee-418d-4c03-9755-c1474d974d9f,00000000-0000-0000-0000-000000000002,8d937e0a-e7cc-4303-b53f-a21d136a5061,Office Chair Ergonomic,FUR-0016,5774.47,12480.75,box,True,2021-09-01T09:00:00
088cc24b-3a3a-465f-ad62-04703b90faab,00000000-0000-0000-0000-000000000002,8d937e0a-e7cc-4303-b53f-a21d136a5061,Standing Desk 140cm,FUR-0017,11909.47,20325.89,litre,True,2021-09-01T09:00:00
0709044b-f6f6-40ec-8665-2a4af08a9225,00000000-0000-0000-0000-000000000002,8d937e0a-e7cc-4303-b53f-a21d136a5061,Bookshelf 5-tier,FUR-0018,4524.37,7191.75,box,True,2021-09-01T09:00:00
164e9747-efe6-4c5e-960f-5d3229d4c884,00000000-0000-0000-0000-000000000002,8d937e0a-e7cc-4303-b53f-a21d136a5061,Sofa 3-seater,FUR-0019,21408.06,51301.87,pcs,True,2021-09-01T09:00:00
2fa1495e-2842-4def-97e9-f0ae8bf630ca,00000000-0000-0000-0000-000000000002,8d937e0a-e7cc-4303-b53f-a21d136a5061,Dining Table Set,FUR-0020,18876.01,36232.14,kg,True,2021-09-01T09:00:00
80fff6c2-4945-4865-b9c2-cff28f93effc,00000000-0000-0000-0000-000000000002,bbf6c00b-c2a9-4e0a-aec6-cdc3712255aa,A4 Paper Ream,STA-0021,193.08,395.84,box,True,2021-09-01T09:00:00
28664619-ff24-4694-b930-1a5dbe6091f1,00000000-0000-0000-0000-000000000002,bbf6c00b-c2a9-4e0a-aec6-cdc3712255aa,Whiteboard Marker Set,STA-0022,126.67,252.62,kg,True,2021-09-01T09:00:00
4070bc47-530a-4ef9-9755-063a0fb7b092,00000000-0000-0000-0000-000000000002,bbf6c00b-c2a9-4e0a-aec6-cdc3712255aa,Stapler Heavy Duty,STA-0023,338.29,729.91,roll,False,2021-09-01T09:00:00
2ed0ec87-124f-46cc-9a55-8894981c7536,00000000-0000-0000-0000-000000000002,bbf6c00b-c2a9-4e0a-aec6-cdc3712255aa,File Cabinet A4,STA-0024,1012.84,1598.45,kg,True,2021-09-01T09:00:00
e538f647-8acc-4b56-b553-38ba907d2961,00000000-0000-0000-0000-000000000002,bbf6c00b-c2a9-4e0a-aec6-cdc3712255aa,Notebook B5 Pack,STA-0025,199.41,314.32,set,True,2021-09-01T09:00:00
15c9839c-062e-403b-8fa0-6bdd223273c1,00000000-0000-0000-0000-000000000002,158d9d87-349c-4cf7-92d3-5d713690e894,Green Tea 100g,FOO-0026,167.08,302.41,roll,True,2021-09-01T09:00:00
a7c78358-cfd6-42ae-8abf-d274b0635e4e,00000000-0000-0000-0000-000000000002,158d9d87-349c-4cf7-92d3-5d713690e894,Instant Coffee 200g,FOO-0027,205.09,367.09,set,True,2021-09-01T09:00:00
e684455d-3e26-40f5-ba9e-95fd0a57c1e0,00000000-0000-0000-0000-000000000002,158d9d87-349c-4cf7-92d3-5d713690e894,Mixed Nuts 500g,FOO-0028,467.47,992.11,roll,True,2021-09-01T09:00:00
168ba32d-8e42-491c-9b74-57ef541328c4,00000000-0000-0000-0000-000000000002,158d9d87-349c-4cf7-92d3-5d713690e894,Protein Bar Box,FOO-0029,657.64,1207.05,litre,True,2021-09-01T09:00:00
765d48f9-55e1-4afb-9861-bad8aadbf156,00000000-0000-0000-0000-000000000002,158d9d87-349c-4cf7-92d3-5d713690e894,Mineral Water 12pk,FOO-0030,172.0,350.42,box,True,2021-09-01T09:00:00
0257b008-13d2-4282-9e0c-4cc89e42e37d,00000000-0000-0000-0000-000000000002,085c24f5-5a80-449d-96cf-0f76b157d398,Vitamin C Tablets,PHA-0031,68.66,138.5,pcs,True,2021-09-01T09:00:00
f8e1ed7d-720a-4c72-8d8b-69736c725d37,00000000-0000-0000-0000-000000000002,085c24f5-5a80-449d-96cf-0f76b157d398,Paracetamol Strip,PHA-0032,21.75,40.09,roll,True,2021-09-01T09:00:00
a041a7be-5532-45cd-a918-2db954a57ac1,00000000-0000-0000-0000-000000000002,085c24f5-5a80-449d-96cf-0f76b157d398,Hand Sanitizer 500ml,PHA-0033,84.75,184.09,pcs,True,2021-09-01T09:00:00
8dcf7b02-2406-43bb-8a6a-998d4df436f8,00000000-0000-0000-0000-000000000002,085c24f5-5a80-449d-96cf-0f76b157d398,Digital Thermometer,PHA-0034,351.72,775.81,pcs,True,2021-09-01T09:00:00
6b475483-1625-4f2c-b117-351cf1655410,00000000-0000-0000-0000-000000000002,085c24f5-5a80-449d-96cf-0f76b157d398,Blood Glucose Monitor,PHA-0035,1900.31,3480.94,box,True,2021-09-01T09:00:00
ddf8f739-f37c-408f-a2b1-4f8d4127d422,00000000-0000-0000-0000-000000000002,8e8c1389-9c99-4fe9-bad0-80378da53196,Engine Oil 5L,AUT-0036,1000.85,1513.09,pcs,True,2021-09-01T09:00:00
1360ad3c-8e40-4cc2-bd36-fbe041a68aa3,00000000-0000-0000-0000-000000000002,8e8c1389-9c99-4fe9-bad0-80378da53196,Brake Pads Set,AUT-0037,658.82,1307.83,kg,True,2021-09-01T09:00:00
e51e77e7-dd7b-4b92-bb09-9b63885b9ee3,00000000-0000-0000-0000-000000000002,8e8c1389-9c99-4fe9-bad0-80378da53196,Car Battery 65Ah,AUT-0038,4321.26,7744.39,roll,False,2021-09-01T09:00:00
00ede939-073c-446d-8072-4a605f0a5e70,00000000-0000-0000-0000-000000000002,8e8c1389-9c99-4fe9-bad0-80378da53196,Wiper Blades Pair,AUT-0039,334.59,532.06,pcs,False,2021-09-01T09:00:00
8131c7ee-af84-4d9e-9b47-bf8565df23fb,00000000-0000-0000-0000-000000000002,8e8c1389-9c99-4fe9-bad0-80378da53196,Air Filter,AUT-0040,261.03,518.99,pcs,False,2021-09-01T09:00:00
dc9a1aa5-fde8-4582-b113-bd697b75593a,00000000-0000-0000-0000-000000000002,05bf59a1-af77-4e7e-b1b2-b226fd55ebda,LEGO City Set,TOY-0041,1091.38,2544.91,pcs,True,2021-09-01T09:00:00
a309c1dc-5aa3-4dbd-b16e-08fef8debb43,00000000-0000-0000-0000-000000000002,05bf59a1-af77-4e7e-b1b2-b226fd55ebda,Remote Control Car,TOY-0042,828.32,1648.19,pcs,True,2021-09-01T09:00:00
f0541c66-02a9-4f29-8b7b-978bd961c099,00000000-0000-0000-0000-000000000002,05bf59a1-af77-4e7e-b1b2-b226fd55ebda,Board Game Family,TOY-0043,576.23,1361.01,pcs,True,2021-09-01T09:00:00
00838c15-5890-4bdb-bd1a-420d14f3d80a,00000000-0000-0000-0000-000000000002,05bf59a1-af77-4e7e-b1b2-b226fd55ebda,Puzzle 1000 pieces,TOY-0044,352.71,757.41,set,True,2021-09-01T09:00:00
2b459446-db1d-415c-8375-51e0682d2aff,00000000-0000-0000-0000-000000000002,05bf59a1-af77-4e7e-b1b2-b226fd55ebda,Action Figure Set,TOY-0045,399.3,733.88,kg,True,2021-09-01T09:00:00
a06f1df5-be73-410d-8c85-d463df710286,00000000-0000-0000-0000-000000000002,7d28af3a-e11d-499c-9db3-fcd2f7ce0bf0,Yoga Mat 6mm,SPO-0046,554.29,1084.64,litre,True,2021-09-01T09:00:00
041545d2-8183-4673-858f-240559cd6542,00000000-0000-0000-0000-000000000002,7d28af3a-e11d-499c-9db3-fcd2f7ce0bf0,Dumbbell Pair 5kg,SPO-0047,771.7,1567.03,kg,True,2021-09-01T09:00:00
e8818356-c705-4504-b056-4d518099ac1f,00000000-0000-0000-0000-000000000002,7d28af3a-e11d-499c-9db3-fcd2f7ce0bf0,Resistance Band Set,SPO-0048,344.57,560.93,kg,True,2021-09-01T09:00:00
36fcfa46-2e95-4e66-beeb-6a3e49bb3f2f,00000000-0000-0000-0000-000000000002,7d28af3a-e11d-499c-9db3-fcd2f7ce0bf0,Jump Rope Speed,SPO-0049,194.51,357.51,litre,False,2021-09-01T09:00:00
7b28a0f8-13c6-4dab-9a76-c4590d89acba,00000000-0000-0000-0000-000000000002,7d28af3a-e11d-499c-9db3-fcd2f7ce0bf0,Gym Gloves,SPO-0050,322.23,689.71,kg,True,2021-09-01T09:00:00
85a27422-3d2d-415f-a2ed-46b9c2024e8a,00000000-0000-0000-0000-000000000002,7130a9fd-619e-4a5f-840f-a1cb4b4ab937,Shampoo 400ml,BEA-0051,211.06,394.98,pcs,True,2021-09-01T09:00:00
58a47ebd-7b4d-4e0c-b52a-1fe0fc047592,00000000-0000-0000-0000-000000000002,7130a9fd-619e-4a5f-840f-a1cb4b4ab937,Face Serum 30ml,BEA-0052,666.86,1370.78,roll,True,2021-09-01T09:00:00
e5bbbba8-1298-4abc-9a8b-ef824b3e89bc,00000000-0000-0000-0000-000000000002,7130a9fd-619e-4a5f-840f-a1cb4b4ab937,Sunscreen SPF50,BEA-0053,372.4,743.78,litre,True,2021-09-01T09:00:00
2c02c0be-d80b-4095-915c-0b5a0400b506,00000000-0000-0000-0000-000000000002,7130a9fd-619e-4a5f-840f-a1cb4b4ab937,Electric Toothbrush,BEA-0054,1220.52,2077.52,kg,True,2021-09-01T09:00:00
a6554f7a-700f-410a-a605-462abe79814a,00000000-0000-0000-0000-000000000002,7130a9fd-619e-4a5f-840f-a1cb4b4ab937,Perfume 50ml EDP,BEA-0055,1434.44,3095.74,pcs,True,2021-09-01T09:00:00
5d9bf8bc-47e8-480b-9014-1cd9fc45a9c4,00000000-0000-0000-0000-000000000002,ab59124b-8383-466e-ae53-c9d87996d993,Python Data Science,BOO-0056,450.61,867.85,roll,True,2021-09-01T09:00:00
a704fc2e-b4e7-4ca4-b48f-749a867e4173,00000000-0000-0000-0000-000000000002,ab59124b-8383-466e-ae53-c9d87996d993,Business Strategy,BOO-0057,338.08,838.25,pcs,True,2021-09-01T09:00:00
f7aca668-829b-4b56-9d65-bce00d23e11b,00000000-0000-0000-0000-000000000002,ab59124b-8383-466e-ae53-c9d87996d993,Machine Learning A-Z,BOO-0058,482.61,1001.12,box,True,2021-09-01T09:00:00
17e6d579-beb4-4588-b8a0-bb101da944ac,00000000-0000-0000-0000-000000000002,ab59124b-8383-466e-ae53-c9d87996d993,Financial Modeling,BOO-0059,427.0,897.94,roll,True,2021-09-01T09:00:00
a83d72ad-c7a6-4895-99e4-e9c92be3bd1d,00000000-0000-0000-0000-000000000002,ab59124b-8383-466e-ae53-c9d87996d993,Management Accounting,BOO-0060,371.72,716.5,pcs,True,2021-09-01T09:00:00
6f638e12-4a21-461f-9f90-a69409c37bb2,00000000-0000-0000-0000-000000000002,9be16edd-69c9-46ce-9a7f-5b5f3af5b47a,Cordless Drill 18V,HAR-0061,3997.04,6072.95,box,False,2021-09-01T09:00:00
fb0c89b5-9e5c-4ad9-a903-a60bd28b92ee,00000000-0000-0000-0000-000000000002,9be16edd-69c9-46ce-9a7f-5b5f3af5b47a,Angle Grinder 115mm,HAR-0062,1869.76,4229.71,litre,True,2021-09-01T09:00:00
4b080d0f-0274-4f84-bab2-f20890b76d3c,00000000-0000-0000-0000-000000000002,9be16edd-69c9-46ce-9a7f-5b5f3af5b47a,Measuring Tape 10m,HAR-0063,196.15,359.8,set,True,2021-09-01T09:00:00
ef84c682-cb00-443f-b43b-03058e6f44c3,00000000-0000-0000-0000-000000000002,9be16edd-69c9-46ce-9a7f-5b5f3af5b47a,Socket Wrench Set,HAR-0064,1074.46,2654.18,set,True,2021-09-01T09:00:00
cee3d979-7d6c-4600-9f12-4b4db3adf7b1,00000000-0000-0000-0000-000000000002,9be16edd-69c9-46ce-9a7f-5b5f3af5b47a,Safety Goggles,HAR-0065,134.19,275.69,pcs,True,2021-09-01T09:00:00
c9cc4c81-e01b-4e78-9738-61d08fd53dcc,00000000-0000-0000-0000-000000000002,675b1598-ebc6-44d8-979f-aa3c5df058d4,Bubble Wrap Roll 50m,PAC-0066,314.67,673.3,pcs,False,2021-09-01T09:00:00
2dd345c5-2fd1-410e-be08-d76851dd1383,00000000-0000-0000-0000-000000000002,675b1598-ebc6-44d8-979f-aa3c5df058d4,Cardboard Box 40x30,PAC-0067,16.92,25.87,box,False,2021-09-01T09:00:00
ff653d54-683d-418a-9c52-7add77d080c7,00000000-0000-0000-0000-000000000002,675b1598-ebc6-44d8-979f-aa3c5df058d4,Stretch Wrap 500m,PAC-0068,285.11,543.03,pcs,True,2021-09-01T09:00:00
4082492b-d30c-4b46-8d3c-88e20224cecf,00000000-0000-0000-0000-000000000002,675b1598-ebc6-44d8-979f-aa3c5df058d4,Packing Tape 12pk,PAC-0069,199.81,319.35,pcs,True,2021-09-01T09:00:00
fed431d2-bca8-41f0-8541-b746582a4a15,00000000-0000-0000-0000-000000000002,675b1598-ebc6-44d8-979f-aa3c5df058d4,Foam Sheets 5mm,PAC-0070,74.82,176.08,litre,True,2021-09-01T09:00:00
9ea7c217-eace-4875-9bde-db30c286656d,00000000-0000-0000-0000-000000000002,eb46dd62-d6f8-41b5-9ee6-3c10da4cbb52,Steel Rod 12mm 6m,RAW-0071,839.15,1279.21,pcs,True,2021-09-01T09:00:00
062f4232-dde5-4162-a676-8efc5ba4b082,00000000-0000-0000-0000-000000000002,eb46dd62-d6f8-41b5-9ee6-3c10da4cbb52,Copper Wire 1.5mm 100m,RAW-0072,1225.48,2047.34,pcs,True,2021-09-01T09:00:00
d0419f61-bff9-4cce-89cb-8694555f3dc4,00000000-0000-0000-0000-000000000002,eb46dd62-d6f8-41b5-9ee6-3c10da4cbb52,Aluminium Sheet 1mx2m,RAW-0073,1499.15,2371.39,box,True,2021-09-01T09:00:00
b4617aaf-834d-41d3-a2f3-c92322c625ab,00000000-0000-0000-0000-000000000002,eb46dd62-d6f8-41b5-9ee6-3c10da4cbb52,PVC Pipe 110mm 3m,RAW-0074,189.79,358.43,roll,True,2021-09-01T09:00:00
901933a7-9c8b-4c91-90a7-9d99e2ecb51e,00000000-0000-0000-0000-000000000002,eb46dd62-d6f8-41b5-9ee6-3c10da4cbb52,Epoxy Resin 1kg,RAW-0075,677.25,970.0,box,True,2021-09-01T09:00:00
fed134d3-7744-4a01-9063-4716a7e69335,00000000-0000-0000-0000-000000000002,8cff7f0d-2653-4cb0-b91d-d97e6b96508e,Caustic Soda 25kg,CHE-0076,786.89,1758.74,set,True,2021-09-01T09:00:00
8fcabcda-6030-4dc7-a86a-a2a05b666573,00000000-0000-0000-0000-000000000002,8cff7f0d-2653-4cb0-b91d-d97e6b96508e,Hydrogen Peroxide 5L,CHE-0077,454.62,771.2,pcs,True,2021-09-01T09:00:00
e93ea70c-701d-4843-b874-8a06903856e2,00000000-0000-0000-0000-000000000002,8cff7f0d-2653-4cb0-b91d-d97e6b96508e,Acetone 5L,CHE-0078,474.73,1036.71,set,True,2021-09-01T09:00:00
fc712a28-28df-41e5-a702-13eaf57e66da,00000000-0000-0000-0000-000000000002,8cff7f0d-2653-4cb0-b91d-d97e6b96508e,Isopropanol 5L,CHE-0079,513.34,963.27,pcs,True,2021-09-01T09:00:00
c3034392-46c0-4de7-a693-1ab0b84f702a,00000000-0000-0000-0000-000000000002,8cff7f0d-2653-4cb0-b91d-d97e6b96508e,Sodium Carbonate 50kg,CHE-0080,605.22,1356.02,box,True,2021-09-01T09:00:00
eba20569-8673-43b9-b7b0-b4d93a0ca3c1,00000000-0000-0000-0000-000000000002,19cf53f9-e128-48ec-8242-4bb299cfe2a7,Cable 1.5mm2 100m,ELE-0081,1931.65,3346.68,roll,True,2021-09-01T09:00:00
f223efa7-fbe6-41a6-9dcd-04d5ebc9135d,00000000-0000-0000-0000-000000000002,19cf53f9-e128-48ec-8242-4bb299cfe2a7,MCB 32A,ELE-0082,111.19,212.07,roll,True,2021-09-01T09:00:00
84dd0a72-73a2-4ea0-8d52-b06fb2e593ff,00000000-0000-0000-0000-000000000002,19cf53f9-e128-48ec-8242-4bb299cfe2a7,Distribution Board 8way,ELE-0083,1658.56,2516.87,roll,True,2021-09-01T09:00:00
e259aa2b-f987-4681-9d87-a00ba94312e3,00000000-0000-0000-0000-000000000002,19cf53f9-e128-48ec-8242-4bb299cfe2a7,LED Bulb 9W 6pk,ELE-0084,215.15,408.03,pcs,True,2021-09-01T09:00:00
c87f3c25-eddf-4b9e-a319-3b7deb6830a5,00000000-0000-0000-0000-000000000002,19cf53f9-e128-48ec-8242-4bb299cfe2a7,Extension Cord 5m 4way,ELE-0085,381.62,728.12,litre,True,2021-09-01T09:00:00
b717d59b-5114-4a6f-9c47-4a9fdf1e17ac,00000000-0000-0000-0000-000000000002,133ce6b9-57b8-4094-9c29-29e0989c1a1d,Fertilizer NPK 50kg,AGR-0086,1134.16,1915.43,pcs,True,2021-09-01T09:00:00
5339f8f9-628b-4553-aba6-c933b58891f6,00000000-0000-0000-0000-000000000002,133ce6b9-57b8-4094-9c29-29e0989c1a1d,Drip Irrigation Kit,AGR-0087,3513.29,6479.76,roll,True,2021-09-01T09:00:00
e366f76e-01bb-4b12-89e3-a3ebacf86d96,00000000-0000-0000-0000-000000000002,133ce6b9-57b8-4094-9c29-29e0989c1a1d,Pesticide Spray 1L,AGR-0088,285.3,527.54,roll,True,2021-09-01T09:00:00
cdc27fd2-ac6d-4a61-9f00-82f939c8b945,00000000-0000-0000-0000-000000000002,133ce6b9-57b8-4094-9c29-29e0989c1a1d,Greenhouse Net 50m,AGR-0089,723.91,1274.3,roll,True,2021-09-01T09:00:00
15446c91-e271-412f-a45d-c7e4d5cd3a02,00000000-0000-0000-0000-000000000002,133ce6b9-57b8-4094-9c29-29e0989c1a1d,Seed Tray 72-cell,AGR-0090,90.36,205.56,kg,True,2021-09-01T09:00:00
7984bb8a-903a-4d97-9d87-764c832df283,00000000-0000-0000-0000-000000000002,f41fcdaa-7d8d-40da-bb04-14e0d72c1fbc,Floor Cleaner 5L,CLE-0091,297.95,609.77,pcs,True,2021-09-01T09:00:00
c6f727ad-b92d-461b-9993-3290a631f397,00000000-0000-0000-0000-000000000002,f41fcdaa-7d8d-40da-bb04-14e0d72c1fbc,Disinfectant 5L,CLE-0092,313.99,695.74,set,True,2021-09-01T09:00:00
c3256a7c-b886-4192-bfce-03454079660f,00000000-0000-0000-0000-000000000002,f41fcdaa-7d8d-40da-bb04-14e0d72c1fbc,Microfibre Cloth 10pk,CLE-0093,286.31,506.54,litre,True,2021-09-01T09:00:00
7c291bd7-b4c6-4bd2-934f-cbc5fca7bfd2,00000000-0000-0000-0000-000000000002,f41fcdaa-7d8d-40da-bb04-14e0d72c1fbc,Mop & Bucket Set,CLE-0094,604.16,1079.44,pcs,True,2021-09-01T09:00:00
146339ea-a7c8-489b-a2df-fa14465238ec,00000000-0000-0000-0000-000000000002,f41fcdaa-7d8d-40da-bb04-14e0d72c1fbc,Industrial Vacuum,CLE-0095,9001.52,15060.37,roll,True,2021-09-01T09:00:00
5cb997d2-024e-4704-bce4-ceac8e358957,00000000-0000-0000-0000-000000000002,1dcfe9fd-be96-4352-9c06-8a7d048df4b5,Router WiFi6,NET-0096,4452.29,9061.79,litre,True,2021-09-01T09:00:00
47f6d59c-49f2-4d57-8d50-1ebd352191a9,00000000-0000-0000-0000-000000000002,1dcfe9fd-be96-4352-9c06-8a7d048df4b5,Network Switch 24port,NET-0097,6154.02,11886.53,pcs,True,2021-09-01T09:00:00
a7ff40fa-79b0-4ac3-9abc-66b399dabd0b,00000000-0000-0000-0000-000000000002,1dcfe9fd-be96-4352-9c06-8a7d048df4b5,Cat6 Cable 305m,NET-0098,2935.73,4700.1,pcs,True,2021-09-01T09:00:00
33aff7d7-1dbe-4210-af01-5b0e248a45d2,00000000-0000-0000-0000-000000000002,1dcfe9fd-be96-4352-9c06-8a7d048df4b5,Patch Panel 24port,NET-0099,1554.44,3314.58,litre,True,2021-09-01T09:00:00
ff17e11c-7dcc-4f6c-9f58-291256896ee2,00000000-0000-0000-0000-000000000002,1dcfe9fd-be96-4352-9c06-8a7d048df4b5,Network Rack 9U,NET-0100,5336.14,10233.46,set,True,2021-09-01T09:00:00
36bbdbfe-8537-483e-9c36-96c6ec93bc9d,00000000-0000-0000-0000-000000000003,083d783f-be49-4a29-b631-39275b3481a2,Laptop Pro 15,ELE-0001,41828.5,85501.19,pcs,True,2021-09-01T09:00:00
a65cbc0c-df3f-433a-a37f-a44650deedaf,00000000-0000-0000-0000-000000000003,083d783f-be49-4a29-b631-39275b3481a2,Wireless Earbuds,ELE-0002,2183.67,5150.95,litre,True,2021-09-01T09:00:00
7ece1a16-3f14-40d0-92be-b7ea1f1db388,00000000-0000-0000-0000-000000000003,083d783f-be49-4a29-b631-39275b3481a2,USB-C Hub 7-in-1,ELE-0003,1058.28,2222.69,pcs,True,2021-09-01T09:00:00
db004662-ba52-4929-bb75-9c00bf1a1365,00000000-0000-0000-0000-000000000003,083d783f-be49-4a29-b631-39275b3481a2,Mechanical Keyboard,ELE-0004,2988.97,6280.44,set,True,2021-09-01T09:00:00
6105276d-869b-4e00-8106-14aa06599c99,00000000-0000-0000-0000-000000000003,083d783f-be49-4a29-b631-39275b3481a2,Webcam 4K,ELE-0005,4442.54,7978.19,set,True,2021-09-01T09:00:00
0c56b02e-618c-4667-9e74-c04be80d5bb6,00000000-0000-0000-0000-000000000003,5d8b452c-ce6f-405b-a562-a4138493b87b,Mens Polo Shirt,CLO-0006,437.58,879.77,roll,True,2021-09-01T09:00:00
b4cd3b6d-8811-402d-9c4e-48c80c58ee3d,00000000-0000-0000-0000-000000000003,5d8b452c-ce6f-405b-a562-a4138493b87b,Womens Kurta,CLO-0007,525.77,1068.64,kg,True,2021-09-01T09:00:00
ebda3fd8-fe10-4f44-aefa-20e53d198872,00000000-0000-0000-0000-000000000003,5d8b452c-ce6f-405b-a562-a4138493b87b,Denim Jeans,CLO-0008,683.81,1825.85,pcs,True,2021-09-01T09:00:00
ce975174-feee-4cc8-8f12-ecd116557c27,00000000-0000-0000-0000-000000000003,5d8b452c-ce6f-405b-a562-a4138493b87b,Sports Joggers,CLO-0009,731.21,1462.89,roll,True,2021-09-01T09:00:00
8c417c71-eb82-4dbc-a0ca-764f1fcea7da,00000000-0000-0000-0000-000000000003,5d8b452c-ce6f-405b-a562-a4138493b87b,Winter Jacket,CLO-0010,2214.91,4046.3,pcs,True,2021-09-01T09:00:00
22a838e8-32a0-4c2b-bd3f-a05974078d0e,00000000-0000-0000-0000-000000000003,84328d0a-91a8-4ffb-9477-ed2fc5866d00,Microwave 20L,HOM-0011,4945.14,8929.77,pcs,True,2021-09-01T09:00:00
de23341a-1818-4566-95e9-37a6927002d2,00000000-0000-0000-0000-000000000003,84328d0a-91a8-4ffb-9477-ed2fc5866d00,Air Purifier,HOM-0012,8965.8,15002.88,set,False,2021-09-01T09:00:00
90cd1bcf-6e90-4742-8acb-e8071474108b,00000000-0000-0000-0000-000000000003,84328d0a-91a8-4ffb-9477-ed2fc5866d00,Electric Kettle,HOM-0013,793.16,1661.91,kg,True,2021-09-01T09:00:00
34019bcc-b158-475b-8c84-db33f9f1767a,00000000-0000-0000-0000-000000000003,84328d0a-91a8-4ffb-9477-ed2fc5866d00,Ceiling Fan 5-blade,HOM-0014,1531.24,3080.42,pcs,True,2021-09-01T09:00:00
efbe6cb8-c319-4d98-aad1-c9e5c1498c55,00000000-0000-0000-0000-000000000003,84328d0a-91a8-4ffb-9477-ed2fc5866d00,Water Purifier RO,HOM-0015,7927.19,17668.62,roll,False,2021-09-01T09:00:00
c826ab84-6113-4055-bbf9-df3ea8934b15,00000000-0000-0000-0000-000000000003,417aeb58-04a4-4887-8da9-4af651ed4230,Office Chair Ergonomic,FUR-0016,6627.51,11782.36,litre,True,2021-09-01T09:00:00
35581b7f-8487-411f-a431-fc7ceafab5fe,00000000-0000-0000-0000-000000000003,417aeb58-04a4-4887-8da9-4af651ed4230,Standing Desk 140cm,FUR-0017,11638.85,22088.15,set,True,2021-09-01T09:00:00
055f364f-d958-4190-97fb-67de6dc15427,00000000-0000-0000-0000-000000000003,417aeb58-04a4-4887-8da9-4af651ed4230,Bookshelf 5-tier,FUR-0018,3472.85,6417.79,box,True,2021-09-01T09:00:00
9c8c434b-b669-4c38-af51-880a479da455,00000000-0000-0000-0000-000000000003,417aeb58-04a4-4887-8da9-4af651ed4230,Sofa 3-seater,FUR-0019,23258.87,47002.05,set,True,2021-09-01T09:00:00
410fd65d-9c41-4c90-951b-856d8846c8a9,00000000-0000-0000-0000-000000000003,417aeb58-04a4-4887-8da9-4af651ed4230,Dining Table Set,FUR-0020,18662.56,33403.33,set,True,2021-09-01T09:00:00
342b9931-4685-47c1-9e5a-0af3c749d35b,00000000-0000-0000-0000-000000000003,9f369701-d190-4d1a-b436-d82da70b4619,A4 Paper Ream,STA-0021,171.25,355.83,kg,True,2021-09-01T09:00:00
6ebb5b48-ab18-4ff1-a87d-0e3554fa95b3,00000000-0000-0000-0000-000000000003,9f369701-d190-4d1a-b436-d82da70b4619,Whiteboard Marker Set,STA-0022,117.77,250.57,box,False,2021-09-01T09:00:00
e0d9ec22-10fe-41a4-a368-44e1e4c5e5db,00000000-0000-0000-0000-000000000003,9f369701-d190-4d1a-b436-d82da70b4619,Stapler Heavy Duty,STA-0023,387.11,691.96,set,True,2021-09-01T09:00:00
bb4f9326-ec46-4c40-99ac-5993af34b777,00000000-0000-0000-0000-000000000003,9f369701-d190-4d1a-b436-d82da70b4619,File Cabinet A4,STA-0024,844.22,1807.81,roll,True,2021-09-01T09:00:00
6f50961f-40a9-427b-9236-4c53b05796ba,00000000-0000-0000-0000-000000000003,9f369701-d190-4d1a-b436-d82da70b4619,Notebook B5 Pack,STA-0025,189.35,374.63,set,True,2021-09-01T09:00:00
d8f1caca-e51c-42fa-83ca-ca253b219936,00000000-0000-0000-0000-000000000003,c9ace30d-bdff-4567-986e-b067aef52d3f,Green Tea 100g,FOO-0026,165.5,290.23,litre,True,2021-09-01T09:00:00
05e6886d-c622-40c7-9c04-ec77bcfabb42,00000000-0000-0000-0000-000000000003,c9ace30d-bdff-4567-986e-b067aef52d3f,Instant Coffee 200g,FOO-0027,192.69,417.84,pcs,True,2021-09-01T09:00:00
1af181bd-ad83-4d3a-9cbf-2abd1d72ae76,00000000-0000-0000-0000-000000000003,c9ace30d-bdff-4567-986e-b067aef52d3f,Mixed Nuts 500g,FOO-0028,495.23,792.24,roll,False,2021-09-01T09:00:00
6e5d4625-ff74-491e-b32f-45dc7eaa3686,00000000-0000-0000-0000-000000000003,c9ace30d-bdff-4567-986e-b067aef52d3f,Protein Bar Box,FOO-0029,598.87,1012.46,pcs,False,2021-09-01T09:00:00
1e5d2bde-c08f-4303-8dfb-72fa62f8895f,00000000-0000-0000-0000-000000000003,c9ace30d-bdff-4567-986e-b067aef52d3f,Mineral Water 12pk,FOO-0030,172.37,315.6,pcs,True,2021-09-01T09:00:00
4cce66f4-260a-4a5a-a375-324edf79cf75,00000000-0000-0000-0000-000000000003,50211894-dac6-4430-80dd-6a91819b58a5,Vitamin C Tablets,PHA-0031,88.63,160.17,pcs,True,2021-09-01T09:00:00
ff0883fc-7eb1-403d-b66f-3e90fe3fb378,00000000-0000-0000-0000-000000000003,50211894-dac6-4430-80dd-6a91819b58a5,Paracetamol Strip,PHA-0032,17.68,41.31,kg,True,2021-09-01T09:00:00
e3f23f6e-bee9-4375-9be6-7d3d05f7d62c,00000000-0000-0000-0000-000000000003,50211894-dac6-4430-80dd-6a91819b58a5,Hand Sanitizer 500ml,PHA-0033,103.33,195.38,pcs,True,2021-09-01T09:00:00
eee40ac0-c6bd-4bbe-814d-23e15b5f02ab,00000000-0000-0000-0000-000000000003,50211894-dac6-4430-80dd-6a91819b58a5,Digital Thermometer,PHA-0034,355.99,760.85,pcs,True,2021-09-01T09:00:00
d660be77-b446-4aa1-8ba2-c4341f4dee36,00000000-0000-0000-0000-000000000003,50211894-dac6-4430-80dd-6a91819b58a5,Blood Glucose Monitor,PHA-0035,2030.38,3140.31,set,False,2021-09-01T09:00:00
ecb83070-4633-40fa-8760-2679a9403ef6,00000000-0000-0000-0000-000000000003,fd540a9d-5b26-4549-bf5f-e39264a6c375,Engine Oil 5L,AUT-0036,969.06,1942.08,pcs,True,2021-09-01T09:00:00
d9b4731b-5b55-4da9-be81-77804875c9dc,00000000-0000-0000-0000-000000000003,fd540a9d-5b26-4549-bf5f-e39264a6c375,Brake Pads Set,AUT-0037,517.55,1057.95,pcs,True,2021-09-01T09:00:00
fa1a24fa-fb96-4f2f-85c5-91099a50c7ff,00000000-0000-0000-0000-000000000003,fd540a9d-5b26-4549-bf5f-e39264a6c375,Car Battery 65Ah,AUT-0038,5054.83,7176.88,litre,True,2021-09-01T09:00:00
e32f41f9-87e9-409a-8462-9e6db6fb35e1,00000000-0000-0000-0000-000000000003,fd540a9d-5b26-4549-bf5f-e39264a6c375,Wiper Blades Pair,AUT-0039,323.58,579.72,pcs,True,2021-09-01T09:00:00
fb654114-710b-45c3-9322-8b948ee9d85d,00000000-0000-0000-0000-000000000003,fd540a9d-5b26-4549-bf5f-e39264a6c375,Air Filter,AUT-0040,239.78,547.87,pcs,True,2021-09-01T09:00:00
30897c88-1a85-4b27-93e8-73000b1b2ed8,00000000-0000-0000-0000-000000000003,a6ed6282-fbdc-41ef-b2ac-1c10874c7f5d,LEGO City Set,TOY-0041,1178.08,2339.34,pcs,True,2021-09-01T09:00:00
0fab53e0-c537-4123-8ad9-2a8d62acccae,00000000-0000-0000-0000-000000000003,a6ed6282-fbdc-41ef-b2ac-1c10874c7f5d,Remote Control Car,TOY-0042,874.19,1523.83,pcs,True,2021-09-01T09:00:00
ee58e89b-0851-4f82-b99d-cdf5e514f714,00000000-0000-0000-0000-000000000003,a6ed6282-fbdc-41ef-b2ac-1c10874c7f5d,Board Game Family,TOY-0043,577.04,1291.74,box,True,2021-09-01T09:00:00
4cd8f5fe-053c-4cfe-814a-930270b03924,00000000-0000-0000-0000-000000000003,a6ed6282-fbdc-41ef-b2ac-1c10874c7f5d,Puzzle 1000 pieces,TOY-0044,323.27,753.17,roll,True,2021-09-01T09:00:00
33ad4cc5-d2d4-45d4-9eb9-af667d8a1e51,00000000-0000-0000-0000-000000000003,a6ed6282-fbdc-41ef-b2ac-1c10874c7f5d,Action Figure Set,TOY-0045,356.56,782.92,roll,True,2021-09-01T09:00:00
b4959d17-0502-4ee7-a484-7922b5fbfd13,00000000-0000-0000-0000-000000000003,4c64c200-fa37-4ffb-83fd-e482e7fc45bb,Yoga Mat 6mm,SPO-0046,567.78,1004.85,box,False,2021-09-01T09:00:00
8425df12-f49f-477b-b545-f519b645a589,00000000-0000-0000-0000-000000000003,4c64c200-fa37-4ffb-83fd-e482e7fc45bb,Dumbbell Pair 5kg,SPO-0047,786.22,1729.67,pcs,True,2021-09-01T09:00:00
de568940-f139-48de-8876-8fa256e5e319,00000000-0000-0000-0000-000000000003,4c64c200-fa37-4ffb-83fd-e482e7fc45bb,Resistance Band Set,SPO-0048,283.33,686.75,pcs,True,2021-09-01T09:00:00
cf525403-6ce7-401c-a008-d662499fc3cb,00000000-0000-0000-0000-000000000003,4c64c200-fa37-4ffb-83fd-e482e7fc45bb,Jump Rope Speed,SPO-0049,193.6,344.45,pcs,True,2021-09-01T09:00:00
5c804b54-c729-49e7-9560-e9ca2767949a,00000000-0000-0000-0000-000000000003,4c64c200-fa37-4ffb-83fd-e482e7fc45bb,Gym Gloves,SPO-0050,303.57,727.64,litre,True,2021-09-01T09:00:00
f9cc4dfd-dea3-4da6-b0a1-6b2cbea7b376,00000000-0000-0000-0000-000000000003,f1b97fe3-fa32-4750-9618-3657471fda78,Shampoo 400ml,BEA-0051,223.15,424.09,litre,True,2021-09-01T09:00:00
1c7c205f-5cf1-4633-a82f-d21bfa716103,00000000-0000-0000-0000-000000000003,f1b97fe3-fa32-4750-9618-3657471fda78,Face Serum 30ml,BEA-0052,566.47,1143.9,litre,True,2021-09-01T09:00:00
8ad88a04-ca46-435e-87d4-396cb005a6d2,00000000-0000-0000-0000-000000000003,f1b97fe3-fa32-4750-9618-3657471fda78,Sunscreen SPF50,BEA-0053,361.59,625.84,roll,True,2021-09-01T09:00:00
1831f8b6-38a1-4bef-be90-cf517a3496ee,00000000-0000-0000-0000-000000000003,f1b97fe3-fa32-4750-9618-3657471fda78,Electric Toothbrush,BEA-0054,1093.85,2431.99,set,True,2021-09-01T09:00:00
3cefe427-0919-4c54-ae48-03774fc99c60,00000000-0000-0000-0000-000000000003,f1b97fe3-fa32-4750-9618-3657471fda78,Perfume 50ml EDP,BEA-0055,1674.45,3253.41,roll,True,2021-09-01T09:00:00
ff2cfcfe-80d1-4c3b-89e6-cae01de39929,00000000-0000-0000-0000-000000000003,02149d7e-5e68-4f6a-ba69-bd77da7469d1,Python Data Science,BOO-0056,501.43,787.76,box,True,2021-09-01T09:00:00
42ad5b7b-ac7c-4f0f-8451-923d107653c9,00000000-0000-0000-0000-000000000003,02149d7e-5e68-4f6a-ba69-bd77da7469d1,Business Strategy,BOO-0057,404.95,835.47,litre,True,2021-09-01T09:00:00
819b3f6f-d7fb-4218-939a-691e3cdb4b50,00000000-0000-0000-0000-000000000003,02149d7e-5e68-4f6a-ba69-bd77da7469d1,Machine Learning A-Z,BOO-0058,521.82,943.68,box,True,2021-09-01T09:00:00
e5e92654-cfff-42af-98dc-c9d7d78107a3,00000000-0000-0000-0000-000000000003,02149d7e-5e68-4f6a-ba69-bd77da7469d1,Financial Modeling,BOO-0059,431.04,815.45,litre,True,2021-09-01T09:00:00
31458971-3a9c-421d-be7a-1002af4bf4c9,00000000-0000-0000-0000-000000000003,02149d7e-5e68-4f6a-ba69-bd77da7469d1,Management Accounting,BOO-0060,454.54,886.4,pcs,True,2021-09-01T09:00:00
b04aea23-a41f-4195-9bfd-210e16ee93f2,00000000-0000-0000-0000-000000000003,b12b9fd3-266e-4dae-92d7-2e2c026f3b68,Cordless Drill 18V,HAR-0061,3858.66,6031.53,box,True,2021-09-01T09:00:00
ad2f5425-1c3e-4338-a80a-c8f5895bed59,00000000-0000-0000-0000-000000000003,b12b9fd3-266e-4dae-92d7-2e2c026f3b68,Angle Grinder 115mm,HAR-0062,2153.94,4303.13,set,True,2021-09-01T09:00:00
2f78c7af-8794-4a1a-bd24-704370b3001d,00000000-0000-0000-0000-000000000003,b12b9fd3-266e-4dae-92d7-2e2c026f3b68,Measuring Tape 10m,HAR-0063,214.21,394.38,kg,True,2021-09-01T09:00:00
8c223240-e225-44e5-876a-568baa118961,00000000-0000-0000-0000-000000000003,b12b9fd3-266e-4dae-92d7-2e2c026f3b68,Socket Wrench Set,HAR-0064,1376.04,2447.23,kg,True,2021-09-01T09:00:00
869aae43-f41e-49ba-b987-ab0927338a32,00000000-0000-0000-0000-000000000003,b12b9fd3-266e-4dae-92d7-2e2c026f3b68,Safety Goggles,HAR-0065,140.3,325.63,pcs,True,2021-09-01T09:00:00
aa63b223-d704-44e5-b908-82702ec69f85,00000000-0000-0000-0000-000000000003,8ffb79f8-ba2a-4331-85fe-7ca8493a9a6e,Bubble Wrap Roll 50m,PAC-0066,352.06,628.52,box,True,2021-09-01T09:00:00
5b4884b7-d4fb-4e9a-ab38-ff805798bc26,00000000-0000-0000-0000-000000000003,8ffb79f8-ba2a-4331-85fe-7ca8493a9a6e,Cardboard Box 40x30,PAC-0067,13.62,32.51,set,True,2021-09-01T09:00:00
ed8477f2-ae90-4d46-937f-346bd13ccabe,00000000-0000-0000-0000-000000000003,8ffb79f8-ba2a-4331-85fe-7ca8493a9a6e,Stretch Wrap 500m,PAC-0068,297.78,604.19,pcs,True,2021-09-01T09:00:00
1af1ac43-f8fb-44c3-8911-69d9a644cc96,00000000-0000-0000-0000-000000000003,8ffb79f8-ba2a-4331-85fe-7ca8493a9a6e,Packing Tape 12pk,PAC-0069,175.94,320.05,kg,True,2021-09-01T09:00:00
8fc720f7-df51-4878-a361-6730372ad7f6,00000000-0000-0000-0000-000000000003,8ffb79f8-ba2a-4331-85fe-7ca8493a9a6e,Foam Sheets 5mm,PAC-0070,76.86,161.26,roll,True,2021-09-01T09:00:00
91af09ce-c049-4218-bfc3-79b4d2e2810c,00000000-0000-0000-0000-000000000003,9aebc1a8-0130-49e3-aed2-4dab29b9d503,Steel Rod 12mm 6m,RAW-0071,820.23,1457.31,set,True,2021-09-01T09:00:00
752f9c07-0bd1-4a17-b665-98a6eca0b5fb,00000000-0000-0000-0000-000000000003,9aebc1a8-0130-49e3-aed2-4dab29b9d503,Copper Wire 1.5mm 100m,RAW-0072,1361.22,2245.98,roll,True,2021-09-01T09:00:00
764e624c-616b-400e-95fc-b8d8e2d49738,00000000-0000-0000-0000-000000000003,9aebc1a8-0130-49e3-aed2-4dab29b9d503,Aluminium Sheet 1mx2m,RAW-0073,1339.96,2397.97,set,True,2021-09-01T09:00:00
30d0b949-8914-4b72-8f16-83df27d7d212,00000000-0000-0000-0000-000000000003,9aebc1a8-0130-49e3-aed2-4dab29b9d503,PVC Pipe 110mm 3m,RAW-0074,191.04,377.05,pcs,True,2021-09-01T09:00:00
a9f5770b-151a-4213-91be-f4c74306664d,00000000-0000-0000-0000-000000000003,9aebc1a8-0130-49e3-aed2-4dab29b9d503,Epoxy Resin 1kg,RAW-0075,591.98,945.76,pcs,False,2021-09-01T09:00:00
6c7474cd-55b4-4c70-9b93-87686d6eb109,00000000-0000-0000-0000-000000000003,9d5982f7-995a-416e-83a7-3ae52fda6787,Caustic Soda 25kg,CHE-0076,864.72,1816.87,roll,True,2021-09-01T09:00:00
3921ee1e-afbc-4bdf-a8c5-ed1b795d6942,00000000-0000-0000-0000-000000000003,9d5982f7-995a-416e-83a7-3ae52fda6787,Hydrogen Peroxide 5L,CHE-0077,384.35,702.66,pcs,True,2021-09-01T09:00:00
50b643bf-2cc3-4abc-afb5-5684a4a712bb,00000000-0000-0000-0000-000000000003,9d5982f7-995a-416e-83a7-3ae52fda6787,Acetone 5L,CHE-0078,517.81,962.34,litre,True,2021-09-01T09:00:00
750e2459-9294-45cc-b767-83697286ecba,00000000-0000-0000-0000-000000000003,9d5982f7-995a-416e-83a7-3ae52fda6787,Isopropanol 5L,CHE-0079,521.93,803.38,roll,True,2021-09-01T09:00:00
4d4ec131-80c6-4270-a7c0-f6ee09ad94a2,00000000-0000-0000-0000-000000000003,9d5982f7-995a-416e-83a7-3ae52fda6787,Sodium Carbonate 50kg,CHE-0080,782.79,1451.73,kg,True,2021-09-01T09:00:00
8656682f-93f5-48a9-b173-da0348b96d8c,00000000-0000-0000-0000-000000000003,bad85107-9807-4f7d-9faa-2217d2043ac0,Cable 1.5mm2 100m,ELE-0081,1929.42,2807.06,box,True,2021-09-01T09:00:00
b006a9ac-9569-4c73-9c99-24efa8d23e15,00000000-0000-0000-0000-000000000003,bad85107-9807-4f7d-9faa-2217d2043ac0,MCB 32A,ELE-0082,103.61,228.7,litre,True,2021-09-01T09:00:00
47c74360-c852-4f19-a182-0a4a72b0681f,00000000-0000-0000-0000-000000000003,bad85107-9807-4f7d-9faa-2217d2043ac0,Distribution Board 8way,ELE-0083,1680.13,3036.33,set,True,2021-09-01T09:00:00
300b3419-b64f-4133-b0cf-3f1410b08bc8,00000000-0000-0000-0000-000000000003,bad85107-9807-4f7d-9faa-2217d2043ac0,LED Bulb 9W 6pk,ELE-0084,220.02,347.04,pcs,True,2021-09-01T09:00:00
3a2ae3dd-16b8-4ac4-953c-672fec23106f,00000000-0000-0000-0000-000000000003,bad85107-9807-4f7d-9faa-2217d2043ac0,Extension Cord 5m 4way,ELE-0085,345.9,669.79,set,True,2021-09-01T09:00:00
503c616a-4d6b-486a-aa85-3c11accd8e76,00000000-0000-0000-0000-000000000003,25c33dae-43e8-46db-af58-9c87b2d8fcb4,Fertilizer NPK 50kg,AGR-0086,1175.2,1753.59,roll,True,2021-09-01T09:00:00
d1722590-9a3c-46a7-8ce7-b44bdb94c552,00000000-0000-0000-0000-000000000003,25c33dae-43e8-46db-af58-9c87b2d8fcb4,Drip Irrigation Kit,AGR-0087,3920.26,6186.05,pcs,False,2021-09-01T09:00:00
53c5bf64-dcfe-41b2-a60a-fc05d9eafabc,00000000-0000-0000-0000-000000000003,25c33dae-43e8-46db-af58-9c87b2d8fcb4,Pesticide Spray 1L,AGR-0088,312.76,578.22,pcs,True,2021-09-01T09:00:00
67684a4f-747f-43d6-be4f-3869d718aada,00000000-0000-0000-0000-000000000003,25c33dae-43e8-46db-af58-9c87b2d8fcb4,Greenhouse Net 50m,AGR-0089,743.51,1328.08,litre,True,2021-09-01T09:00:00
1ac4eec4-51cb-4abd-aad4-e099c9490df1,00000000-0000-0000-0000-000000000003,25c33dae-43e8-46db-af58-9c87b2d8fcb4,Seed Tray 72-cell,AGR-0090,79.84,183.21,kg,False,2021-09-01T09:00:00
a1b5eaa5-e4d5-462b-8d75-3268133792ef,00000000-0000-0000-0000-000000000003,c75a91c8-335c-48bc-b0ef-34564131ddf9,Floor Cleaner 5L,CLE-0091,283.51,581.73,kg,True,2021-09-01T09:00:00
084b6a6c-eebe-46e2-8682-0681d035a518,00000000-0000-0000-0000-000000000003,c75a91c8-335c-48bc-b0ef-34564131ddf9,Disinfectant 5L,CLE-0092,320.25,530.47,pcs,False,2021-09-01T09:00:00
7c9cd5af-78bd-46f3-8e89-1b42be40ac87,00000000-0000-0000-0000-000000000003,c75a91c8-335c-48bc-b0ef-34564131ddf9,Microfibre Cloth 10pk,CLE-0093,233.12,437.64,set,True,2021-09-01T09:00:00
4cccbf03-a392-4850-9096-a78dec0d1afa,00000000-0000-0000-0000-000000000003,c75a91c8-335c-48bc-b0ef-34564131ddf9,Mop & Bucket Set,CLE-0094,606.04,1088.05,pcs,True,2021-09-01T09:00:00
c098f9e5-c213-4ef6-bea2-517e5afff6a1,00000000-0000-0000-0000-000000000003,c75a91c8-335c-48bc-b0ef-34564131ddf9,Industrial Vacuum,CLE-0095,9041.24,14279.8,pcs,True,2021-09-01T09:00:00
80f1d921-3b1a-4053-9142-e3d9613bd2bb,00000000-0000-0000-0000-000000000003,ac48c593-34a7-4ac0-a9d8-03dd6b81ab01,Router WiFi6,NET-0096,4985.53,8034.33,litre,True,2021-09-01T09:00:00
496ffcaf-67fc-4613-9369-456c5db9c167,00000000-0000-0000-0000-000000000003,ac48c593-34a7-4ac0-a9d8-03dd6b81ab01,Network Switch 24port,NET-0097,6863.62,11137.87,litre,True,2021-09-01T09:00:00
cf02d801-77eb-4e1f-824a-fffc8768d8f9,00000000-0000-0000-0000-000000000003,ac48c593-34a7-4ac0-a9d8-03dd6b81ab01,Cat6 Cable 305m,NET-0098,2594.67,4559.82,litre,False,2021-09-01T09:00:00
2050438c-a5ff-41b7-b24d-813cd2719c36,00000000-0000-0000-0000-000000000003,ac48c593-34a7-4ac0-a9d8-03dd6b81ab01,Patch Panel 24port,NET-0099,1896.45,2950.09,box,True,2021-09-01T09:00:00
2d0d411b-3dc6-470c-acad-004a4f027adc,00000000-0000-0000-0000-000000000003,ac48c593-34a7-4ac0-a9d8-03dd6b81ab01,Network Rack 9U,NET-0100,5319.95,8924.37,pcs,True,2021-09-01T09:00:00
