company_id,month,revenue_growth,profit_margin,expense_ratio,collection_rate,inventory_turnover,score_revenue_growth,score_profit_margin,score_expense_control,score_inventory_turnover,score_payment_collection,health_score,health_label
00000000-0000-0000-0000-000000000001,2022-02-28,0.581770068483345,0.23921979334341248,0.30497250025970124,0.8058717716149862,233.54570566482067,61.5981376778027,80.47430411452456,75.59691162812723,91.65309450866603,77.51904727769558,76.01,Excellent
00000000-0000-0000-0000-000000000001,2022-03-31,-0.2114940834749592,0.16782127998253718,0.354098839496026,0.5629990347498279,233.54570566482067,24.185720772947473,70.83879187209322,68.83126579097203,91.65309450866603,29.05788830985543,55.63,Good
00000000-0000-0000-0000-000000000001,2022-04-30,0.0302964171894763,0.17184459205845679,0.34283260929624887,0.6431674515083503,233.54570566482067,35.58919462482905,71.38175377616962,70.38284330797117,91.65309450866603,45.054143957486126,61.33,Good
00000000-0000-0000-0000-000000000001,2022-05-31,-0.03870961300482912,0.152688307834363,0.3589760469537931,0.6462559108462715,233.54570566482067,32.33468934533915,68.79653732736475,68.15958011590374,91.65309450866603,45.670393936271545,59.51,Good
00000000-0000-0000-0000-000000000001,2022-06-30,0.29909550869665447,0.24095796105024436,0.267054064359318,0.8041084788508025,233.54570566482067,48.26646442239513,80.70887673277959,80.81901268407509,91.65309450866603,77.16721194181186,73.73,Good
00000000-0000-0000-0000-000000000001,2022-07-31,-0.3130490628481247,0.06561617224718931,0.4598392100150664,0.7812758235946432,233.54570566482067,19.396121724896016,57.04580767023161,54.26877428962247,91.65309450866603,72.61134062291225,54.6,Fair
00000000-0000-0000-0000-000000000001,2022-08-31,0.6406786044378489,0.2382222780886733,0.29068295963389146,0.635581418669956,233.54570566482067,64.37641865891578,80.339685478973,77.56485738905185,91.65309450866603,43.5404790313121,71.97,Good
00000000-0000-0000-0000-000000000001,2022-09-30,-0.5194720167448627,-0.08098119884125449,0.5973528453982465,0.6261419990538494,233.54570566482067,9.660674092664681,37.26191165699909,35.33049048413257,91.65309450866603,41.65700202815113,38.79,Fair
00000000-0000-0000-0000-000000000001,2022-10-31,1.396013661088132,0.3052838658889424,0.21952418145583485,0.7108311027921177,233.54570566482067,100.0,89.38991243510544,87.36479564704928,91.65309450866603,58.5552845281862,87.35,Excellent
00000000-0000-0000-0000-000000000001,2022-11-30,-0.31884229689580507,0.2275837576051323,0.2903795537305912,0.7716824384202593,233.54570566482067,19.122897620561837,78.90397499236379,77.60664224252437,91.65309450866603,70.69714238898838,64.38,Good
00000000-0000-0000-0000-000000000001,2022-12-31,0.6235001650700619,0.30107972954785656,0.21761317170375344,0.6834514082278986,233.54570566482067,63.56623842599357,88.82254758006098,87.6279786029731,91.65309450866603,53.09212819415852,77.33,Excellent
00000000-0000-0000-0000-000000000001,2023-01-31,0.0013851222173495632,0.383903918430231,0.14177281658928742,0.4888250462232413,233.54570566482067,34.22566216456819,100.0,98.07266043444893,91.65309450866603,14.257719729133484,69.06,Good
00000000-0000-0000-0000-000000000001,2023-02-28,-0.3929310719818459,0.24160954241153085,0.2914808120369501,0.7985810453867277,233.54570566482067,15.628676767840505,80.79681021889972,77.45497770183457,91.65309450866603,76.06430580568426,64.75,Good
00000000-0000-0000-0000-000000000001,2023-03-31,0.038851524505805195,0.23188047664913297,0.30757752244975867,0.6637091398104312,233.54570566482067,35.992675912612114,79.48383424995782,75.23814975395064,91.65309450866603,49.152891454318784,65.04,Good
00000000-0000-0000-0000-000000000001,2023-04-30,0.05083286304344669,0.305220673999877,0.2135899241787131,0.47314403411914324,233.54570566482067,36.55774724646966,89.38138443932444,88.18205750021582,91.65309450866603,11.128838199811296,64.54,Good
00000000-0000-0000-0000-000000000001,2023-05-31,-0.16559082562812327,0.15751083885035772,0.3697404412431542,0.8068258340119183,233.54570566482067,26.350638745879095,69.44735699372468,66.67711509723077,91.65309450866603,77.70941434021455,62.69,Good
00000000-0000-0000-0000-000000000001,2023-06-30,0.7909769829485204,0.3113217159132918,0.20291870421823652,0.746030989685334,233.54570566482067,71.46488418844162,90.20474421645542,89.65169061404616,91.65309450866603,65.57882836599956,81.93,Excellent
00000000-0000-0000-0000-000000000001,2023-07-31,-0.43646998935421605,0.1749278381340458,0.3238118974699717,0.49388872406024453,233.54570566482067,13.57526728967367,71.79785004917754,73.00236273049771,91.65309450866603,15.268091250401358,51.98,Fair
00000000-0000-0000-0000-000000000001,2023-08-31,-0.5357620345807168,-0.32841071264989113,0.83342468419298,0.639594630052192,233.54570566482067,8.892394148136775,3.8703185100696778,2.8188383187258523,91.65309450866603,44.34124768602554,24.15,At Risk
00000000-0000-0000-0000-000000000001,2023-09-30,0.947202663057183,0.07903041223735746,0.4495653864649673,0.6809923260636668,233.54570566482067,78.83289679942501,58.85611250101825,55.68367824163522,91.65309450866603,52.601459816908815,67.2,Good
00000000-0000-0000-0000-000000000001,2023-10-31,0.7851600525209019,0.3013890162995158,0.23143386161009424,0.8231318111747231,233.54570566482067,71.19054250071079,88.86428705251991,85.72460264243934,91.65309450866603,80.96299710793117,83.05,Excellent
00000000-0000-0000-0000-000000000001,2023-11-30,0.21062497406924566,0.34233096409972136,0.19733848902652576,0.7194941702075748,233.54570566482067,44.0939620887084,94.3895651106768,90.42019403337508,91.65309450866603,60.28385354168838,75.5,Excellent
00000000-0000-0000-0000-000000000001,2023-12-31,-0.10695172681194857,0.2707499997466689,0.2273359441482996,0.6930474483938038,233.54570566482067,29.116212365233878,84.72943038402255,86.28896503229753,91.65309450866603,55.00685618686811,67.72,Good
00000000-0000-0000-0000-000000000001,2024-01-31,-0.6464851439325384,-0.05163394864372613,0.5599436742824085,0.5879584203141627,233.54570566482067,3.6704020565415894,41.22243933816695,40.48245594229055,91.65309450866603,34.03811279772943,38.17,Fair
00000000-0000-0000-0000-000000000001,2024-02-29,0.6313741024990615,0.19075606383338775,0.31053701102708303,0.554699055848656,233.54570566482067,63.93759395624065,73.93393181506973,74.83057101137504,91.65309450866603,27.401767486451824,67.29,Good
00000000-0000-0000-0000-000000000001,2024-03-31,1.0788233501062467,0.3779152746567481,0.1469830180923712,0.5869464957148322,233.54570566482067,85.04047343707684,99.19180879714823,97.35511504722794,91.65309450866603,33.836200308478524,84.35,Excellent
00000000-0000-0000-0000-000000000001,2024-04-30,-0.35511968455383386,0.2454911413794337,0.2801227239243834,0.6124101155660929,233.54570566482067,17.41196091942554,81.32064737761473,79.01920582775216,91.65309450866603,38.917036245176135,60.07,Good
00000000-0000-0000-0000-000000000001,2024-05-31,-0.13129081869248027,0.19105807200787214,0.32603059823601127,0.7236342866604231,233.54570566482067,27.968316988552477,73.97468901470288,72.69680477859256,91.65309450866603,61.109943963184485,62.94,Good
00000000-0000-0000-0000-000000000001,2024-06-30,0.15556180477519851,0.3006310698426471,0.23469437175090285,0.7758332325339938,233.54570566482067,41.497038679720426,88.76199917535708,85.27556741603979,91.65309450866603,71.52536335765208,74.1,Good
00000000-0000-0000-0000-000000000001,2024-07-31,-0.22963917553388075,0.19022115028014838,0.3158131968407801,0.6490481281282003,233.54570566482067,23.329950665084294,73.86174311185641,74.10393831002973,91.65309450866603,46.22753380844842,59.8,Good
00000000-0000-0000-0000-000000000001,2024-08-31,0.3408698090406629,0.2559236054726148,0.2597949910620752,0.7294353166089521,233.54570566482067,50.236649935657596,82.72854973799714,81.81872729335704,91.65309450866603,62.267441664002774,72.69,Good
00000000-0000-0000-0000-000000000001,2024-09-30,-0.439140913412434,0.07000567135926579,0.4412971863759607,0.4952784373531233,233.54570566482067,13.449299509407068,57.638187965585644,56.82236910243501,91.65309450866603,15.54538510262698,45.22,Fair
00000000-0000-0000-0000-000000000001,2024-10-31,1.1127478610712518,0.34744458998529787,0.18157065109572704,0.6420895082899993,233.54570566482067,86.64044230543281,95.0796691829373,92.59172988798576,91.65309450866603,44.83905856611173,84.42,Excellent
00000000-0000-0000-0000-000000000001,2024-11-30,0.17606886839257035,0.32277379087787833,0.1879871105627023,0.7947268745683722,233.54570566482067,42.46420555805912,91.75024710339623,91.70805947905944,91.65309450866603,75.29527101351968,76.94,Excellent
00000000-0000-0000-0000-000000000001,2024-12-31,-0.24425481183261155,0.2753648720030471,0.24436572672995996,0.618147793563396,233.54570566482067,22.640638943146566,85.35222567807632,83.94363502354176,91.65309450866603,40.0618931324601,63.54,Good
00000000-0000-0000-0000-000000000002,2022-02-28,0.2164470268154547,0.21065294786120478,0.2659560211471317,0.559204837069095,239.14656888476011,44.36854535841183,76.61909514147204,80.97023444419459,100.0,28.300820145949103,65.69,Good
00000000-0000-0000-0000-000000000002,2022-03-31,0.05308479211773903,0.17303434955455618,0.34889156992207027,0.8388834153430279,239.14656888476011,36.663954124921936,71.54231626381201,69.54840739491894,100.0,84.10596409323968,68.58,Good
00000000-0000-0000-0000-000000000002,2022-04-30,-0.1342378125683685,0.03935626863801568,0.42912772626287266,0.4840917428535429,239.14656888476011,27.829329031982645,53.50192964251468,58.49833882528506,100.0,13.31326886156114,49.03,Fair
00000000-0000-0000-0000-000000000002,2022-05-31,1.36231486779818,0.3470551487394299,0.12988713716098313,0.5771695022590406,239.14656888476011,98.41067656890601,95.02711254393135,99.70954807549687,100.0,31.885366138269873,88.08,Excellent
00000000-0000-0000-0000-000000000002,2022-06-30,-0.49011986331240565,0.19389426107461602,0.3531699611043756,0.5684126447225093,239.14656888476011,11.04499859360101,74.35744396558447,68.95919028771625,100.0,30.138082887732864,54.66,Fair
00000000-0000-0000-0000-000000000002,2022-07-31,0.00693427788599112,0.1802166989813811,0.26886048759465675,0.6838618881570604,239.14656888476011,34.48737489270881,72.51160277376776,80.57023331169977,100.0,53.17403254191271,65.84,Good
00000000-0000-0000-0000-000000000002,2022-08-31,-0.4174432909983923,-0.07512550438928842,0.5841187803556694,0.6660879198524845,239.14656888476011,14.472616261581353,38.052160822197735,37.15307686968088,100.0,49.62753689725902,43.01,Fair
00000000-0000-0000-0000-000000000002,2022-09-30,0.3172971422530217,0.057415765443492056,0.48006393026021343,0.6545671346838052,239.14656888476011,49.12490117549829,55.939130283959294,51.48343965119226,100.0,47.32875849709765,58.66,Good
00000000-0000-0000-0000-000000000002,2022-10-31,0.9472109642943015,0.25370947386585985,0.2318573298604164,0.8245551104366254,239.14656888476011,78.83328830752876,82.4297439057887,85.66628288465773,100.0,81.24699247389995,84.64,Excellent
00000000-0000-0000-0000-000000000002,2022-11-30,0.08245351613589702,0.27605380277541125,0.1982895270343863,0.5782083064579321,239.14656888476011,38.04906013811881,85.4451996151911,90.2892177294436,100.0,32.09264199833023,68.75,Good
00000000-0000-0000-0000-000000000002,2022-12-31,-0.039837266806057064,0.2476058098616377,0.2202539758769782,0.7870126638013939,239.14656888476011,32.2815062359906,81.60603026711513,87.26428885854962,100.0,73.75603034321952,71.99,Good
00000000-0000-0000-0000-000000000002,2023-01-31,-0.49284632302228737,0.04939622299731037,0.437862394704653,0.5572255569621081,239.14656888476011,10.916411606418274,54.856861259276435,57.295406262006146,100.0,27.905888178101968,47.09,Fair
00000000-0000-0000-0000-000000000002,2023-02-28,0.7395715088076112,0.2456095959418154,0.18408481361987986,0.8070293633568092,239.14656888476011,69.04046727132301,81.3366332900977,92.24548114484944,100.0,77.75002518877946,82.71,Excellent
00000000-0000-0000-0000-000000000002,2023-03-31,-0.2291485147344379,0.17354215703672154,0.28537323137472886,0.5384419157107343,239.14656888476011,23.353091514626417,71.6108468953459,78.2961095330436,100.0,24.157929323489626,58.02,Good
00000000-0000-0000-0000-000000000002,2023-04-30,0.11174254184891745,0.1719110586848923,0.32286715300276725,0.5362306839688192,239.14656888476011,39.430407370320644,71.39072371073249,73.13247229231483,100.0,23.716715318398663,60.89,Good
00000000-0000-0000-0000-000000000002,2023-05-31,-0.0236065849671195,0.20900657042108603,0.28473123174280873,0.6302709279920579,239.14656888476011,33.04698773935785,76.39690998336174,78.38452528322317,100.0,42.48086016976102,64.41,Good
00000000-0000-0000-0000-000000000002,2023-06-30,0.3839821584486852,0.22456808411868853,0.2576941977988,0.6692722295337173,239.14656888476011,52.26994135040124,78.49699790796798,82.10804710463034,100.0,50.26291219568427,71.65,Good
00000000-0000-0000-0000-000000000002,2023-07-31,-0.6755377660969497,-0.24747370412269293,0.7184324810210346,0.4173696480069294,239.14656888476011,2.3002042354111016,14.793088464505983,18.655485884769504,100.0,0.0,23.0,At Risk
00000000-0000-0000-0000-000000000002,2023-08-31,-0.12189527541325716,-0.35708951880979334,0.8538926795375759,0.8352984544310748,239.14656888476011,28.411435439502448,0.0,0.0,100.0,83.39064559808841,34.61,At Risk
00000000-0000-0000-0000-000000000002,2023-09-30,0.6598038521389534,0.05645292858600019,0.4471889853321076,0.6609647256173397,239.14656888476011,65.27841547628861,55.80919163550404,56.010954580191594,100.0,48.60528988239412,63.76,Good
00000000-0000-0000-0000-000000000002,2023-10-31,1.086364235923761,0.24072317718858557,0.20008724507861167,0.7134136666705592,239.14656888476011,85.39612138024971,80.67719172048943,90.04163723003406,100.0,59.07059159917802,83.39,Excellent
00000000-0000-0000-0000-000000000002,2023-11-30,-0.245893430680997,0.2427163590456987,0.22002295837682448,0.5027509508915056,239.14656888476011,22.563357382707196,80.94617950863193,87.29610443065457,100.0,17.036399166811265,60.89,Good
00000000-0000-0000-0000-000000000002,2023-12-31,0.5166252209298489,0.2756450295841825,0.19187140458016272,0.45460854422787605,239.14656888476011,58.52573589353206,85.39003405357005,91.17311716383628,100.0,7.430393764418791,70.33,Good
00000000-0000-0000-0000-000000000002,2024-01-31,-0.43450155592109896,0.11345933133038363,0.356857229017388,0.5106184155062449,239.14656888476011,13.668103770519844,63.50243153202931,68.4513822728316,100.0,18.60621905804268,50.77,Fair
00000000-0000-0000-0000-000000000002,2024-02-29,0.19977264620646484,0.19365864943501726,0.22338636889530358,0.6682002779566146,239.14656888476011,43.582137857916905,74.32564724138183,86.83289783462621,100.0,50.049022335281194,69.35,Good
00000000-0000-0000-0000-000000000002,2024-03-31,-0.47985538900886454,0.019078940768304457,0.45530681755301466,0.43299161406436243,239.14656888476011,11.529098109512876,50.76542391241833,54.89297227933467,100.0,3.117099886430566,42.02,Fair
00000000-0000-0000-0000-000000000002,2024-04-30,0.7220328702616768,0.0887813700614238,0.36566531205780306,0.46950113019524015,239.14656888476011,68.21329910091696,60.17204289041356,67.23833910124435,100.0,10.401958153744824,62.1,Good
00000000-0000-0000-0000-000000000002,2024-05-31,0.09902616140710796,0.1895675282888564,0.3041243136891711,0.6972397568909473,239.14656888476011,38.83066953339048,73.77353423463255,75.71372330246007,100.0,55.8433606506651,66.67,Good
00000000-0000-0000-0000-000000000002,2024-06-30,0.3390912697257513,0.23401752319670244,0.2194760717864962,0.7556123240178613,239.14656888476011,50.152769359223015,79.77223714803604,87.37142127780353,100.0,67.49062205764974,75.08,Excellent
00000000-0000-0000-0000-000000000002,2024-07-31,-0.3493580792189678,0.1733011307250535,0.289388744362849,0.6610006259257112,239.14656888476011,17.68369333075046,71.57831943969586,77.7430958309351,100.0,48.612453183526405,60.16,Good
00000000-0000-0000-0000-000000000002,2024-08-31,-0.3265644528149014,0.019363102428661284,0.46778387654454806,0.6436927525969954,239.14656888476011,18.758700504208704,50.8037726542662,53.17464024934311,100.0,45.1589589313337,49.8,Fair
00000000-0000-0000-0000-000000000002,2024-09-30,0.3510020681707272,0.11026934423857265,0.3593927286097816,0.7886804678040529,239.14656888476011,50.71451383739346,63.07193013599903,68.10219500325172,100.0,74.08881250701145,68.18,Good
00000000-0000-0000-0000-000000000002,2024-10-31,0.3515887124249595,0.24062353117341356,0.244860345243414,0.5980963451777125,239.14656888476011,50.74218151827882,80.66374409596752,83.87551650018848,100.0,36.0609647438055,70.04,Good
00000000-0000-0000-0000-000000000002,2024-11-30,0.40412720058519813,0.2856089714967901,0.17720648020026206,0.5580430836063306,239.14656888476011,53.22003434668316,86.73470748950763,93.19276051861138,100.0,28.069011833632345,72.84,Good
00000000-0000-0000-0000-000000000002,2024-12-31,0.016370534063799045,0.3321723468194541,0.1618792063016889,0.6440498341671146,239.14656888476011,34.93241347068267,93.01861946261478,95.30362219605024,100.0,45.230208537021795,72.83,Good
00000000-0000-0000-0000-000000000003,2022-02-28,-0.20512051640764592,0.09101426466132369,0.40771611009427167,0.7938892517024977,172.0454950106826,24.486314903798746,60.47338086288154,61.44713195845518,0.0,75.12813749585038,44.8,Fair
00000000-0000-0000-0000-000000000003,2022-03-31,-0.24784484088563244,-0.050327756308999175,0.5408748418591682,0.45913618770034886,172.0454950106826,22.47132376194168,41.39871516857,43.10860250051633,0.0,8.3338086676363,25.84,At Risk
00000000-0000-0000-0000-000000000003,2022-04-30,0.4615410791410049,0.05957445820315354,0.4246564445932051,0.6540148198942299,172.0454950106826,55.927823366711216,56.230454424116594,59.11412067846997,0.0,47.21855339477381,46.95,Fair
00000000-0000-0000-0000-000000000003,2022-05-31,-0.21810950784194255,0.013776821442738065,0.4637914334540562,0.584606311475795,172.0454950106826,23.873720017828106,50.04988190366382,53.724476780930075,0.0,33.36925600717156,34.23,At Risk
00000000-0000-0000-0000-000000000003,2022-06-30,0.20280838958556394,0.03334409340890298,0.4287819182217795,0.6423892197556234,172.0454950106826,43.725311473710114,52.69056277649948,58.54596327217132,0.0,44.89886093490603,42.55,Fair
00000000-0000-0000-0000-000000000003,2022-07-31,-0.4642141016746484,-0.21519240693825759,0.7053136286883668,0.7825529121338497,172.0454950106826,12.266782222972077,19.149577410571872,20.462205254714732,0.0,72.86616210478508,22.88,At Risk
00000000-0000-0000-0000-000000000003,2022-08-31,1.3888025539791122,0.14474644410446544,0.36107317148327966,0.9185395375391502,172.0454950106826,99.65990528521654,67.7247513531895,67.87076556013838,0.0,100.0,70.42,Good
00000000-0000-0000-0000-000000000003,2022-09-30,-0.34097820366802656,-0.013155313752153036,0.4736800562290275,0.7715162853432633,172.0454950106826,18.07891022911737,46.41528356022839,52.36262241619016,0.0,70.66398934438887,37.2,Fair
00000000-0000-0000-0000-000000000003,2022-10-31,1.0264132193496385,0.24268512172662038,0.26297505796400206,0.433923260386856,172.0454950106826,82.56867428030961,80.94196390866729,81.38077065479303,0.0,3.302994199307816,57.65,Good
00000000-0000-0000-0000-000000000003,2022-11-30,0.13182834215312894,0.34623211310575513,0.17146071012581734,0.5477517915052796,172.0454950106826,40.37770636649201,94.91604062449028,93.9840640431507,0.0,26.01555804161452,56.52,Good
00000000-0000-0000-0000-000000000003,2022-12-31,-0.22799338360891871,0.19266564535182815,0.2773012640914639,0.5390906193524282,172.0454950106826,23.407570526618844,74.19163740630317,79.40777534606013,0.0,24.287367195804617,43.92,Fair
00000000-0000-0000-0000-000000000003,2023-01-31,-0.5183496149553086,-0.023734500483601036,0.48741413540027195,0.4885618837900146,172.0454950106826,9.71360950337483,44.98758039853073,50.471174426852016,0.0,14.205210103411087,25.9,At Risk
00000000-0000-0000-0000-000000000003,2023-02-28,0.08297169817134419,0.016714708164140377,0.4717799676446856,0.6325849461259263,172.0454950106826,38.07349896129631,50.44636135594413,52.624301316362995,0.0,42.94258346603253,39.1,Fair
00000000-0000-0000-0000-000000000003,2023-03-31,0.759898161189186,0.1885767039948447,0.30898440676453554,0.7339373781339874,172.0454950106826,69.99912548284335,73.6398185707392,75.04439460843003,0.0,63.16575212100916,60.39,Good
00000000-0000-0000-0000-000000000003,2023-04-30,0.8164216148773108,0.3205688181353229,0.18548334940979885,0.5331862539066626,172.0454950106826,72.66491973191155,91.45267729619682,92.05287575246184,0.0,23.10925063910634,62.91,Good
00000000-0000-0000-0000-000000000003,2023-05-31,-0.45197993628507127,0.24768361221348184,0.23105113608067632,0.5302425852857482,172.0454950106826,12.843777533938642,81.61653000273141,85.77731134056607,0.0,22.5218912062278,44.15,Fair
00000000-0000-0000-0000-000000000003,2023-06-30,-0.17050712042858016,0.17284362472131867,0.3109566294099597,0.8116074144847187,172.0454950106826,26.118773395292155,71.51657719195896,74.77278145470471,0.0,78.66349808959211,51.16,Fair
00000000-0000-0000-0000-000000000003,2023-07-31,0.0023948234847156755,0.14904696242970436,0.3647868125126554,0.6438894329684006,172.0454950106826,34.273282323213714,68.30512333883854,67.35932545770743,0.0,45.198203182736904,45.9,Fair
00000000-0000-0000-0000-000000000003,2023-08-31,0.35302979210932306,0.2201468267074851,0.27394527298783944,0.5860281113017884,172.0454950106826,50.81014661390483,77.90033170432773,79.86996014534958,0.0,33.65295218599038,53.2,Fair
00000000-0000-0000-0000-000000000003,2023-09-30,-0.403495924352902,0.13860979378590568,0.3487534030421898,0.6803511268846845,172.0454950106826,15.130410634839986,66.89658608071193,69.56743564310977,0.0,52.473519333576746,42.29,Fair
00000000-0000-0000-0000-000000000003,2023-10-31,0.9376222329026148,0.19226792582418178,0.3008902320352027,0.6304187056891867,172.0454950106826,78.38105859876295,74.13796358037459,76.1591188157291,0.0,42.510346717180454,59.74,Good
00000000-0000-0000-0000-000000000003,2023-11-30,-0.026036217971994468,0.2685197170961837,0.21845769415848101,0.6198587159662119,172.0454950106826,32.932399877698174,84.42844490447602,87.51167154816234,0.0,40.40327884587813,52.9,Fair
00000000-0000-0000-0000-000000000003,2023-12-31,-0.18164610260053501,0.20258918541512053,0.28198756728907143,0.49172072695590896,172.0454950106826,25.59342979583144,75.53085845261292,78.76238087512229,0.0,14.835503988153995,43.26,Fair
00000000-0000-0000-0000-000000000003,2024-01-31,0.03134919191705482,0.2566847926183214,0.2572688554306136,0.8435292187288862,172.0454950106826,35.638846240772914,82.8312749589575,82.16662496464231,0.0,85.0329558145888,58.81,Good
00000000-0000-0000-0000-000000000003,2024-02-29,0.0007434769861486381,0.20904586798543043,0.32023508409872137,0.4962321062321194,172.0454950106826,34.195400493426945,76.40221334535786,73.49495902144193,0.0,15.735673645277895,44.71,Fair
00000000-0000-0000-0000-000000000003,2024-03-31,0.07109119892139268,0.23741419895874108,0.2666859100312631,0.5722931167105815,172.0454950106826,37.51318347259089,80.23063199896619,80.86971464631684,0.0,30.912365634785786,50.25,Fair
00000000-0000-0000-0000-000000000003,2024-04-30,0.2282644648137325,0.28134716044275915,0.22017874578338012,0.6915880752318526,172.0454950106826,44.9258867131767,86.15955920345736,87.27464949558248,0.0,54.71566288247519,58.43,Good
00000000-0000-0000-0000-000000000003,2024-05-31,-0.11960787347959073,0.24069112298226586,0.2571338289024102,0.5017154108192534,172.0454950106826,28.519315310992972,80.67286587835525,82.1852207257482,0.0,16.829774608177324,46.26,Fair
00000000-0000-0000-0000-000000000003,2024-06-30,0.5008083928666469,0.3827595514170235,0.12777812345875486,0.7457928689980177,172.0454950106826,57.77977281912348,99.84556313785046,100.0,0.0,65.5313153983832,69.24,Good
00000000-0000-0000-0000-000000000003,2024-07-31,-0.7243095299414152,-0.07827059699854542,0.5499958401266402,0.732482250775908,172.0454950106826,0.0,37.62771811444967,41.85246485789319,0.0,62.875405995179946,27.21,At Risk
00000000-0000-0000-0000-000000000003,2024-08-31,0.3882395091942978,0.0756728646236365,0.4098156273602151,0.5597731344739106,172.0454950106826,52.470729171976,58.40299814872023,61.157987876661636,0.0,28.414214309622043,44.21,Fair
00000000-0000-0000-0000-000000000003,2024-09-30,0.15538473532757346,0.1575976625314872,0.33533674265056773,0.7827439981718705,172.0454950106826,41.488687620392575,69.45907419346845,71.41516893523313,0.0,72.90429010130121,52.96,Fair
00000000-0000-0000-0000-000000000003,2024-10-31,1.0129663068057344,0.3332847608322243,0.1703396753503566,0.5742437356637143,172.0454950106826,81.93448263439478,93.1687441407649,94.1384521856381,0.0,31.30157875270744,67.3,Good
00000000-0000-0000-0000-000000000003,2024-11-30,-0.10360302825135502,0.3237926811390665,0.17322605617278813,0.6360713488639353,172.0454950106826,29.274145767781228,91.88775038075094,93.74094179306057,0.0,43.63823633960464,55.58,Good
00000000-0000-0000-0000-000000000003,2024-12-31,0.061424206299086265,0.3002840031259937,0.19341033209911937,0.6449604843717209,172.0454950106826,37.05726275903153,88.71516114694671,90.96117711855372,0.0,45.41191342864174,56.45,Good
