id,sale_date,company_id,net_amount,if_flag,lof_flag,zscore_flag,iqr_flag,ensemble_votes
4556e40e-20b6-4615-9592-28b567f2de18,2022-02-02,00000000-0000-0000-0000-000000000001,2602684.05,1,1,1,1,6
c8239f80-3138-4124-b67b-4434714d9550,2023-09-12,00000000-0000-0000-0000-000000000001,1565604.97,1,1,1,1,6
829b43c6-eb47-408e-a631-cab5fe70cdc7,2023-04-10,00000000-0000-0000-0000-000000000003,1868780.65,1,1,1,1,6
6360eca3-fc86-4514-ab16-796f83e45726,2024-11-21,00000000-0000-0000-0000-000000000003,1598936.5,1,1,1,1,6
2095923e-aea0-4418-a54c-674df51da987,2024-10-22,00000000-0000-0000-0000-000000000003,2486352.41,1,1,1,1,6
5d40a560-953f-4e83-8e20-0fe1336b36c0,2023-01-27,00000000-0000-0000-0000-000000000001,1788057.54,1,0,1,1,5
10fa1031-9f53-4369-b7e8-c5f24a49ad81,2022-01-07,00000000-0000-0000-0000-000000000001,1286143.68,1,0,1,1,5
af1dbc70-6b52-4a7d-87b7-5be002770f36,2022-10-25,00000000-0000-0000-0000-000000000001,1631555.39,1,0,1,1,5
7f556f28-f6b9-4948-8b17-d069c019b1dd,2022-08-25,00000000-0000-0000-0000-000000000001,1883179.43,1,0,1,1,5
3a3a08fa-b050-4ef8-bed3-88516b176725,2024-03-09,00000000-0000-0000-0000-000000000001,1354037.79,1,0,1,1,5
9f4e1294-7099-483d-8312-80975d29664f,2023-11-25,00000000-0000-0000-0000-000000000001,1237102.12,1,0,1,1,5
2acee01d-82c7-4648-828c-b05a62bbc44c,2023-06-18,00000000-0000-0000-0000-000000000001,1752930.37,1,0,1,1,5
1e503b54-e311-42de-a1e6-377b9b0c65c6,2024-07-29,00000000-0000-0000-0000-000000000001,1876627.36,1,0,1,1,5
70c69ab8-a731-4583-9eae-2716a9a071b3,2022-05-18,00000000-0000-0000-0000-000000000002,1371468.24,1,0,1,1,5
06fdbc3a-7615-4230-a8ed-fb8bba30db9e,2024-06-28,00000000-0000-0000-0000-000000000001,1636269.03,1,0,1,1,5
bf9e343a-a8ba-4508-94a4-4411719dfd7b,2024-10-07,00000000-0000-0000-0000-000000000001,1497241.34,1,0,1,1,5
2ef21a59-8917-49c4-8cf9-afa091fe86ae,2023-12-09,00000000-0000-0000-0000-000000000003,1852527.09,1,0,1,1,5
25d541eb-ee22-4ac9-a607-83e3e347dac9,2023-05-14,00000000-0000-0000-0000-000000000002,1397355.96,1,0,1,1,5
2008c94a-3838-45ed-ba69-99693530787f,2023-05-27,00000000-0000-0000-0000-000000000002,1186541.07,1,0,1,1,5
d6d91a26-b17c-45bd-8b21-01352daccd27,2023-12-26,00000000-0000-0000-0000-000000000002,1482241.9,1,0,1,1,5
ea174a09-28a9-4d6a-a835-5d329fb21257,2024-11-21,00000000-0000-0000-0000-000000000002,1353733.78,1,0,1,1,5
f7437cf0-3dfc-4332-ab0a-77025dfe80ab,2022-12-28,00000000-0000-0000-0000-000000000002,1566284.82,1,0,1,1,5
8b3df3d9-b3a6-4582-9edc-ee3c8b2f1784,2023-03-06,00000000-0000-0000-0000-000000000001,1089079.96,1,0,1,1,5
db0b3954-2480-4be7-84be-f781e86d81f2,2023-01-15,00000000-0000-0000-0000-000000000001,1911417.27,1,0,1,1,5
bf9a3e74-c047-4c47-9311-19decfcdfb56,2023-06-18,00000000-0000-0000-0000-000000000001,1330028.66,1,0,1,1,5
8efb2cde-78d5-4990-94c9-0e17b064794d,2024-10-13,00000000-0000-0000-0000-000000000003,1651870.58,1,0,1,1,5
21a32b82-06c1-49d0-afb2-0efc856a4b4d,2024-01-13,00000000-0000-0000-0000-000000000002,1061992.6,1,0,1,1,5
a375a365-8370-45c1-8f64-6daea3dd0c7f,2024-12-21,00000000-0000-0000-0000-000000000002,1645749.24,1,0,1,1,5
dc5f3fe9-064a-49c0-9eb4-952349dacba6,2022-11-10,00000000-0000-0000-0000-000000000003,1798909.4,1,0,1,1,5
b2c0605b-1e79-416c-a64d-e7716c4e6b47,2024-01-25,00000000-0000-0000-0000-000000000003,1829973.05,1,0,1,1,5
ebded0da-9dad-4fe9-837b-ffb30d4859ad,2024-01-07,00000000-0000-0000-0000-000000000003,1488228.65,1,0,1,1,5
a9919124-5efe-47bb-bece-53c978b08f09,2023-08-30,00000000-0000-0000-0000-000000000003,1962231.46,1,0,1,1,5
e5e8d6ff-907e-40d7-b71e-a42741012154,2024-04-21,00000000-0000-0000-0000-000000000003,1745737.36,1,0,1,1,5
ade6e3a8-032f-4460-96ba-4a251a9b7a6b,2024-03-12,00000000-0000-0000-0000-000000000003,1563450.31,1,0,1,1,5
fa4cee24-a4e7-4660-8949-75b6a06973e3,2023-11-18,00000000-0000-0000-0000-000000000001,1610028.17,1,0,1,1,4
cb3f21b7-3bd9-43fe-9a37-8e49746a83e0,2023-03-16,00000000-0000-0000-0000-000000000001,1778554.48,0,0,1,1,4
41ca2218-b422-48e6-95f0-abcad91b36db,2023-01-07,00000000-0000-0000-0000-000000000001,1076677.54,1,0,1,1,4
54d4e719-13b7-439b-a94b-afcefaefc481,2023-07-15,00000000-0000-0000-0000-000000000001,874653.55,1,0,1,1,4
17e48ccb-eea5-490a-a98c-3777f3d613b5,2023-06-11,00000000-0000-0000-0000-000000000001,1499931.71,1,0,1,1,4
067356cc-623a-4743-a8ce-223881943a18,2023-04-13,00000000-0000-0000-0000-000000000001,622896.65,1,0,0,1,4
adbcf77d-d490-415a-8f86-9e8e95f5ad1b,2022-01-18,00000000-0000-0000-0000-000000000002,1037331.1,0,0,1,1,4
42eb97c9-e68e-459b-baa6-bee70562b89c,2024-09-28,00000000-0000-0000-0000-000000000001,1072324.16,1,0,1,1,4
aba491dc-4c83-4436-9d2f-2cda903a9fed,2024-03-29,00000000-0000-0000-0000-000000000001,1265115.42,0,0,1,1,4
ddaa3f19-57d1-468e-8d5e-39aba93850f9,2024-11-09,00000000-0000-0000-0000-000000000001,1344002.64,1,0,1,1,4
305d981e-d80c-4f7e-ae00-3645cba50374,2023-01-05,00000000-0000-0000-0000-000000000001,1269910.81,0,0,1,1,4
a70f117d-2025-463d-8468-264deef43e3a,2024-02-12,00000000-0000-0000-0000-000000000001,986903.24,1,0,1,1,4
40df1f3a-493b-4f42-b843-2bb47dd4b806,2024-12-03,00000000-0000-0000-0000-000000000001,1023502.29,1,0,1,1,4
cc423041-17ca-4025-bbbf-e6302289c26d,2022-06-18,00000000-0000-0000-0000-000000000002,1281506.41,1,0,1,1,4
3aab0387-5cce-4e7c-9646-339760ea2daf,2024-06-17,00000000-0000-0000-0000-000000000003,1454644.79,0,0,1,1,4
5d6f87b6-3523-4d12-8a24-3eae9738119b,2023-04-24,00000000-0000-0000-0000-000000000003,1790020.3,1,0,1,1,4
98b730a7-0402-4dbe-8e63-af96658d11af,2023-05-26,00000000-0000-0000-0000-000000000003,896173.42,1,0,1,1,4
402bf77b-387d-4ec5-b68f-a1a191dc1567,2023-10-28,00000000-0000-0000-0000-000000000003,1363664.73,1,0,1,1,4
af9e48fa-4015-49c3-bd0d-7445d038cae1,2023-07-23,00000000-0000-0000-0000-000000000003,1275631.59,0,0,1,1,4
5b0836f1-81ec-421f-99b1-5ee26ad7d666,2022-10-21,00000000-0000-0000-0000-000000000003,843730.17,0,0,1,1,4
f204c6fb-aa5d-4a66-a0f3-a1e0a398abc1,2023-03-30,00000000-0000-0000-0000-000000000003,971066.4,1,0,1,1,4
bb2b204d-3bc4-476c-9875-6346c6b8dd0c,2023-10-12,00000000-0000-0000-0000-000000000003,854699.05,0,0,1,1,4
0c65d4ee-b774-47ed-870c-e9b5be5b809c,2022-10-05,00000000-0000-0000-0000-000000000003,987019.53,1,0,1,1,4
52984ac9-e95d-42f7-ae0a-593e5fb89969,2023-12-21,00000000-0000-0000-0000-000000000002,1495934.31,0,0,1,1,4
72effc54-53cf-4ac1-87b1-08ae3dc6b60f,2023-02-19,00000000-0000-0000-0000-000000000002,1136640.46,1,0,1,1,4
99046cb8-6426-4f6f-ae99-95429058b81b,2022-11-28,00000000-0000-0000-0000-000000000002,932535.6,1,0,1,1,4
cca0e71b-fd2d-467c-bb0d-64ec70986657,2024-01-25,00000000-0000-0000-0000-000000000002,615003.31,1,0,0,1,4
0e3e2849-254d-4da6-9a7e-191904a846f8,2022-04-15,00000000-0000-0000-0000-000000000003,1988630.3,1,0,1,1,4
f7b1e042-3102-47c4-95ad-30bc6090bdf4,2023-12-16,00000000-0000-0000-0000-000000000002,1305269.2,1,0,1,1,4
c9e288d3-2cff-4000-b447-c284b90f636b,2023-11-12,00000000-0000-0000-0000-000000000002,1051373.2,1,0,1,1,4
017d8684-65a1-4e51-a6bb-54a5c335ad22,2023-06-17,00000000-0000-0000-0000-000000000002,1100485.22,1,0,1,1,4
fd9cc489-9130-4400-ad03-8558cbb9f898,2023-06-04,00000000-0000-0000-0000-000000000002,1347975.6,1,0,1,1,4
b0896933-3834-4282-abc9-703ba21716d8,2022-10-13,00000000-0000-0000-0000-000000000003,1736561.51,1,0,1,1,4
d691b981-7c85-434a-ab9c-720c0a69e329,2024-04-25,00000000-0000-0000-0000-000000000002,1021862.48,1,0,1,1,4
a1d001d5-ec6c-49e6-9661-e651720d70f1,2023-07-22,00000000-0000-0000-0000-000000000003,1640882.8,1,0,1,1,4
e2882886-609c-440a-bf07-386204494016,2022-11-24,00000000-0000-0000-0000-000000000003,1171911.62,0,0,1,1,4
bc966819-1f0e-4f5d-9b70-97f00b8e4d0a,2022-02-13,00000000-0000-0000-0000-000000000003,1396232.79,1,0,1,1,4
1c18b1de-f662-4e7a-8d9d-6eea63bcf503,2022-02-14,00000000-0000-0000-0000-000000000001,1290201.0,1,0,1,1,4
c55333bf-31ac-4b52-a699-6994dd27f6a1,2022-11-06,00000000-0000-0000-0000-000000000003,1186933.29,1,0,1,1,4
8be33dd8-4a84-4aee-8d7b-61069dbb8d96,2024-02-28,00000000-0000-0000-0000-000000000003,1708188.01,0,0,1,1,4
bfe0c8f2-a11b-4af1-b996-dde47925016a,2024-02-20,00000000-0000-0000-0000-000000000003,1405534.55,1,0,1,1,4
f0f213c6-3af3-4dab-ab8a-11e25bf6f4cc,2024-06-11,00000000-0000-0000-0000-000000000003,1574877.08,1,0,1,1,4
e4c1edb9-f1f7-4e4d-bb17-641ec3522f18,2024-05-11,00000000-0000-0000-0000-000000000003,1531608.44,1,0,1,1,4
9382c867-eb90-463f-8fd8-a13a420991e4,2024-12-21,00000000-0000-0000-0000-000000000003,1046765.21,1,0,1,1,4
630ab66f-d0fa-4574-876e-44f2bbcd5a4b,2024-06-18,00000000-0000-0000-0000-000000000003,1526174.89,0,0,1,1,4
0bf266e3-66a9-4f54-82d0-52b0913e6e14,2024-06-25,00000000-0000-0000-0000-000000000003,1298957.67,1,0,1,1,4
22411504-3049-48e6-88b6-f221773de85a,2022-12-16,00000000-0000-0000-0000-000000000001,1213249.11,0,0,1,1,4
17b47ba9-b114-484f-a848-6a07b8652f8d,2022-12-13,00000000-0000-0000-0000-000000000001,1442427.76,1,0,1,1,4
09154a8c-b555-4104-abd0-974b7c4f8c1a,2022-11-07,00000000-0000-0000-0000-000000000001,1068198.95,1,0,1,1,4
133314ac-c302-4c20-ab1b-359a43bb69c4,2022-09-09,00000000-0000-0000-0000-000000000001,1346753.48,0,0,1,1,4
de21e256-c0e7-4d65-b83c-5b778633e12d,2022-04-17,00000000-0000-0000-0000-000000000001,530149.79,1,0,0,1,4
1ff66fb0-f20d-4b5d-9efd-419c8c471815,2022-08-03,00000000-0000-0000-0000-000000000001,1923324.72,1,0,1,1,4
654580df-013d-44f0-b5b3-00a2f96d1f5c,2022-08-08,00000000-0000-0000-0000-000000000001,1395836.84,0,0,1,1,4
21979199-0669-4983-8aed-58c4f316777e,2022-03-09,00000000-0000-0000-0000-000000000001,1020533.08,1,0,1,1,4
45937bdf-d2bc-4644-a02f-b115ea03bf2d,2022-03-01,00000000-0000-0000-0000-000000000001,989481.15,0,0,1,1,3
d2561434-0b4e-4de7-9b72-0cec851b40a1,2022-06-22,00000000-0000-0000-0000-000000000002,883839.87,0,0,1,1,3
5ea807a1-967f-4840-88c2-22fc21f6a62c,2022-05-30,00000000-0000-0000-0000-000000000002,934767.68,0,0,1,1,3
7d7b7b2f-bfaa-4716-971d-a4a0b34e3796,2022-05-08,00000000-0000-0000-0000-000000000002,998654.26,0,0,1,1,3
5e15c0e3-bc13-4e90-aea6-2ebc77c4e19f,2022-05-08,00000000-0000-0000-0000-000000000002,1210391.29,0,0,1,1,3
2e185c8c-f9ec-48a6-ba52-78724e925e8c,2022-04-15,00000000-0000-0000-0000-000000000002,1186314.69,0,0,1,1,3
f06cd7ad-addd-4526-8a65-9ef386c0bdac,2022-03-18,00000000-0000-0000-0000-000000000002,1068003.2,0,0,1,1,3
0524b6fb-ac81-4133-93e2-932df43fe14c,2022-02-17,00000000-0000-0000-0000-000000000002,1141855.67,0,0,1,1,3
9f127845-c5e6-4ffe-956d-ca9129a14af6,2022-03-06,00000000-0000-0000-0000-000000000002,879657.43,0,0,1,1,3
740a60bb-bbd3-4131-91ef-f646bece6fa6,2024-11-15,00000000-0000-0000-0000-000000000001,891291.28,0,0,1,1,3
51c05d98-e41a-4f62-b9b0-83197068d6c6,2024-12-02,00000000-0000-0000-0000-000000000001,829384.46,0,0,1,1,3
1a3b76e6-1d3b-4179-9a15-d628f4deafc0,2022-02-04,00000000-0000-0000-0000-000000000002,801906.47,0,0,1,1,3
c1f3de08-ad66-4c2f-beb2-dda8a38003a8,2022-01-10,00000000-0000-0000-0000-000000000002,178027.84,0,1,0,0,3
9fa17b83-75f6-438a-b3c8-5cd1c407fadb,2024-08-23,00000000-0000-0000-0000-000000000001,1128051.01,0,0,1,1,3
5abffaff-eeb5-4015-88a1-1c6a2825820b,2024-08-16,00000000-0000-0000-0000-000000000001,1172449.77,0,0,1,1,3
b50b5ca9-a373-49a7-9d90-3f599327f9bd,2024-07-21,00000000-0000-0000-0000-000000000001,1127382.41,0,0,1,1,3
a320c915-1c12-4b13-bf1e-27acdb17a337,2024-10-28,00000000-0000-0000-0000-000000000001,1237425.75,0,0,1,1,3
066fdb67-f479-4b09-84c4-bda565398681,2024-04-14,00000000-0000-0000-0000-000000000001,990546.67,0,0,1,1,3
ae2dae4e-6cea-4950-a33d-d4d9386cebe9,2024-05-07,00000000-0000-0000-0000-000000000001,933400.77,0,0,1,1,3
5d0a8ca3-0307-4991-b7f9-0c016f0ffea1,2024-06-12,00000000-0000-0000-0000-000000000001,1049528.4,0,0,1,1,3
4ed041d9-f057-4607-9419-c282fd1f6560,2024-07-13,00000000-0000-0000-0000-000000000001,865131.08,0,0,1,1,3
6dd6d3fd-9b0b-41b4-888a-e9c6c004674e,2024-04-17,00000000-0000-0000-0000-000000000001,879546.58,0,0,1,1,3
0cf6d611-24bf-4b87-85e9-184c75cefe43,2023-10-19,00000000-0000-0000-0000-000000000001,1187311.24,0,0,1,1,3
092dc8b2-09ef-4ebb-9eb0-d25b9127d856,2023-10-19,00000000-0000-0000-0000-000000000001,859005.76,0,0,1,1,3
42e3cdde-6142-4c16-a374-e6e4b44874ab,2023-10-29,00000000-0000-0000-0000-000000000001,1196156.51,0,0,1,1,3
941e53e5-47cf-4f85-a4ff-b7aee7fc26db,2023-11-18,00000000-0000-0000-0000-000000000001,918229.2,0,0,1,1,3
0a2bd4a2-0e81-406d-bcb0-372f935742f8,2023-11-10,00000000-0000-0000-0000-000000000001,933302.33,0,0,1,1,3
8a0c8dd0-faf9-49e0-9fda-f1311ed7c1f6,2023-11-08,00000000-0000-0000-0000-000000000001,926560.52,0,0,1,1,3
e91d5f24-82f9-43a4-93de-942c7fd69b6b,2023-12-08,00000000-0000-0000-0000-000000000001,387012.25,0,0,0,1,3
044e5662-b584-4d9d-ae70-8861572b7bef,2024-01-25,00000000-0000-0000-0000-000000000001,569979.24,1,0,0,1,3
2f4b109e-f3d8-4a69-84ce-cc3f8de55b58,2024-02-27,00000000-0000-0000-0000-000000000001,782760.21,0,0,1,1,3
d028afb2-c192-49b3-91e9-41bd559a012c,2024-03-06,00000000-0000-0000-0000-000000000001,1235500.46,0,0,1,1,3
1617dcaf-1171-411e-843e-fe65997cbe29,2024-03-08,00000000-0000-0000-0000-000000000001,1123264.22,0,0,1,1,3
4a485b7f-1e3c-4278-a115-8822865d308d,2022-12-29,00000000-0000-0000-0000-000000000001,1151453.44,0,0,1,1,3
b0775246-3ac9-4dca-8026-6d9d75633d55,2023-04-28,00000000-0000-0000-0000-000000000001,777465.0,0,0,1,1,3
3f9d599d-ac6d-49cc-81ca-0ea1c571341f,2023-05-17,00000000-0000-0000-0000-000000000001,834556.96,0,0,1,1,3
d8661e58-ec7e-4e05-a341-3461fdf60ba9,2023-11-04,00000000-0000-0000-0000-000000000001,910944.46,0,0,1,1,3
6f37b5c2-eda2-4f32-a90f-71784c892c8e,2023-02-08,00000000-0000-0000-0000-000000000001,1117194.67,0,0,1,1,3
8ac0b1da-4122-4589-9e73-b02ba528a7cc,2023-07-03,00000000-0000-0000-0000-000000000001,827525.19,0,0,1,1,3
c14c9588-03fa-49cc-bfbd-91416d628eca,2022-02-01,00000000-0000-0000-0000-000000000001,950572.49,0,0,1,1,3
0ef85d80-e1b2-4ff6-8a2f-e68408e9bd30,2022-01-03,00000000-0000-0000-0000-000000000001,343966.06,0,0,0,1,3
74618a99-f3fa-4371-901b-1887c33c9010,2022-08-13,00000000-0000-0000-0000-000000000001,295762.54,1,1,0,1,3
77331621-1eee-4bff-8b61-fed8bd2712f8,2022-06-09,00000000-0000-0000-0000-000000000001,1044409.29,0,0,1,1,3
eb538223-5bd4-4808-bc2c-b901ac4fef58,2022-06-28,00000000-0000-0000-0000-000000000001,919204.0,0,0,1,1,3
dcbaf684-24c8-4aa2-8132-5a8093ee72d9,2022-07-15,00000000-0000-0000-0000-000000000001,1699476.73,0,0,1,1,3
ee29dffd-c0b3-4112-b243-d24e9e168064,2022-04-24,00000000-0000-0000-0000-000000000001,1098904.88,0,0,1,1,3
c5591f33-ca71-4d8b-ba34-b2fa99e4f13a,2022-10-13,00000000-0000-0000-0000-000000000001,798001.81,0,0,1,1,3
1927eda6-2046-4956-b0df-6ba3606175b6,2022-08-29,00000000-0000-0000-0000-000000000001,654921.81,1,1,0,1,3
e94edd03-6edc-4da7-9ee8-0a5437463309,2022-09-25,00000000-0000-0000-0000-000000000001,1045442.19,0,0,1,1,3
2ef18aff-e203-4e7c-b6b0-6475b1782f8c,2022-04-21,00000000-0000-0000-0000-000000000001,950384.61,0,0,1,1,3
3893959a-6d69-4675-9f5e-8f328e62eb8a,2023-12-10,00000000-0000-0000-0000-000000000002,1068070.32,0,0,1,1,3
e778b484-c49f-4057-9315-661a47992c05,2023-03-08,00000000-0000-0000-0000-000000000002,1043066.79,0,0,1,1,3
6c8f241b-fb0a-432b-bacc-0d874d4eeab5,2023-01-21,00000000-0000-0000-0000-000000000002,921219.05,0,0,1,1,3
702665a7-f48a-4fcf-81e9-a3da69eda3c8,2022-12-21,00000000-0000-0000-0000-000000000002,896955.27,0,0,1,1,3
b9b25a00-1de8-4b38-977c-28d551dbcb6e,2023-01-19,00000000-0000-0000-0000-000000000002,636717.44,0,0,0,1,3
5b9e7659-0175-4e03-949a-875a0c963a6e,2022-10-10,00000000-0000-0000-0000-000000000002,934030.04,0,0,1,1,3
2ae67301-1586-4843-978b-4f7995dcaaa8,2022-10-23,00000000-0000-0000-0000-000000000002,768292.34,0,0,1,1,3
23cd72a3-229c-433e-a5f7-416eed619aad,2023-06-17,00000000-0000-0000-0000-000000000002,805033.22,0,0,1,1,3
4fe60dd6-e469-461b-aa03-8472b2cec4ce,2023-03-06,00000000-0000-0000-0000-000000000002,1207783.72,0,0,1,1,3
04866a45-5e9b-4e9b-b808-4887250b2e38,2023-02-21,00000000-0000-0000-0000-000000000002,1254920.35,0,0,1,1,3
c72d387b-0b69-4714-9a24-b468af1ae61a,2022-07-03,00000000-0000-0000-0000-000000000002,1039988.15,0,0,1,1,3
609d5fbd-b31c-422f-83a9-808cce7b4886,2022-09-03,00000000-0000-0000-0000-000000000002,1132340.84,0,0,1,1,3
b97ee7e7-15af-48a0-908b-983167b1fe03,2022-09-29,00000000-0000-0000-0000-000000000002,887108.16,0,0,1,1,3
9055048e-7210-4ff2-a575-84f5542bf07b,2022-08-17,00000000-0000-0000-0000-000000000002,278116.48,0,0,0,1,3
272d381e-3ae0-478b-9008-0c9b18dc6a4d,2022-07-31,00000000-0000-0000-0000-000000000002,1104681.85,0,0,1,1,3
9aee34cb-6e0f-46fb-8362-a44c8e6367f8,2022-07-25,00000000-0000-0000-0000-000000000003,778772.2,0,0,1,1,3
8cb9788d-18d8-4b18-bb7c-fa6be4c6c482,2022-07-17,00000000-0000-0000-0000-000000000003,516481.43,0,0,0,1,3
6696d672-812f-45fe-8653-5470520c4004,2022-06-17,00000000-0000-0000-0000-000000000003,728019.37,0,0,0,1,3
e64906e5-73f3-4516-bf4f-2c53106c21fd,2022-04-06,00000000-0000-0000-0000-000000000003,647823.63,1,0,0,1,3
57e7e327-7f6e-4d2b-a7bc-228fc4afe5e0,2022-03-23,00000000-0000-0000-0000-000000000003,931968.2,0,0,1,1,3
f2f64bf9-d5a2-416f-bcca-1ed627081e12,2024-12-16,00000000-0000-0000-0000-000000000002,302500.99,0,1,0,1,3
041450e4-b9ab-4597-bb35-7a48c54e16d2,2024-12-16,00000000-0000-0000-0000-000000000002,708774.92,0,0,0,1,3
2a7bf65a-c4c6-4da7-b73f-13c07f8ad36d,2024-12-19,00000000-0000-0000-0000-000000000002,958536.22,0,0,1,1,3
adae1a7e-bf19-4214-a24a-edfe1fa05af8,2024-11-14,00000000-0000-0000-0000-000000000002,1497878.61,0,0,1,1,3
f588af07-01bd-4345-aeb1-411efdd46c84,2024-10-06,00000000-0000-0000-0000-000000000002,398985.82,0,0,0,1,3
c551ef74-8d87-47bd-949c-c88b3b79640e,2024-09-24,00000000-0000-0000-0000-000000000002,1556819.89,0,0,1,1,3
3503f959-b0de-4d22-95af-f5b88b053726,2024-11-29,00000000-0000-0000-0000-000000000002,883005.33,0,0,1,1,3
3c3fd5e0-d0e0-4669-a9d1-5b6cc185ab44,2024-06-20,00000000-0000-0000-0000-000000000002,682496.65,0,0,0,1,3
491df3c2-b77b-44f6-82a0-ae29dff70464,2024-06-24,00000000-0000-0000-0000-000000000002,1485429.88,0,0,1,1,3
337df80a-f8c8-40e0-b9c2-2b3e15b6ccc8,2024-07-23,00000000-0000-0000-0000-000000000002,1143709.59,0,0,1,1,3
c15506f0-174f-48c4-bff8-540d19f72c36,2024-09-22,00000000-0000-0000-0000-000000000002,761634.18,0,0,1,1,3
52feb4c7-8811-4ba9-889f-d3d6b1e1d4f8,2024-04-21,00000000-0000-0000-0000-000000000002,418631.29,0,1,0,1,3
bfcd3e67-3978-4061-8cc5-972bf34ba88b,2024-04-07,00000000-0000-0000-0000-000000000002,487002.68,0,0,0,1,3
d2793bba-cca3-4ae2-9155-7327c2636eda,2024-02-29,00000000-0000-0000-0000-000000000002,945023.31,0,0,1,1,3
ca5b5c0c-d7f1-4d84-be52-f0490099ee41,2024-02-21,00000000-0000-0000-0000-000000000002,745199.55,0,0,0,1,3
815df5a5-68b7-4fe8-b876-4f8e325c638f,2024-06-06,00000000-0000-0000-0000-000000000002,1021216.36,0,0,1,1,3
c28aa907-9fac-4850-9179-fb7048610ce9,2024-06-04,00000000-0000-0000-0000-000000000002,1279091.49,0,0,1,1,3
ca5917cc-1c73-430e-9f21-0bae7db7fbfa,2024-05-20,00000000-0000-0000-0000-000000000002,418426.69,0,1,0,1,3
de601ef8-c61b-4593-8051-6ac646362faf,2024-05-09,00000000-0000-0000-0000-000000000002,667065.22,0,0,0,1,3
cb8e70c7-f07c-40ee-b826-d681f97db833,2024-02-05,00000000-0000-0000-0000-000000000002,1259373.29,0,0,1,1,3
377bceaa-b92c-48f3-b785-977177190756,2023-04-15,00000000-0000-0000-0000-000000000002,449166.62,0,1,0,1,3
d1d338df-3b9c-4269-9764-09ae8e7bf1f9,2023-04-16,00000000-0000-0000-0000-000000000002,809578.19,0,0,1,1,3
3240c25a-6124-49a5-a957-0fdcea641300,2023-04-16,00000000-0000-0000-0000-000000000002,951453.58,0,0,1,1,3
b103f72e-6784-447d-b844-bc2e51d0d744,2023-12-05,00000000-0000-0000-0000-000000000002,1107218.35,0,0,1,1,3
27b1da6d-8ea3-40c1-b7c1-71d009ae0821,2023-10-26,00000000-0000-0000-0000-000000000002,1081840.08,0,0,1,1,3
7bad8a15-926b-41e2-9e1a-e7d60c7da47b,2023-09-28,00000000-0000-0000-0000-000000000002,1008497.55,0,0,1,1,3
78af4a9c-c282-444d-9097-f327b5ecb6c2,2023-04-02,00000000-0000-0000-0000-000000000003,828856.83,0,0,1,1,3
b4f941dc-431a-43c7-9354-1488f32b0e30,2023-10-14,00000000-0000-0000-0000-000000000003,784006.57,0,0,1,1,3
f3bae220-faf4-43fd-9538-8e9a8832352e,2023-10-22,00000000-0000-0000-0000-000000000003,575673.62,1,0,0,1,3
facd9ed2-ef67-460b-99fa-7c0546570953,2023-08-16,00000000-0000-0000-0000-000000000003,1384923.74,0,0,1,1,3
3a7ba984-877d-4902-a574-3367a886aac3,2023-09-18,00000000-0000-0000-0000-000000000003,1182718.38,0,0,1,1,3
c99ac391-b3d6-4d4e-8431-8972561fa4fa,2023-06-28,00000000-0000-0000-0000-000000000003,958283.26,0,0,1,1,3
a23fe238-32e7-4a27-8265-c8344b507cc3,2023-06-01,00000000-0000-0000-0000-000000000003,759649.67,0,0,1,1,3
e07be074-c5df-4299-971a-024ef76102ec,2023-08-13,00000000-0000-0000-0000-000000000003,778576.77,0,0,1,1,3
4c2c53a5-4537-4096-aedb-477b8d77adcd,2022-08-29,00000000-0000-0000-0000-000000000003,909867.13,0,0,1,1,3
9b81b133-f958-461b-ac3d-a4c8ff2bcce4,2022-11-09,00000000-0000-0000-0000-000000000003,1118770.33,0,0,1,1,3
953c145c-9ddd-4455-a1c7-1ff9b6c9f7e5,2022-10-29,00000000-0000-0000-0000-000000000003,877710.67,0,0,1,1,3
b59b6748-d93e-4910-8fed-9c3b0a012617,2022-08-30,00000000-0000-0000-0000-000000000003,1361587.59,0,0,1,1,3
ff206e1c-2399-4e6f-af16-f93183a6aa93,2022-11-15,00000000-0000-0000-0000-000000000003,1243623.76,0,0,1,1,3
34674adc-0298-422e-8bcb-c8bad834f509,2022-12-24,00000000-0000-0000-0000-000000000003,818262.29,0,0,1,1,3
6a4f0901-a1e0-4ad9-8049-de9c0627bec8,2023-01-04,00000000-0000-0000-0000-000000000003,796108.27,0,0,1,1,3
5c327492-8aed-4f22-bfe3-5469dc0e4820,2023-03-20,00000000-0000-0000-0000-000000000003,723396.91,0,0,0,1,3
6da0af8b-f0eb-487a-b824-77ede32b0a34,2024-03-03,00000000-0000-0000-0000-000000000003,749735.21,1,1,0,1,3
773de08f-ebde-4421-8422-bdf3edeb62ff,2024-06-06,00000000-0000-0000-0000-000000000003,719746.93,0,0,0,1,3
1c48ba33-ea57-4f78-a845-d6ceeab9647b,2024-05-23,00000000-0000-0000-0000-000000000003,1472947.08,0,0,1,1,3
e019150e-e2f0-4a89-82c0-93f284efa127,2024-04-09,00000000-0000-0000-0000-000000000003,781727.83,0,0,1,1,3
48d742e0-59eb-40ea-b78e-d2cec2466ebf,2024-04-17,00000000-0000-0000-0000-000000000003,1501005.88,0,0,1,1,3
7420f05e-a4b4-405b-bab4-069e6893e315,2024-03-27,00000000-0000-0000-0000-000000000003,1571058.02,0,0,1,1,3
baa8db28-4afa-4ff0-a4bb-029c821fc921,2024-01-25,00000000-0000-0000-0000-000000000003,1238525.87,0,0,1,1,3
b78ed86c-66a9-47bb-aa60-f3327efbdd4b,2024-02-05,00000000-0000-0000-0000-000000000003,1050800.39,0,0,1,1,3
f02f6d99-6d7f-45ad-b6f9-0ac7ac137c8c,2024-06-26,00000000-0000-0000-0000-000000000003,1262348.23,0,0,1,1,3
ed89b498-b7a7-4d6c-a8c5-eb846abdbe72,2024-10-03,00000000-0000-0000-0000-000000000003,732855.45,0,0,0,1,3
d7b7de96-ce81-475f-af69-c66e60b63e6b,2024-09-17,00000000-0000-0000-0000-000000000003,831454.65,0,0,1,1,3
9730c7de-a2e0-4c03-9997-0326f059bdac,2024-09-11,00000000-0000-0000-0000-000000000003,1086359.94,0,0,1,1,3
d595ebb5-9841-4c2a-95a1-10397f0f99a5,2024-08-09,00000000-0000-0000-0000-000000000003,671199.27,0,0,0,1,3
9a70d0b9-56c7-4173-9560-46aebd96c060,2024-11-12,00000000-0000-0000-0000-000000000003,934925.4,0,0,1,1,3
2baf222c-60c9-47ce-9f39-5f92b62c4fc5,2024-10-25,00000000-0000-0000-0000-000000000003,641707.25,0,1,0,1,3
ec6298c1-71a2-4543-ab1f-940ea292a671,2024-12-07,00000000-0000-0000-0000-000000000003,823574.48,0,0,1,1,3
8b2c45ac-620d-4853-a71c-def824c9d3da,2024-12-19,00000000-0000-0000-0000-000000000003,1222999.7,0,0,1,1,3
