category,total_actual,total_budget,total_variance,variance_pct
Salaries,27396625.48,27123904.0,272721.73000000184,1.005466359119992
Rent,7844848.17,7752692.0,92156.54500000016,1.1887038076580387
Maintenance,1990154.56,1929044.0,61110.59124999997,3.167921066082472
Travel,1716175.32,1705692.0,10483.27703125005,0.6146055109158073
IT & Software,1205450.08,1200498.2,4951.822187500045,0.4124805835826954
Marketing,1508042.3599999999,1503562.6,4479.738906249957,0.29794162423064735
Utilities,1091808.67,1089780.8,2027.8731249999837,0.18608083552586002
Insurance,1552302.5499999998,1551050.8,1251.7218749999302,0.0807015421642348
Logistics,1464751.4200000002,1463919.0,832.4668750000419,0.05686563771629728
Office Supplies,1714455.36,1736680.5,-22225.186874999985,-1.279751046608745
