id,company_id,name,city,is_headquarters,created_at
51fd3682-4888-4a55-92f7-281307c67941,00000000-0000-0000-0000-000000000001,Mumbai HQ,Mumbai,True,2021-06-15T09:00:00
0eb66abb-0d5d-4e88-a3ff-16776e267d83,00000000-0000-0000-0000-000000000001,Delhi Branch,Delhi,False,2021-06-15T09:00:00
a01b7f2a-d4d0-48bf-bb89-c1040f55587a,00000000-0000-0000-0000-000000000001,Bangalore Branch,Bangalore,False,2021-06-15T09:00:00
5f6c98b4-4360-41ee-83a3-efc700651a04,00000000-0000-0000-0000-000000000002,New York HQ,New York,True,2021-06-15T09:00:00
587616fd-ba60-493e-ba92-b68a61b5cdce,00000000-0000-0000-0000-000000000002,Chicago Branch,Chicago,False,2021-06-15T09:00:00
b961632b-814f-4481-946b-17a792487aa7,00000000-0000-0000-0000-000000000002,Houston Branch,Houston,False,2021-06-15T09:00:00
470852ed-b70b-4f24-879a-6edb4193d8b6,00000000-0000-0000-0000-000000000003,Dubai HQ,Dubai,True,2021-06-15T09:00:00
9b1ac5ce-ad4f-40d1-8b7c-0005176b143d,00000000-0000-0000-0000-000000000003,Abu Dhabi Branch,Abu Dhabi,False,2021-06-15T09:00:00
7227b311-834f-4815-aa86-c5d464758be1,00000000-0000-0000-0000-000000000003,Sharjah Branch,Sharjah,False,2021-06-15T09:00:00
