id,company_id,name,email,phone,city,customer_type,credit_limit,created_at
5c10403d-89c2-41d5-bc1a-0aa76f6df4da,00000000-0000-0000-0000-000000000001,Anita Mehta,anita.mehta152@email.com,+327609857128,Kolkata,business,47239.93,2021-09-29T10:32:31
b8fc75ba-97d3-4bf7-9c79-944f8adcd248,00000000-0000-0000-0000-000000000001,Divya Patel,divya.patel122@email.com,+203694860228,Kolkata,individual,47632.39,2023-06-01T15:33:16
ee03f8e2-58ce-42b4-9f5b-5a6eba68efff,00000000-0000-0000-0000-000000000001,Rahul Iyer,rahul.iyer127@email.com,+888519962896,Pune,individual,43163.16,2023-01-09T08:46:56
1b1d609f-420b-4b46-ade3-d18ab7032fe4,00000000-0000-0000-0000-000000000001,Omar Reddy,omar.reddy192@email.com,+654919706735,Hyderabad,business,104358.81,2023-02-20T10:23:48
35e39deb-9891-40cb-ab48-332e1877aa7b,00000000-0000-0000-0000-000000000001,Michael Gupta,michael.gupta954@email.com,+684944899549,Pune,individual,5858.2,2023-03-09T12:15:03
c976dd03-e6ae-4cf1-8b4b-15716abcc4a9,00000000-0000-0000-0000-000000000001,Anna Shah,anna.shah97@email.com,+944289233844,Bangalore,business,86605.08,2021-03-22T16:55:38
52d5e8dd-b906-4961-ab0f-83936a4b16ea,00000000-0000-0000-0000-000000000001,Meera Smith,meera.smith783@email.com,+943962958940,Hyderabad,individual,19504.8,2022-07-07T16:28:07
2266beaa-eb1e-47d5-b6bf-318290bb9f06,00000000-0000-0000-0000-000000000001,Anna Brown,anna.brown356@email.com,+31945826486,Delhi,business,4457.88,2021-03-07T08:55:21
f780b69e-b435-450d-adc2-218859dafae0,00000000-0000-0000-0000-000000000001,Karan Reddy,karan.reddy295@email.com,+863084839399,Bangalore,business,103048.47,2021-09-01T11:50:30
e6c5ed19-6fb5-4c0d-8e28-fc73b3ff2dfa,00000000-0000-0000-0000-000000000001,Rohan Smith,rohan.smith109@email.com,+857146318035,Kolkata,individual,5346.73,2021-04-07T18:06:03
a547b4fb-b812-4d30-9c56-629e8f2a9da2,00000000-0000-0000-0000-000000000001,Kavya Das,kavya.das829@email.com,+142067970820,Chennai,individual,9687.53,2021-12-14T12:29:15
dd60840c-f5ac-40ac-b810-c59742997fb0,00000000-0000-0000-0000-000000000001,Karan Hassan,karan.hassan892@email.com,+711420514789,Mumbai,business,8665.24,2023-04-08T15:30:13
948a5f0f-25a3-4e2c-a261-c97c394f31d2,00000000-0000-0000-0000-000000000001,Kavya Patel,kavya.patel398@email.com,+19526836552,Hyderabad,business,45704.98,2021-06-18T16:42:45
d2ac37ae-7650-483d-8fad-188d3bb715fa,00000000-0000-0000-0000-000000000001,Sunita Mehta,sunita.mehta313@email.com,+285160575046,Mumbai,business,4100.28,2021-07-14T15:32:58
61202ed5-0624-4965-ac33-2c65844ddf38,00000000-0000-0000-0000-000000000001,Michael Patel,michael.patel92@email.com,+249884231465,Delhi,business,9615.1,2022-06-05T17:15:37
e82a1a98-bdb6-414c-9e1f-0d0f2822d018,00000000-0000-0000-0000-000000000001,Arjun Agarwal,arjun.agarwal439@email.com,+857540301973,Hyderabad,individual,17909.49,2021-03-25T14:08:42
2bdb8c34-a227-4268-bd22-cd42ec80055c,00000000-0000-0000-0000-000000000001,Aisha Hassan,aisha.hassan961@email.com,+975018948187,Mumbai,individual,119843.86,2021-11-20T09:34:13
0b51ccde-0215-462b-b564-1d127aadcd44,00000000-0000-0000-0000-000000000001,Omar Mehta,omar.mehta912@email.com,+94776436931,Pune,individual,56674.9,2021-12-24T12:39:51
4a287a7e-b4ad-49de-a4bb-38844dafd4b4,00000000-0000-0000-0000-000000000001,Rahul Iyer,rahul.iyer577@email.com,+394771526597,Hyderabad,individual,5484.83,2023-04-17T10:17:18
1730e816-da06-4885-b930-96f0987fea3f,00000000-0000-0000-0000-000000000001,Lisa Rao,lisa.rao218@email.com,+887393195616,Mumbai,individual,56586.96,2021-12-18T08:00:21
3b3422a7-8345-4239-ad69-8c5ced0daa83,00000000-0000-0000-0000-000000000001,James Verma,james.verma175@email.com,+958325785916,Mumbai,individual,10182.36,2021-09-26T13:37:35
8c9f0110-82f1-4817-97cc-3a041a15077c,00000000-0000-0000-0000-000000000001,Emily Al-Mansoori,emily.almansoori52@email.com,+402536778950,Chennai,business,22240.93,2021-05-11T14:39:47
58d31f81-ecf7-499b-bfcc-916baddf7628,00000000-0000-0000-0000-000000000001,Emily Brown,emily.brown176@email.com,+239080621072,Mumbai,individual,22259.09,2023-06-05T14:51:42
4a661254-ab7c-4231-b053-5315021d1973,00000000-0000-0000-0000-000000000001,Anna Johnson,anna.johnson816@email.com,+905759234471,Mumbai,business,8798.29,2021-06-13T15:22:19
a3f5c315-889a-4fe7-86df-cf852452827f,00000000-0000-0000-0000-000000000001,David Brown,david.brown685@email.com,+257006365648,Hyderabad,business,18809.17,2021-01-25T16:25:43
7803e262-ec4b-456c-a79c-1807a5457ef8,00000000-0000-0000-0000-000000000001,Layla Sharma,layla.sharma908@email.com,+342140169349,Delhi,individual,21828.36,2021-04-29T13:27:38
b4dd153b-d01c-4bd2-bcdf-49adc91bac6e,00000000-0000-0000-0000-000000000001,Pooja Al-Rashid,pooja.alrashid204@email.com,+339780573290,Kolkata,individual,107474.29,2022-08-14T18:12:23
9d71e24f-6943-42e3-b181-bf9e44197cd1,00000000-0000-0000-0000-000000000001,Meera Singh,meera.singh952@email.com,+437971399399,Delhi,business,20056.98,2022-11-12T18:26:20
913c460d-e050-4191-a53d-dad0499421c4,00000000-0000-0000-0000-000000000001,Kavya Rao,kavya.rao577@email.com,+176118914230,Kolkata,business,10462.06,2021-10-30T12:25:35
13e5a63c-0b12-47f0-a0c7-737b6dfab07d,00000000-0000-0000-0000-000000000001,Rahul Davis,rahul.davis225@email.com,+566679017210,Ahmedabad,individual,10044.7,2021-10-21T10:42:05
40d80ea4-c1cc-4cef-ad71-ac22d91ab609,00000000-0000-0000-0000-000000000001,Ahmed Reddy,ahmed.reddy658@email.com,+802439622619,Chennai,business,11226.25,2022-11-11T10:01:02
854c0ecb-8c43-4831-b64f-871cd6583fcc,00000000-0000-0000-0000-000000000001,Anna Nair,anna.nair880@email.com,+995607762160,Kolkata,business,87777.41,2022-09-18T14:31:25
46904fb9-db3e-4ffc-86cb-04954d883477,00000000-0000-0000-0000-000000000001,Anna Mehta,anna.mehta714@email.com,+14803044105,Kolkata,individual,98582.0,2022-11-03T16:15:58
febe6ca5-e7d2-445d-894e-135d257b4e4b,00000000-0000-0000-0000-000000000001,Pooja Hassan,pooja.hassan830@email.com,+607852415525,Ahmedabad,business,97069.63,2021-05-17T16:28:57
4e594e14-7130-4430-aa53-4c9fec536eb7,00000000-0000-0000-0000-000000000001,Michael Das,michael.das496@email.com,+588033702319,Ahmedabad,business,19518.98,2023-06-02T12:15:17
9763a78a-7145-4201-95ad-0198fe3b82ba,00000000-0000-0000-0000-000000000001,Layla Wilson,layla.wilson92@email.com,+181647812758,Kolkata,business,8256.92,2022-07-08T14:21:34
5043c077-b825-46fb-9168-e8211d99c775,00000000-0000-0000-0000-000000000001,Anita Al-Mansoori,anita.almansoori221@email.com,+547767538527,Ahmedabad,individual,18388.9,2021-03-05T14:54:57
12552d53-1269-48bb-a9eb-6042b9b3c3ff,00000000-0000-0000-0000-000000000001,Rohan Gupta,rohan.gupta762@email.com,+704856070374,Ahmedabad,individual,49712.84,2023-02-05T14:21:42
9a171022-94b9-4f4e-a795-b3e58914e06e,00000000-0000-0000-0000-000000000001,Kavya Das,kavya.das870@email.com,+604949401194,Mumbai,business,102575.68,2021-06-19T08:05:41
ac61b8c0-0038-4cbb-977b-d5f9e24af467,00000000-0000-0000-0000-000000000001,Meera Mehta,meera.mehta482@email.com,+245510938155,Kolkata,individual,46536.92,2023-06-07T14:17:48
cf9b03f6-9e7a-4225-841f-09a30bda17f8,00000000-0000-0000-0000-000000000001,Rohan Johnson,rohan.johnson93@email.com,+619673185158,Mumbai,business,17793.78,2023-05-05T09:49:41
24d171a4-5340-4966-acbb-8a06384579cd,00000000-0000-0000-0000-000000000001,Arjun Sharma,arjun.sharma214@email.com,+33668616333,Chennai,individual,5127.94,2021-09-11T11:29:44
71ec4ad1-4acd-49fe-b2c0-3efa8ad027a5,00000000-0000-0000-0000-000000000001,Omar Taylor,omar.taylor630@email.com,+784085320828,Bangalore,business,5157.37,2021-06-21T12:36:43
d44b9852-92fc-46da-9930-b277351d5864,00000000-0000-0000-0000-000000000001,Vikram Al-Rashid,vikram.alrashid213@email.com,+102043030161,Hyderabad,business,112221.12,2023-01-03T17:50:02
446fa091-a72d-4d36-83a8-3c21718226db,00000000-0000-0000-0000-000000000001,Yusuf Gupta,yusuf.gupta687@email.com,+489886101513,Pune,individual,56446.62,2022-03-15T09:27:23
75743d09-a481-466a-8e20-01c1893131ac,00000000-0000-0000-0000-000000000001,Anita Rao,anita.rao455@email.com,+237371573279,Kolkata,business,90735.82,2021-06-06T11:53:59
df317674-7300-4b11-b59e-40e1f80829d4,00000000-0000-0000-0000-000000000001,Divya Johnson,divya.johnson471@email.com,+328518238399,Kolkata,individual,57019.06,2023-06-22T10:31:13
2277fefc-ceb7-4445-ba4c-e658f3e91fd2,00000000-0000-0000-0000-000000000001,Yusuf Johnson,yusuf.johnson296@email.com,+779633533290,Chennai,individual,49771.56,2021-12-15T11:44:30
98035ef5-8f7d-4520-9753-6c4becbb64f8,00000000-0000-0000-0000-000000000001,Sunita Hassan,sunita.hassan27@email.com,+122263732197,Kolkata,business,21311.68,2023-03-23T13:30:35
8723a4be-af82-4e7d-9531-af346c4cef7c,00000000-0000-0000-0000-000000000001,Yusuf Al-Mansoori,yusuf.almansoori573@email.com,+437243788374,Hyderabad,individual,5442.57,2023-02-03T13:07:47
a27cdb3d-fd75-4f4c-b9d8-3a9284b22fd1,00000000-0000-0000-0000-000000000001,Sarah Smith,sarah.smith766@email.com,+627858164010,Delhi,business,17819.87,2021-08-10T10:19:00
16035000-53a6-432d-9dc7-5c801a0002ab,00000000-0000-0000-0000-000000000001,James Johnson,james.johnson65@email.com,+715054834021,Ahmedabad,individual,5148.13,2021-02-16T15:30:28
a5da13cd-f7ae-4086-94e7-6e501a2e8fe6,00000000-0000-0000-0000-000000000001,Layla Joshi,layla.joshi268@email.com,+625575615203,Ahmedabad,individual,4303.45,2021-02-22T17:19:05
d1e98acb-6fff-4013-ab37-b6998985aba8,00000000-0000-0000-0000-000000000001,Anna Kumar,anna.kumar792@email.com,+547539399243,Ahmedabad,business,22881.33,2022-07-26T14:19:36
f96a2e01-a8c4-4202-b93c-0cab12e473a3,00000000-0000-0000-0000-000000000001,Sneha Agarwal,sneha.agarwal111@email.com,+986201313620,Delhi,individual,10207.97,2023-01-28T10:00:26
4531e858-f452-4acd-87d5-ed50ebd805ab,00000000-0000-0000-0000-000000000001,Suresh Rao,suresh.rao491@email.com,+381140187131,Hyderabad,business,41423.6,2022-09-01T11:59:16
e8dd4cde-3d72-47dc-bdf9-037eac989379,00000000-0000-0000-0000-000000000001,John Al-Mansoori,john.almansoori567@email.com,+293781569954,Hyderabad,business,4119.28,2021-04-28T12:38:47
6609db31-42ce-4fd4-8932-d58319d6b893,00000000-0000-0000-0000-000000000001,Ahmed Hassan,ahmed.hassan489@email.com,+897614170462,Ahmedabad,individual,5778.85,2021-05-08T13:38:16
aa26ecac-dd78-41d8-ac62-e482b4ea44eb,00000000-0000-0000-0000-000000000001,Priya Singh,priya.singh994@email.com,+875083595988,Hyderabad,individual,9882.0,2021-08-23T18:28:58
3b557bc9-8dde-4077-b9f5-ed6567d6a5e9,00000000-0000-0000-0000-000000000001,Fatima Joshi,fatima.joshi456@email.com,+828792122716,Delhi,individual,46666.17,2022-08-23T18:06:54
f5c0a4b9-b4a6-4d49-b40e-bcc34e0e751a,00000000-0000-0000-0000-000000000001,Michael Wilson,michael.wilson720@email.com,+649354542654,Mumbai,individual,18019.19,2022-02-26T09:49:25
ff6a675c-164d-45ca-8c35-f7950413d8d6,00000000-0000-0000-0000-000000000001,Rahul Iyer,rahul.iyer565@email.com,+602774884818,Chennai,individual,110257.73,2023-06-10T18:28:48
31c230ab-2043-4c0d-80dd-1a26f1d002db,00000000-0000-0000-0000-000000000001,Sneha Smith,sneha.smith572@email.com,+179279291478,Ahmedabad,business,42428.52,2021-10-01T18:38:51
98989df5-bf87-457a-8c1d-f4be9b237bad,00000000-0000-0000-0000-000000000001,Anna Rao,anna.rao328@email.com,+719648665968,Kolkata,individual,4922.9,2021-06-12T09:41:53
01f36ce7-e696-4afb-9898-1c4dd895dc7e,00000000-0000-0000-0000-000000000001,Emily Nair,emily.nair308@email.com,+668324687182,Kolkata,business,44874.62,2023-01-04T16:09:24
5733f7cb-ae3a-4881-946e-099b56944071,00000000-0000-0000-0000-000000000001,John Agarwal,john.agarwal774@email.com,+184710967433,Hyderabad,business,46797.5,2022-06-05T16:17:52
fe36d586-c463-41cc-b958-d747741d00a0,00000000-0000-0000-0000-000000000001,Rahul Davis,rahul.davis315@email.com,+768129391249,Bangalore,individual,46902.48,2023-01-14T16:48:34
5b06c68a-13c7-48b9-ba03-e1a581bcbb75,00000000-0000-0000-0000-000000000001,Vikram Hassan,vikram.hassan900@email.com,+252644847276,Kolkata,individual,54104.56,2021-11-26T14:24:42
08842f43-eab2-4dc9-8cf0-d2cd7da84c8e,00000000-0000-0000-0000-000000000001,Emily Nair,emily.nair139@email.com,+658924383984,Delhi,individual,40306.95,2021-02-07T10:26:55
06f97d43-d198-492b-a10a-3bcbb04bf7c0,00000000-0000-0000-0000-000000000001,Emily Singh,emily.singh810@email.com,+348270110908,Delhi,business,95200.38,2022-04-26T13:40:45
4d7b06c4-3d27-48c7-ad71-bca6404a2742,00000000-0000-0000-0000-000000000001,Sunita Gupta,sunita.gupta642@email.com,+95683143581,Delhi,business,4887.36,2021-02-06T12:57:01
bade97b9-48bf-4a1a-8335-b34ab248da57,00000000-0000-0000-0000-000000000001,Arjun Wilson,arjun.wilson67@email.com,+386834555633,Kolkata,individual,96482.07,2023-03-27T18:50:11
11776198-f3b2-40e6-9a5e-0ac6eabccfa2,00000000-0000-0000-0000-000000000001,Michael Joshi,michael.joshi634@email.com,+496329323383,Bangalore,individual,19676.56,2021-03-22T18:00:57
71ccb25f-7560-4b8d-b15c-547a96c81f47,00000000-0000-0000-0000-000000000001,Anita Davis,anita.davis569@email.com,+215612201744,Pune,business,21111.51,2022-11-25T14:44:16
fc14fdba-bed4-4b0c-a140-c7a566d20889,00000000-0000-0000-0000-000000000001,Anita Davis,anita.davis403@email.com,+621458072318,Kolkata,individual,91834.9,2021-07-23T12:01:53
666cd86a-5166-4f9a-ba67-ade37ec98a4a,00000000-0000-0000-0000-000000000001,Kavya Johnson,kavya.johnson589@email.com,+885181592277,Ahmedabad,business,22205.93,2021-01-09T11:38:51
daf4764a-820a-4db6-a547-b5aa5584436c,00000000-0000-0000-0000-000000000001,Yusuf Brown,yusuf.brown204@email.com,+805464285982,Ahmedabad,individual,21858.88,2022-10-14T09:58:18
8ac73442-ee2e-4187-bd83-283e9d6aeeff,00000000-0000-0000-0000-000000000001,Hassan Das,hassan.das189@email.com,+269467483275,Hyderabad,business,23312.39,2022-03-02T15:51:18
58c9c0fd-0f52-4c93-b0ac-70946d1397f8,00000000-0000-0000-0000-000000000001,Layla Kumar,layla.kumar996@email.com,+105151086814,Kolkata,business,94631.0,2022-04-25T14:00:16
5cee48f3-7d3d-49aa-947c-e0f04242ebff,00000000-0000-0000-0000-000000000001,Pooja Hassan,pooja.hassan698@email.com,+968182649048,Kolkata,business,16866.77,2022-01-13T11:30:01
060933a6-d959-49bd-9541-bd5ea08b3774,00000000-0000-0000-0000-000000000001,Hassan Agarwal,hassan.agarwal673@email.com,+98306070814,Kolkata,individual,5892.52,2021-08-15T12:31:07
9644abf5-68a3-4ae1-9727-8f7822947fed,00000000-0000-0000-0000-000000000001,Amit Brown,amit.brown560@email.com,+186964188417,Pune,business,96765.07,2023-06-28T10:56:26
d7398994-e7e1-4709-8f75-beb132f77111,00000000-0000-0000-0000-000000000001,Amit Nair,amit.nair427@email.com,+369730449971,Pune,individual,59011.1,2022-09-23T13:06:43
9cc2dd22-3290-47f2-9485-5c8ccb1924e6,00000000-0000-0000-0000-000000000001,Noor Gupta,noor.gupta377@email.com,+87004964045,Chennai,business,41833.47,2022-10-23T11:41:40
9cf44e15-fde9-41cc-a246-590292fa626a,00000000-0000-0000-0000-000000000001,Priya Patel,priya.patel351@email.com,+325246953455,Chennai,individual,88286.29,2023-03-17T11:52:55
5c511b69-1305-4d0e-b36f-06d47eb5709d,00000000-0000-0000-0000-000000000001,David Wilson,david.wilson161@email.com,+775307145891,Bangalore,business,90026.17,2023-03-04T10:07:42
b9a22c35-d772-44e6-b1bf-837e203f629b,00000000-0000-0000-0000-000000000001,Priya Mehta,priya.mehta376@email.com,+317824071339,Mumbai,individual,4253.52,2021-01-16T14:33:07
7f50329e-cc0d-40ef-ac5b-bf6bb3113bdb,00000000-0000-0000-0000-000000000001,Karan Nair,karan.nair806@email.com,+475763350700,Chennai,business,5454.49,2022-04-05T18:33:19
fccaff90-7daf-4308-948e-b0cccd6830eb,00000000-0000-0000-0000-000000000001,Anita Verma,anita.verma72@email.com,+628934086843,Kolkata,business,54248.03,2021-02-01T15:04:57
b36cf57f-4233-4fe9-8a68-ffb165a40cf9,00000000-0000-0000-0000-000000000001,Divya Wilson,divya.wilson161@email.com,+95836956044,Pune,individual,101222.27,2022-09-15T15:32:38
fb3f7fea-bc86-4b3a-b86f-68853bcb1e79,00000000-0000-0000-0000-000000000001,Meera Kumar,meera.kumar728@email.com,+156218484323,Ahmedabad,business,46778.63,2023-03-24T15:25:26
b4ceb724-e836-4674-87f6-f188aff4808a,00000000-0000-0000-0000-000000000001,Amit Wilson,amit.wilson330@email.com,+866389710636,Bangalore,business,41342.67,2022-03-14T09:05:27
a9acfd69-d488-4f84-afd8-08d76603ebb9,00000000-0000-0000-0000-000000000001,Amit Das,amit.das391@email.com,+173389594115,Pune,business,47071.96,2023-01-27T18:48:27
c68529c1-30d3-445e-a9ea-87b2e9ad080e,00000000-0000-0000-0000-000000000001,Sneha Davis,sneha.davis329@email.com,+463179320310,Bangalore,business,11389.1,2022-09-07T13:54:35
86551d4c-396b-4414-8ab2-573b5cdc6bcb,00000000-0000-0000-0000-000000000001,Noor Kumar,noor.kumar295@email.com,+743391179068,Hyderabad,individual,21621.59,2023-02-20T12:58:21
0dd373f0-9126-4290-a49e-00d875d14386,00000000-0000-0000-0000-000000000001,Yusuf Sharma,yusuf.sharma900@email.com,+192721355673,Bangalore,business,4183.52,2021-07-05T16:13:24
836797d1-1055-4876-af48-971e216c4337,00000000-0000-0000-0000-000000000001,Rohan Hassan,rohan.hassan171@email.com,+483560761628,Mumbai,individual,81990.5,2021-12-16T09:17:28
79ebdc1d-fa3b-453b-a8bf-d182698166c7,00000000-0000-0000-0000-000000000001,Meera Nair,meera.nair462@email.com,+542173242669,Delhi,individual,4566.49,2022-09-14T18:37:31
5db4cb3f-1852-4d08-8b32-f8d78a054534,00000000-0000-0000-0000-000000000001,Aisha Patel,aisha.patel414@email.com,+771235286733,Chennai,individual,11069.4,2021-08-14T12:18:20
d4e1dafe-823f-4da7-831f-b97ac2ae4026,00000000-0000-0000-0000-000000000001,Pooja Sharma,pooja.sharma774@email.com,+561754603440,Kolkata,individual,10001.05,2022-05-25T18:51:22
18609e6a-0112-4453-9aa6-4e28b5e61bc5,00000000-0000-0000-0000-000000000001,Karan Al-Rashid,karan.alrashid769@email.com,+62873548915,Ahmedabad,business,20606.07,2023-06-02T17:25:45
72420abf-faa9-4ad4-98c5-c72695eceeb0,00000000-0000-0000-0000-000000000001,Rohan Davis,rohan.davis424@email.com,+39444763362,Bangalore,business,98403.88,2021-04-28T13:05:27
a8387189-f448-4e5b-99eb-7970cc02f8de,00000000-0000-0000-0000-000000000001,Amit Brown,amit.brown613@email.com,+523250402001,Kolkata,business,17772.58,2022-03-23T10:04:32
120b8588-0963-422b-8c63-13168ed16139,00000000-0000-0000-0000-000000000001,Pooja Reddy,pooja.reddy208@email.com,+451634323009,Delhi,individual,8694.0,2022-06-07T10:48:48
7791e031-0364-4abf-975e-3029e97183f3,00000000-0000-0000-0000-000000000001,Karan Joshi,karan.joshi653@email.com,+647783763790,Pune,business,17207.66,2023-03-03T09:30:28
0e689b9d-3205-4949-92c7-3b504e57e419,00000000-0000-0000-0000-000000000001,Aisha Johnson,aisha.johnson67@email.com,+463178995337,Hyderabad,individual,4113.78,2022-08-29T12:04:41
6ad9f166-00f9-487c-928e-490086f8d594,00000000-0000-0000-0000-000000000001,Divya Agarwal,divya.agarwal529@email.com,+504847761430,Ahmedabad,business,106073.5,2022-09-01T13:38:30
9ae6e6fe-b339-48b9-9f82-6b1535a0f752,00000000-0000-0000-0000-000000000001,Emily Patel,emily.patel115@email.com,+449952125442,Bangalore,individual,59819.72,2022-04-07T16:33:39
0758bed5-0832-4854-a7b1-27f653814bc0,00000000-0000-0000-0000-000000000001,Michael Taylor,michael.taylor949@email.com,+376958908766,Pune,business,5578.45,2022-01-17T18:21:04
2237af5a-695d-4739-8682-a2c1e9b39b03,00000000-0000-0000-0000-000000000001,Layla Kumar,layla.kumar704@email.com,+506515369278,Bangalore,individual,106544.48,2022-07-26T13:19:41
93bc7b39-84c0-4ec7-9f71-0235b1fa0f9f,00000000-0000-0000-0000-000000000001,Kavya Mehta,kavya.mehta735@email.com,+118695129534,Bangalore,business,83738.12,2022-09-02T18:27:32
37dc4ec4-8971-4711-9c47-6c55e7baa82c,00000000-0000-0000-0000-000000000001,Noor Sharma,noor.sharma326@email.com,+245085241101,Pune,business,43840.1,2022-01-07T10:09:04
0e274227-ca84-4850-9a3a-402ed89757c1,00000000-0000-0000-0000-000000000001,Ahmed Kumar,ahmed.kumar799@email.com,+709752058817,Pune,business,85241.96,2022-06-04T14:09:10
6dea5a47-72ad-4456-bdc1-6ef47c309349,00000000-0000-0000-0000-000000000001,Sarah Rao,sarah.rao649@email.com,+228392424691,Mumbai,individual,11878.35,2023-03-01T17:18:48
529c0ded-553e-48e5-8431-8f83afc2008a,00000000-0000-0000-0000-000000000001,Suresh Brown,suresh.brown254@email.com,+408663811838,Chennai,individual,119377.59,2022-07-01T15:49:18
260eed43-b2c1-48ec-9cbc-e99b56daa0fe,00000000-0000-0000-0000-000000000001,Vikram Reddy,vikram.reddy438@email.com,+214508521152,Bangalore,business,5282.36,2022-06-25T13:35:59
879fbcc8-e7d8-45ea-87da-bb70c76f15f2,00000000-0000-0000-0000-000000000001,Amit Rao,amit.rao538@email.com,+162224336336,Bangalore,individual,85893.95,2023-05-17T14:05:58
46136550-66d8-44c1-9e40-457497dfbb9c,00000000-0000-0000-0000-000000000001,David Hassan,david.hassan367@email.com,+42781968664,Kolkata,individual,9544.66,2023-06-25T09:23:14
001cc170-f617-493a-913a-2bd658493f0d,00000000-0000-0000-0000-000000000001,Priya Wilson,priya.wilson869@email.com,+928086527181,Bangalore,individual,23339.17,2021-04-12T15:44:53
74dcbac4-62a9-4aad-9989-06fb1b621225,00000000-0000-0000-0000-000000000001,James Rao,james.rao469@email.com,+791340272119,Hyderabad,individual,10195.22,2022-04-26T17:33:27
f307066a-5b0e-4e81-882d-8dc962b3c92f,00000000-0000-0000-0000-000000000001,Pooja Davis,pooja.davis318@email.com,+161205082311,Kolkata,business,98284.54,2021-09-01T09:53:57
ce9901e1-8162-4528-9bba-aadaaa3d297d,00000000-0000-0000-0000-000000000001,Sunita Agarwal,sunita.agarwal26@email.com,+815911625145,Kolkata,individual,17924.51,2022-07-03T14:11:42
23491e76-c8df-460a-ad7c-899c0d0beb1b,00000000-0000-0000-0000-000000000001,Divya Reddy,divya.reddy79@email.com,+685382302465,Ahmedabad,individual,59620.79,2022-01-05T12:47:01
84dde548-2fc9-4e61-9a7e-f2863b41e664,00000000-0000-0000-0000-000000000001,Yusuf Singh,yusuf.singh256@email.com,+948544878538,Bangalore,individual,93541.89,2021-12-20T18:11:53
fa690da7-695d-4447-a209-1b06f0e2c07f,00000000-0000-0000-0000-000000000001,Anita Rao,anita.rao656@email.com,+244485356009,Delhi,business,40739.68,2022-05-06T11:02:50
7c875f63-26b4-413f-8848-2c70c51a02b7,00000000-0000-0000-0000-000000000001,John Patel,john.patel965@email.com,+407508522951,Ahmedabad,individual,9144.44,2021-11-20T08:55:41
f0e89b2e-c0ff-4435-9fd1-b9d88d73c7c9,00000000-0000-0000-0000-000000000001,Layla Johnson,layla.johnson828@email.com,+489403012103,Pune,business,53841.37,2021-05-08T13:59:51
b4410178-39c7-4d64-b672-448d69a9dd5d,00000000-0000-0000-0000-000000000001,Fatima Singh,fatima.singh444@email.com,+116556684476,Delhi,individual,18451.97,2023-01-15T17:45:27
4f47d83c-d9cc-498b-bad4-ee44b75bf427,00000000-0000-0000-0000-000000000001,Michael Rao,michael.rao369@email.com,+589771848610,Pune,business,45491.11,2022-03-31T08:04:42
760eeaa9-c112-42cf-93a8-ac37a1d3c307,00000000-0000-0000-0000-000000000001,Kavya Taylor,kavya.taylor830@email.com,+963918046336,Mumbai,individual,107123.55,2022-06-10T15:02:08
e13540f9-3de9-4f85-bb48-4f2efecfd280,00000000-0000-0000-0000-000000000001,Karan Brown,karan.brown670@email.com,+476850392220,Mumbai,business,58976.47,2023-03-09T13:28:48
e0169336-f3aa-4e00-91ec-0ccde7cde9b3,00000000-0000-0000-0000-000000000001,Karan Shah,karan.shah552@email.com,+477004510516,Hyderabad,individual,4051.83,2021-05-21T10:31:33
c0d58136-5c2d-4896-bf7c-f4de58e7873e,00000000-0000-0000-0000-000000000001,Vikram Gupta,vikram.gupta278@email.com,+348318786687,Chennai,business,21551.85,2021-05-01T15:12:07
225f49ca-8b95-4100-a972-959f2f5a31d1,00000000-0000-0000-0000-000000000001,James Singh,james.singh186@email.com,+929868845806,Hyderabad,business,10847.24,2022-04-08T18:11:50
8dbea603-5138-456b-ab3a-de6470f23682,00000000-0000-0000-0000-000000000001,Noor Reddy,noor.reddy134@email.com,+264401896171,Chennai,business,4721.79,2021-08-18T17:23:29
a491675c-40a3-4d4b-ba79-213f3f27dc27,00000000-0000-0000-0000-000000000001,James Agarwal,james.agarwal98@email.com,+96623360831,Ahmedabad,individual,56466.79,2023-06-25T09:08:20
d0cc7a57-2ab9-44b4-be85-472f79ca979c,00000000-0000-0000-0000-000000000001,Karan Hassan,karan.hassan706@email.com,+672479679716,Bangalore,business,9730.47,2022-04-23T08:53:07
b4c7ea1e-ed7c-4428-8dd0-56dbc4968df0,00000000-0000-0000-0000-000000000001,Emily Davis,emily.davis175@email.com,+426263354802,Hyderabad,business,17570.42,2021-06-18T16:17:08
4069e5f4-954c-4ded-8703-9350338e57c9,00000000-0000-0000-0000-000000000001,Aisha Agarwal,aisha.agarwal105@email.com,+653753020051,Bangalore,individual,108825.31,2022-07-01T17:21:53
33f63702-6017-4b9e-99aa-6d582fd42e00,00000000-0000-0000-0000-000000000001,Arjun Sharma,arjun.sharma56@email.com,+837752277876,Mumbai,individual,91586.87,2021-03-25T12:30:15
c23db15c-3fe0-4a0a-80e3-f696cedc948b,00000000-0000-0000-0000-000000000001,Kavya Davis,kavya.davis84@email.com,+891257324536,Ahmedabad,individual,44080.46,2022-04-10T17:09:20
2cbf170e-5a05-4338-867d-daff4a8f757b,00000000-0000-0000-0000-000000000001,Hassan Das,hassan.das363@email.com,+523412273600,Pune,individual,4534.94,2023-06-01T11:09:06
0def18f8-64df-44c6-a8b7-b051a70e1ab0,00000000-0000-0000-0000-000000000001,Sneha Davis,sneha.davis894@email.com,+792795875043,Bangalore,business,108845.14,2022-01-29T11:48:10
7712dcc7-65b2-4518-bf97-44ffb417f2ec,00000000-0000-0000-0000-000000000001,Sunita Reddy,sunita.reddy520@email.com,+403136189070,Delhi,business,98289.23,2022-04-24T11:13:37
edbc9640-fa7f-47d0-a258-7052c3a6e178,00000000-0000-0000-0000-000000000001,Yusuf Patel,yusuf.patel298@email.com,+648183421297,Hyderabad,individual,4861.86,2021-02-21T12:46:23
8ac9d8f2-f1d8-4f13-8268-d41a89127b9d,00000000-0000-0000-0000-000000000001,Kavya Taylor,kavya.taylor420@email.com,+76131005449,Hyderabad,individual,98014.18,2021-02-16T16:17:52
c46b4a93-c057-46c4-923e-d5debbaa7620,00000000-0000-0000-0000-000000000001,Pooja Mehta,pooja.mehta413@email.com,+489327720702,Bangalore,individual,96055.48,2021-04-10T08:02:02
1e07ce0b-d23d-4184-9683-a8966b2af12f,00000000-0000-0000-0000-000000000001,James Rao,james.rao833@email.com,+617525484303,Bangalore,business,85591.24,2021-12-08T17:20:10
130cc088-381c-47e4-b805-f3d72752e34a,00000000-0000-0000-0000-000000000001,Kavya Agarwal,kavya.agarwal872@email.com,+397844995269,Ahmedabad,business,19799.14,2023-01-28T08:23:21
c742e36b-42c7-4621-a896-0826294d0523,00000000-0000-0000-0000-000000000001,Pooja Al-Mansoori,pooja.almansoori325@email.com,+933702653209,Ahmedabad,individual,103105.38,2022-08-21T08:37:30
ce7dc44e-800a-4201-912c-9a826aaa8794,00000000-0000-0000-0000-000000000001,Michael Reddy,michael.reddy748@email.com,+802632905061,Chennai,individual,4381.57,2022-10-07T15:20:26
7c6f536b-138d-456f-98ec-79d4d47623d0,00000000-0000-0000-0000-000000000001,Emily Al-Mansoori,emily.almansoori218@email.com,+534124168227,Bangalore,individual,93001.98,2022-12-09T18:30:33
cd174077-35dc-468a-ab74-124ca48d5275,00000000-0000-0000-0000-000000000001,Vikram Wilson,vikram.wilson480@email.com,+698272725281,Ahmedabad,individual,9116.03,2021-06-27T12:14:19
495f81b1-2150-4b2d-a3fb-925d4f8cb224,00000000-0000-0000-0000-000000000001,Ahmed Rao,ahmed.rao716@email.com,+917395219544,Ahmedabad,individual,18302.32,2021-08-01T17:43:34
440208c1-045c-4f18-b99b-36bacbe8344c,00000000-0000-0000-0000-000000000001,Vikram Al-Rashid,vikram.alrashid363@email.com,+994455798713,Hyderabad,individual,4692.73,2023-04-19T15:41:16
cd0ba6cb-4af9-4814-8c91-8c04350b8df9,00000000-0000-0000-0000-000000000001,Rajesh Smith,rajesh.smith857@email.com,+692166605339,Delhi,business,89571.28,2021-07-26T08:42:57
3dbcd0bd-8151-48aa-9d22-cf0e79554006,00000000-0000-0000-0000-000000000001,David Verma,david.verma63@email.com,+137070083150,Ahmedabad,individual,8020.73,2021-08-27T16:59:10
7b2da1ed-6cda-4abf-9393-4b3bc3f3336b,00000000-0000-0000-0000-000000000001,Rohan Verma,rohan.verma909@email.com,+619434946584,Pune,individual,5815.87,2023-06-21T09:41:36
cb943392-54fe-42b7-92ca-ef0d43f3143a,00000000-0000-0000-0000-000000000001,David Gupta,david.gupta750@email.com,+56046864799,Bangalore,business,5994.34,2023-01-27T14:50:31
2fa3e26d-f39c-4e28-b7ea-206db9df6c14,00000000-0000-0000-0000-000000000001,Sarah Das,sarah.das958@email.com,+384765583254,Mumbai,individual,84292.03,2023-06-13T13:18:29
b5f70fa6-c644-455e-94eb-3906104a7c04,00000000-0000-0000-0000-000000000001,Sunita Mehta,sunita.mehta526@email.com,+602171826349,Delhi,individual,52965.71,2023-05-22T10:00:47
2a104fd3-7c67-46b3-a7b4-dab4101a3298,00000000-0000-0000-0000-000000000001,Layla Davis,layla.davis700@email.com,+971829621429,Kolkata,business,93117.07,2022-08-05T14:42:06
260196ea-566b-484f-9820-187fbbc5cdbb,00000000-0000-0000-0000-000000000001,Sarah Mehta,sarah.mehta341@email.com,+325324302451,Kolkata,individual,23632.28,2022-05-04T12:37:46
f074b00e-91f0-4c01-9c18-473eeee09168,00000000-0000-0000-0000-000000000001,Rahul Johnson,rahul.johnson378@email.com,+892014911848,Delhi,individual,9621.67,2022-11-01T16:59:57
9ba9b65b-1d65-438f-8e29-6b52dfebf274,00000000-0000-0000-0000-000000000001,Aisha Rao,aisha.rao664@email.com,+381948540266,Bangalore,individual,54954.7,2021-05-01T17:23:26
c833018e-937b-4f7a-a7f0-6d774c9e8501,00000000-0000-0000-0000-000000000001,Rajesh Gupta,rajesh.gupta690@email.com,+284272162158,Delhi,individual,108150.65,2023-04-02T09:58:36
6f92d0c1-9fec-4da9-b11d-8e15a62e706a,00000000-0000-0000-0000-000000000001,Pooja Patel,pooja.patel570@email.com,+653304937838,Bangalore,individual,97673.62,2023-04-29T18:13:45
f622b7ba-e21b-4d75-abc2-1bde0f0d1b17,00000000-0000-0000-0000-000000000001,Sunita Singh,sunita.singh466@email.com,+82947476917,Kolkata,individual,5117.59,2022-06-07T18:51:19
b68be164-9a3d-45cd-bbe3-fdd7f1230ca0,00000000-0000-0000-0000-000000000001,Priya Al-Rashid,priya.alrashid846@email.com,+14203205881,Delhi,individual,21603.08,2021-09-18T16:03:59
f3cfc51c-814a-4f36-8034-1cc09e5cf0bf,00000000-0000-0000-0000-000000000001,Karan Nair,karan.nair303@email.com,+539434381915,Pune,business,48970.74,2021-02-02T14:24:05
7314b4b4-5d6e-4dcd-846a-6ee3c26bf63e,00000000-0000-0000-0000-000000000002,James Verma,james.verma366@email.com,+167602474923,Chicago,business,11339.29,2023-05-31T08:19:29
499d7cf7-7480-46d6-9e36-3bad09cec3b1,00000000-0000-0000-0000-000000000002,Meera Gupta,meera.gupta853@email.com,+306358023411,Philadelphia,individual,11749.64,2022-01-24T09:02:51
56663162-97f9-42fe-9518-2f16d2135215,00000000-0000-0000-0000-000000000002,Rohan Agarwal,rohan.agarwal968@email.com,+32033653860,Los Angeles,individual,4892.88,2023-02-24T18:45:55
894f266d-2103-4806-bf45-0023f0358c15,00000000-0000-0000-0000-000000000002,Sneha Brown,sneha.brown55@email.com,+522885330933,Houston,business,4280.27,2023-01-29T12:14:52
894e6c84-b9af-4184-a242-29abe27e1896,00000000-0000-0000-0000-000000000002,Hassan Shah,hassan.shah801@email.com,+878809893329,Houston,individual,11942.78,2022-09-05T16:14:26
54ce375d-ee44-4e93-8f60-507465c292e0,00000000-0000-0000-0000-000000000002,Aisha Johnson,aisha.johnson580@email.com,+764915196257,Dallas,individual,5944.58,2021-03-04T18:42:24
28563875-2e56-48df-8df2-ac356ae67f23,00000000-0000-0000-0000-000000000002,Hassan Rao,hassan.rao428@email.com,+206582978573,Chicago,business,44819.36,2022-03-03T11:19:54
faf20152-944d-466f-a4a6-4caf2d617b9a,00000000-0000-0000-0000-000000000002,Emily Hassan,emily.hassan585@email.com,+539451577335,Chicago,individual,17626.69,2021-03-01T18:05:59
fed6ffc4-86ad-41a7-b80f-5686f5eaa4dd,00000000-0000-0000-0000-000000000002,Suresh Taylor,suresh.taylor558@email.com,+934562272871,New York,individual,104116.88,2021-04-05T09:12:51
ee907d6d-316e-4469-8957-9fba766f41d1,00000000-0000-0000-0000-000000000002,Lisa Nair,lisa.nair900@email.com,+434904100195,Houston,business,5493.76,2021-08-02T15:58:15
bb4d94df-6853-4786-af28-80116f60dc60,00000000-0000-0000-0000-000000000002,Lisa Al-Rashid,lisa.alrashid575@email.com,+428625774078,Dallas,individual,18467.38,2021-09-03T13:32:56
16049f61-bdb2-4676-9ec2-94b545cfb940,00000000-0000-0000-0000-000000000002,Sunita Hassan,sunita.hassan832@email.com,+938901585274,Houston,individual,40914.31,2021-04-11T11:47:09
3b657ffe-55c0-48a2-be81-bd72331ff7d9,00000000-0000-0000-0000-000000000002,Priya Johnson,priya.johnson967@email.com,+757088451458,Chicago,individual,9519.36,2022-07-21T11:31:35
d6268fd1-ab44-49cb-8e60-f4957783d482,00000000-0000-0000-0000-000000000002,Layla Johnson,layla.johnson851@email.com,+637402059279,Chicago,business,17354.13,2023-02-21T16:31:11
4b8128ac-474c-408d-803a-135ae71ea80b,00000000-0000-0000-0000-000000000002,Sneha Reddy,sneha.reddy869@email.com,+103869963931,New York,individual,8271.87,2021-02-04T10:00:13
26758670-4b83-4169-b530-74f8c560e917,00000000-0000-0000-0000-000000000002,Anita Taylor,anita.taylor642@email.com,+823095318649,New York,individual,40237.02,2021-03-03T16:46:17
5a5da429-a8c9-4a52-a867-d7b0c1f29fba,00000000-0000-0000-0000-000000000002,Ahmed Sharma,ahmed.sharma842@email.com,+908189916797,Chicago,individual,5048.77,2022-05-30T11:12:39
d69be17c-b1ed-4ea1-b84e-92b26c2035f2,00000000-0000-0000-0000-000000000002,Omar Taylor,omar.taylor824@email.com,+515634352383,Dallas,individual,11960.93,2021-10-01T11:19:43
80f16138-17cf-469c-8f74-e1e89f3c5b1b,00000000-0000-0000-0000-000000000002,Divya Verma,divya.verma675@email.com,+981136083924,Dallas,individual,99040.2,2023-05-29T18:00:44
faabeda8-e42a-4e9f-b0da-004f1ddfe2b6,00000000-0000-0000-0000-000000000002,Michael Singh,michael.singh875@email.com,+565182609867,New York,individual,99020.01,2022-05-27T08:59:04
1db57c7a-5c2a-4211-9f2a-7d7ac03b1e53,00000000-0000-0000-0000-000000000002,Fatima Gupta,fatima.gupta683@email.com,+58947526020,New York,business,85767.66,2022-08-01T14:59:04
2d1567b1-1bb4-40fc-b7d0-b0134a2f3b1a,00000000-0000-0000-0000-000000000002,Aisha Joshi,aisha.joshi256@email.com,+736719736115,Chicago,business,5001.59,2022-08-01T13:03:06
38c4405f-e599-4bbe-9591-9f3f3dec435b,00000000-0000-0000-0000-000000000002,Meera Brown,meera.brown87@email.com,+447853087029,Philadelphia,individual,22268.39,2023-05-09T15:31:14
efced2b8-4f5a-4413-8153-2f52c4f62b98,00000000-0000-0000-0000-000000000002,Yusuf Gupta,yusuf.gupta452@email.com,+248132531532,Los Angeles,business,22384.44,2022-01-20T09:05:17
383a2b5c-391e-47bb-bba6-eed16a0d00e2,00000000-0000-0000-0000-000000000002,Emily Al-Rashid,emily.alrashid812@email.com,+826968380957,Philadelphia,individual,5885.92,2022-12-30T15:23:48
b99e8eb4-f40b-4eaf-a406-cc9e9e7e35ce,00000000-0000-0000-0000-000000000002,Fatima Kumar,fatima.kumar99@email.com,+247146010221,Dallas,individual,4707.83,2021-05-16T09:38:38
35c2c3c8-7f32-44b5-aa36-6378f78565db,00000000-0000-0000-0000-000000000002,Hassan Al-Rashid,hassan.alrashid308@email.com,+539953716239,Houston,individual,10741.26,2021-01-13T10:08:17
2b8e1f8f-c931-4956-b612-a51e303ae719,00000000-0000-0000-0000-000000000002,Aisha Johnson,aisha.johnson159@email.com,+96013117609,Phoenix,individual,55653.33,2022-05-20T13:16:15
9b4f8905-ebb9-4c18-8eab-4c7d9a04e209,00000000-0000-0000-0000-000000000002,Sunita Agarwal,sunita.agarwal210@email.com,+591459442845,Phoenix,individual,46644.34,2022-09-24T17:24:51
34a39317-f135-49a9-b2af-c35623fffa7e,00000000-0000-0000-0000-000000000002,Layla Hassan,layla.hassan450@email.com,+845879617459,Philadelphia,business,9916.04,2021-12-09T10:25:20
d0569939-9c92-4b72-9af5-06767dc57dfd,00000000-0000-0000-0000-000000000002,Ahmed Das,ahmed.das658@email.com,+634358554365,Philadelphia,individual,47300.31,2022-12-13T17:12:37
3cdf01ed-29af-4d9c-85e3-3e6d0ad70cfa,00000000-0000-0000-0000-000000000002,Sarah Iyer,sarah.iyer573@email.com,+44042413312,Austin,business,5637.93,2023-02-26T14:43:31
588f189e-5526-478c-81b6-4d650b36f659,00000000-0000-0000-0000-000000000002,James Verma,james.verma257@email.com,+333828935922,Dallas,business,4898.13,2021-11-07T17:30:37
1bbd6592-0c49-4496-bc85-7544bc671038,00000000-0000-0000-0000-000000000002,Kavya Gupta,kavya.gupta955@email.com,+899454334062,Los Angeles,individual,10630.41,2022-06-03T13:10:41
735ad4ac-a853-4df9-b0f6-78fcce29273b,00000000-0000-0000-0000-000000000002,Arjun Shah,arjun.shah703@email.com,+838527715219,Dallas,individual,4517.48,2022-10-23T16:47:33
3005cd03-eeec-4c0c-9cad-c44aaef74730,00000000-0000-0000-0000-000000000002,David Hassan,david.hassan410@email.com,+603149484176,Philadelphia,business,42090.99,2022-01-19T14:58:05
e60cd767-c091-49a9-bbda-b3c057246e87,00000000-0000-0000-0000-000000000002,Pooja Das,pooja.das366@email.com,+406768427475,Houston,individual,19809.3,2021-05-26T15:46:44
3103b40c-7bf5-410b-a7bb-0c0af47181d0,00000000-0000-0000-0000-000000000002,Suresh Wilson,suresh.wilson317@email.com,+61494287462,Philadelphia,business,11719.69,2021-03-10T11:33:11
7f8ff116-05eb-485e-9d38-4216fbca770e,00000000-0000-0000-0000-000000000002,Michael Wilson,michael.wilson446@email.com,+601792214339,Dallas,individual,115323.89,2022-07-28T15:37:27
36a71e04-f64a-4e49-886a-0a7d38b939b3,00000000-0000-0000-0000-000000000002,Vikram Sharma,vikram.sharma229@email.com,+274418828570,Los Angeles,business,87478.39,2022-12-23T13:12:29
9af2756b-ec86-458a-9d05-5c78fc79d14a,00000000-0000-0000-0000-000000000002,Pooja Johnson,pooja.johnson893@email.com,+638039917766,Dallas,business,84569.28,2022-11-18T13:54:29
ef255014-871f-4910-9b67-43441c496b2d,00000000-0000-0000-0000-000000000002,Sarah Iyer,sarah.iyer829@email.com,+393534753843,Chicago,individual,9221.52,2022-12-24T10:23:44
07106ecf-6218-4f33-a6be-d6905da94780,00000000-0000-0000-0000-000000000002,Emily Reddy,emily.reddy438@email.com,+776942989052,Chicago,individual,107737.32,2022-02-02T18:59:11
2181f42f-2a96-4e3d-8616-21995493aef7,00000000-0000-0000-0000-000000000002,Michael Nair,michael.nair153@email.com,+245336127859,Chicago,individual,59276.58,2021-10-23T16:41:31
755948b7-7bea-4c87-822c-c2e4e76fa4da,00000000-0000-0000-0000-000000000002,Rohan Iyer,rohan.iyer435@email.com,+918902275119,Austin,individual,81234.43,2022-05-19T11:18:02
0684fa7f-84a0-4875-9e05-ae23af9645e8,00000000-0000-0000-0000-000000000002,Fatima Brown,fatima.brown305@email.com,+228648220906,Austin,individual,5145.43,2022-07-05T12:49:34
15b9821e-6fb9-4191-8c2c-a539abd88587,00000000-0000-0000-0000-000000000002,Noor Gupta,noor.gupta784@email.com,+62826025489,Houston,individual,4899.46,2023-04-23T13:55:52
ef6b607e-ae66-465f-9ba1-1f5274ffaee3,00000000-0000-0000-0000-000000000002,Divya Hassan,divya.hassan130@email.com,+318254773516,Dallas,individual,11139.4,2023-06-06T11:51:03
609dc488-93c3-4078-87d0-e603f747a181,00000000-0000-0000-0000-000000000002,Yusuf Gupta,yusuf.gupta621@email.com,+696018142572,Phoenix,individual,23619.18,2021-10-15T16:57:43
7cf3fc5c-c12a-4b6c-aa82-2a65e878af4e,00000000-0000-0000-0000-000000000002,Amit Mehta,amit.mehta814@email.com,+534946081594,Phoenix,business,10805.71,2023-02-08T10:15:09
82d63e48-850c-4797-9977-8c833c534d68,00000000-0000-0000-0000-000000000002,Hassan Brown,hassan.brown873@email.com,+876981604165,Chicago,individual,21022.5,2023-02-19T14:28:04
a570d86f-a5e8-4026-8aef-ef6da80aea5d,00000000-0000-0000-0000-000000000002,Divya Al-Rashid,divya.alrashid777@email.com,+369063016667,Austin,business,20655.64,2022-06-12T09:46:29
7ceefd0b-40d5-4dd5-b289-1b13336cf7b7,00000000-0000-0000-0000-000000000002,Yusuf Singh,yusuf.singh557@email.com,+516204862411,Phoenix,individual,18702.04,2023-03-26T17:08:36
e2cc91c1-2526-4ac8-8adc-492c2a4b2580,00000000-0000-0000-0000-000000000002,Sunita Wilson,sunita.wilson790@email.com,+71197323378,Austin,individual,9765.14,2022-11-30T08:27:12
d1323e8a-6e78-4568-a863-f04e49b5c391,00000000-0000-0000-0000-000000000002,James Verma,james.verma172@email.com,+369990826771,Philadelphia,individual,21316.07,2021-11-06T18:10:03
4174fe32-3782-48fa-ba43-0e2cd4b22ec6,00000000-0000-0000-0000-000000000002,Kavya Verma,kavya.verma753@email.com,+904243697409,Dallas,business,4002.17,2021-11-09T15:04:08
19ea5f09-5e52-49b9-abaa-fd98d22dc139,00000000-0000-0000-0000-000000000002,David Reddy,david.reddy465@email.com,+29624563057,Philadelphia,business,53880.62,2022-11-28T15:04:14
23126e15-2174-4a4c-8525-744578a086a8,00000000-0000-0000-0000-000000000002,Vikram Singh,vikram.singh835@email.com,+145738214525,Philadelphia,business,9530.88,2023-01-19T10:41:43
81091885-8ae5-40d4-a1b9-99c481bf3771,00000000-0000-0000-0000-000000000002,Emily Singh,emily.singh586@email.com,+25999842516,Philadelphia,business,11679.58,2022-06-28T17:43:28
09b74ca2-8e1f-40ba-be87-585a3054252c,00000000-0000-0000-0000-000000000002,Lisa Singh,lisa.singh153@email.com,+978430332727,Philadelphia,business,22328.61,2021-04-13T11:17:41
114ebe76-28df-4c25-86fe-0c0c5fbb18d4,00000000-0000-0000-0000-000000000002,Divya Brown,divya.brown625@email.com,+779056616444,Houston,individual,87545.86,2022-07-21T14:18:41
4ee328fc-2748-46fa-af50-42ba5cf09094,00000000-0000-0000-0000-000000000002,Sneha Brown,sneha.brown405@email.com,+156330405542,Los Angeles,individual,5973.77,2022-05-22T13:08:24
fd9e9619-0ce4-4f87-816d-08df568b9c23,00000000-0000-0000-0000-000000000002,Rohan Taylor,rohan.taylor709@email.com,+238570850267,Los Angeles,individual,4027.59,2022-07-14T11:02:59
3cf0b35f-6180-4928-87db-1bb22a1685f2,00000000-0000-0000-0000-000000000002,Sneha Al-Rashid,sneha.alrashid303@email.com,+818589679668,Dallas,business,5281.07,2022-06-03T16:39:09
8e9891d2-4ab9-4c43-86a7-f0f50800a74a,00000000-0000-0000-0000-000000000002,Fatima Singh,fatima.singh90@email.com,+664955342162,Chicago,individual,51728.74,2021-11-14T18:43:41
556eb107-18a8-48b3-a687-c1fba971f771,00000000-0000-0000-0000-000000000002,Karan Davis,karan.davis457@email.com,+942024939794,Houston,individual,42319.73,2022-12-17T17:38:03
4fe7e16f-6dc6-4910-9a84-e1ce79904ddf,00000000-0000-0000-0000-000000000002,Aisha Iyer,aisha.iyer683@email.com,+951754393408,New York,business,4327.67,2023-01-30T13:33:33
717b114b-2e7b-41f6-9b25-648facdefdaa,00000000-0000-0000-0000-000000000002,Omar Joshi,omar.joshi139@email.com,+964807122420,New York,individual,45439.61,2022-01-16T09:16:45
9897a976-5588-43e4-a7b3-ec0457ed27b9,00000000-0000-0000-0000-000000000002,Karan Nair,karan.nair533@email.com,+475533076460,Chicago,individual,22186.63,2022-04-12T17:43:46
e15db578-271c-4749-a190-c57be9cf97ab,00000000-0000-0000-0000-000000000002,Pooja Brown,pooja.brown531@email.com,+14706249669,Houston,individual,19063.84,2023-01-29T10:11:59
1c907334-1c72-455b-a55b-3acd19cf43c8,00000000-0000-0000-0000-000000000002,Arjun Gupta,arjun.gupta945@email.com,+922801177461,Philadelphia,individual,18170.06,2023-04-03T09:36:23
280c2e9d-87f8-4a20-ae5b-95428a7f4b2d,00000000-0000-0000-0000-000000000002,Pooja Reddy,pooja.reddy933@email.com,+71770278136,New York,business,5753.98,2022-11-21T12:49:54
00c66848-0d2b-4067-b245-1a457087c419,00000000-0000-0000-0000-000000000002,Aisha Wilson,aisha.wilson576@email.com,+595329194647,Houston,individual,21916.61,2021-03-30T11:29:23
335345ad-8cac-47fa-8633-cd36eaaea9e9,00000000-0000-0000-0000-000000000002,Sunita Smith,sunita.smith932@email.com,+702052811909,New York,business,4466.0,2023-01-21T13:40:53
35ee001b-a474-4413-a350-f087fe3f9739,00000000-0000-0000-0000-000000000002,Rahul Wilson,rahul.wilson787@email.com,+852320748157,Houston,individual,9679.26,2021-01-02T08:09:45
aca21e98-e84c-43d7-8e97-e4a37aa17ee0,00000000-0000-0000-0000-000000000002,Fatima Singh,fatima.singh953@email.com,+307527316141,Philadelphia,individual,5161.54,2021-02-14T16:08:40
3ef18153-8478-45be-8cd4-0f33c62e0b05,00000000-0000-0000-0000-000000000002,Kavya Singh,kavya.singh591@email.com,+85141285960,Houston,individual,23408.34,2022-08-30T14:44:53
259d6f80-c915-4799-ac03-cf2b0a59478f,00000000-0000-0000-0000-000000000002,Hassan Wilson,hassan.wilson288@email.com,+301870644102,Los Angeles,individual,9798.27,2022-04-09T13:26:07
e559e242-498d-456c-ab95-e01732175b83,00000000-0000-0000-0000-000000000002,Yusuf Smith,yusuf.smith325@email.com,+601515024824,Chicago,business,22611.09,2022-04-08T17:02:13
a604b952-fa34-4a9d-b4ee-9ba7dddfd470,00000000-0000-0000-0000-000000000002,Hassan Mehta,hassan.mehta738@email.com,+329454213661,Dallas,individual,18081.33,2021-04-04T10:01:25
e27243bd-8da2-44f7-bebb-40ecfddc9631,00000000-0000-0000-0000-000000000002,Suresh Gupta,suresh.gupta573@email.com,+325701809264,Los Angeles,business,8485.81,2023-02-06T08:53:49
6f2c0f2b-8c67-465c-8fa6-64e4675d900c,00000000-0000-0000-0000-000000000002,David Mehta,david.mehta853@email.com,+523768901084,Phoenix,business,4043.6,2021-07-22T09:12:57
15ae5b34-f4a6-4782-bf4d-d06692a3970f,00000000-0000-0000-0000-000000000002,Suresh Mehta,suresh.mehta936@email.com,+431526252306,Austin,individual,97326.26,2021-04-05T14:31:01
daa70ace-6614-4477-9b4f-5fbe9578ae4a,00000000-0000-0000-0000-000000000002,Vikram Iyer,vikram.iyer186@email.com,+466098775210,Phoenix,individual,8138.6,2022-03-13T17:39:15
46b517ef-b4e8-4932-8ba1-6f6f09946b4c,00000000-0000-0000-0000-000000000002,Ahmed Nair,ahmed.nair913@email.com,+713057422183,Los Angeles,individual,9676.94,2022-02-26T18:56:51
3163f3f5-1134-4bb9-8964-44ef7193d363,00000000-0000-0000-0000-000000000002,Anna Verma,anna.verma566@email.com,+39544423456,Philadelphia,individual,46880.68,2023-04-02T17:32:20
cf5f48c3-3ea8-4ffd-9665-affb14af7a0e,00000000-0000-0000-0000-000000000002,Vikram Johnson,vikram.johnson36@email.com,+413564595211,New York,business,16468.73,2021-07-04T15:33:22
df7afed9-1586-43c7-9be5-08a996dc7f15,00000000-0000-0000-0000-000000000002,David Joshi,david.joshi263@email.com,+856330710675,New York,business,10302.77,2021-04-13T14:22:59
bd309be0-55c1-4281-bc75-5956004591fd,00000000-0000-0000-0000-000000000002,Sarah Joshi,sarah.joshi616@email.com,+418291250562,New York,business,23580.47,2021-08-31T17:09:36
8bd99235-eae8-42f4-83b6-4aec0369e422,00000000-0000-0000-0000-000000000002,John Nair,john.nair326@email.com,+233106408413,Los Angeles,individual,88752.36,2022-07-10T16:30:00
539752e9-2e7d-4514-9501-ce333bc88854,00000000-0000-0000-0000-000000000002,Layla Agarwal,layla.agarwal835@email.com,+179023931339,New York,individual,108187.85,2021-07-26T10:49:07
51405e21-caf6-4dfe-8f55-796f641264fe,00000000-0000-0000-0000-000000000002,Noor Singh,noor.singh731@email.com,+855728897164,Phoenix,individual,10929.41,2022-01-18T14:50:40
cc6bb84e-a3fe-4ea2-b8d3-561a38754c85,00000000-0000-0000-0000-000000000002,Sunita Verma,sunita.verma188@email.com,+918675071314,Houston,business,9513.54,2021-11-21T12:08:11
4056ccb8-87df-4515-b8fa-a6fcb6f00838,00000000-0000-0000-0000-000000000002,Rahul Rao,rahul.rao410@email.com,+991139082827,Philadelphia,business,88835.81,2022-08-10T17:06:59
6870f1d8-a158-44bd-8068-eb40b1a446dc,00000000-0000-0000-0000-000000000002,Sunita Mehta,sunita.mehta773@email.com,+106317152031,Philadelphia,individual,5643.32,2021-12-06T18:40:46
92ef65ed-5b35-4c91-977e-853ec6d59fd9,00000000-0000-0000-0000-000000000002,Layla Hassan,layla.hassan281@email.com,+275586143660,Phoenix,business,4096.29,2021-01-12T15:46:26
76406f93-a05e-41c8-932f-a747f493c09d,00000000-0000-0000-0000-000000000002,Michael Al-Mansoori,michael.almansoori912@email.com,+492612105539,Austin,business,106038.78,2022-05-20T18:14:10
047f821b-1171-478c-bdfc-3bfe59dfce5a,00000000-0000-0000-0000-000000000002,Suresh Singh,suresh.singh876@email.com,+52266622851,Philadelphia,individual,4148.4,2023-03-30T10:56:24
5d3891fb-5048-437b-902f-5c5eaffb0ee6,00000000-0000-0000-0000-000000000002,Michael Das,michael.das570@email.com,+129131344493,New York,individual,10429.27,2021-03-18T14:10:03
8d374fbd-0f52-4113-b363-91a9291d3b93,00000000-0000-0000-0000-000000000002,Amit Wilson,amit.wilson204@email.com,+536504099682,Houston,individual,51435.4,2021-07-30T15:09:03
84f24a96-021b-427e-a87a-30a50546d6d8,00000000-0000-0000-0000-000000000002,Noor Sharma,noor.sharma99@email.com,+383062994753,Los Angeles,individual,10552.76,2022-03-14T09:30:54
4c88d813-3d20-4b47-acd2-9357ff3c646b,00000000-0000-0000-0000-000000000002,Pooja Davis,pooja.davis417@email.com,+618134112721,Los Angeles,business,43697.62,2023-03-15T14:23:11
1339ba47-1da0-4780-a73b-7ef4ae53ac82,00000000-0000-0000-0000-000000000002,Suresh Patel,suresh.patel460@email.com,+602131297865,Phoenix,individual,11008.94,2021-09-27T18:06:05
a29cf23d-c477-4ea1-ac4e-08325b08694a,00000000-0000-0000-0000-000000000002,Yusuf Gupta,yusuf.gupta784@email.com,+767539441086,Austin,individual,9905.05,2022-02-28T09:25:57
c3d6b854-df13-4165-b26a-e06b7677ae33,00000000-0000-0000-0000-000000000002,Arjun Reddy,arjun.reddy932@email.com,+673664052763,Los Angeles,business,43457.58,2022-08-08T10:13:51
e897cdcc-78bb-4744-8d1c-f576dae27e74,00000000-0000-0000-0000-000000000002,John Mehta,john.mehta443@email.com,+112869999754,Chicago,business,18558.0,2021-02-13T09:05:24
eb407cb2-bd13-4b0a-ae12-5ee30d0fbc51,00000000-0000-0000-0000-000000000002,Kavya Gupta,kavya.gupta887@email.com,+367527011028,New York,business,103503.04,2021-11-30T14:07:26
c54c7512-c7c4-4991-8a3a-f9be8bdce44d,00000000-0000-0000-0000-000000000002,Emily Mehta,emily.mehta612@email.com,+755035765954,Los Angeles,individual,5571.49,2022-08-04T16:56:22
345effa7-0c9c-40e5-937d-55b3352d56b3,00000000-0000-0000-0000-000000000002,Rohan Johnson,rohan.johnson680@email.com,+633031719772,Chicago,individual,10472.98,2022-01-28T18:44:25
8cf4061a-7e9b-4370-8c60-a2eab8b8ce41,00000000-0000-0000-0000-000000000002,Arjun Al-Rashid,arjun.alrashid910@email.com,+433965734008,New York,business,23176.25,2023-06-30T08:21:52
2cd92d94-69e2-4870-a893-246571d30015,00000000-0000-0000-0000-000000000002,Aisha Davis,aisha.davis873@email.com,+633941417062,Houston,individual,55480.62,2021-10-15T13:17:46
c2a5f684-e2e9-43cb-adf7-ebefc2b67817,00000000-0000-0000-0000-000000000002,Rohan Agarwal,rohan.agarwal101@email.com,+252897158366,Dallas,business,114687.56,2022-10-24T08:32:50
641d0054-e924-454f-97cc-5ea1d3591e37,00000000-0000-0000-0000-000000000002,Michael Singh,michael.singh736@email.com,+652732526008,New York,individual,11347.91,2021-11-15T11:02:29
c775902c-7292-44b2-a506-d1a8026a8599,00000000-0000-0000-0000-000000000002,Sneha Taylor,sneha.taylor213@email.com,+364964570811,New York,individual,51880.87,2022-12-23T10:55:30
df11eaf8-9d93-40c3-95b8-69088e0b37e7,00000000-0000-0000-0000-000000000002,Yusuf Taylor,yusuf.taylor867@email.com,+343958590550,Phoenix,individual,4325.81,2021-06-17T17:49:13
371ac7be-3df4-47de-beee-5cbd8005aeb9,00000000-0000-0000-0000-000000000002,David Verma,david.verma703@email.com,+275333183840,Chicago,business,112034.59,2021-08-19T11:16:38
d1c085f4-eefb-4b8c-9a49-b9b5a116f0e5,00000000-0000-0000-0000-000000000002,Aisha Rao,aisha.rao668@email.com,+366792661894,Phoenix,individual,21417.57,2022-12-28T17:25:37
b35afbb3-7675-4e5d-9c49-2074638a15e4,00000000-0000-0000-0000-000000000002,Amit Sharma,amit.sharma688@email.com,+486509055260,Los Angeles,individual,23906.89,2022-06-08T18:20:55
c6d9cee1-40ef-46ae-9148-92ffde21f48b,00000000-0000-0000-0000-000000000002,Fatima Johnson,fatima.johnson738@email.com,+842283298067,Chicago,individual,11598.75,2022-11-03T17:25:42
3f9929dd-251c-4bc6-8155-7971fdcab7d4,00000000-0000-0000-0000-000000000002,Hassan Iyer,hassan.iyer748@email.com,+48109891300,Phoenix,individual,48091.98,2021-05-24T08:37:45
783ceb3e-3046-43ed-9165-3b675466e48b,00000000-0000-0000-0000-000000000002,John Wilson,john.wilson740@email.com,+293397657114,Phoenix,individual,10963.68,2023-01-14T16:48:58
347afabb-ad63-4c09-a999-50a41c5ceab0,00000000-0000-0000-0000-000000000002,Sarah Iyer,sarah.iyer680@email.com,+126249538855,Houston,business,19363.78,2021-12-10T13:23:16
b6cc2d8a-bec7-43f1-801c-fb42b03c50aa,00000000-0000-0000-0000-000000000002,Ahmed Hassan,ahmed.hassan130@email.com,+613665691647,Austin,business,84792.64,2023-05-22T18:24:33
11b3caad-bbd9-47ec-96ad-cd64afcbdb82,00000000-0000-0000-0000-000000000002,Aisha Al-Mansoori,aisha.almansoori901@email.com,+206155234610,Dallas,business,42864.48,2021-02-25T10:49:05
7624bfd6-caa9-4d60-8cde-015c37defcf9,00000000-0000-0000-0000-000000000002,Sunita Wilson,sunita.wilson191@email.com,+413725152347,New York,individual,11044.77,2022-10-09T10:36:48
17cefac2-e999-46b7-8741-9fe3783392ce,00000000-0000-0000-0000-000000000002,Michael Nair,michael.nair791@email.com,+127139268005,Dallas,business,40093.38,2023-03-16T16:12:46
723daea8-218f-4459-95e2-fb52a68e7450,00000000-0000-0000-0000-000000000002,Noor Sharma,noor.sharma785@email.com,+681818520766,New York,business,8905.06,2021-11-26T13:19:08
260076fe-7569-4416-ac34-6718e9058efb,00000000-0000-0000-0000-000000000002,Amit Al-Rashid,amit.alrashid612@email.com,+401717346250,New York,individual,19647.41,2022-05-31T16:38:33
f7c8fb82-ca01-4c2a-a679-0d286893741f,00000000-0000-0000-0000-000000000002,Layla Al-Mansoori,layla.almansoori713@email.com,+189166381136,Philadelphia,business,11792.34,2023-06-29T14:01:14
27a18a92-fdcd-4871-b739-8c5c5948f961,00000000-0000-0000-0000-000000000002,David Das,david.das226@email.com,+949684051360,Chicago,individual,4750.38,2021-05-15T18:16:49
2852a5d7-138c-435e-9b5e-d5911ab4b8c4,00000000-0000-0000-0000-000000000002,Sneha Agarwal,sneha.agarwal687@email.com,+141084790270,Los Angeles,individual,42471.9,2021-02-19T12:30:44
45fabd6d-4265-4ee9-9384-1676fed2b2ba,00000000-0000-0000-0000-000000000002,Emily Smith,emily.smith712@email.com,+815334930042,Dallas,business,90799.09,2022-12-13T17:44:08
9ac6ac9d-8854-4504-bb11-e23495a630bd,00000000-0000-0000-0000-000000000002,Rohan Kumar,rohan.kumar746@email.com,+805800633419,Los Angeles,business,43972.93,2022-06-08T11:49:16
6aeb1d4e-d05d-4f99-9e29-8c20885c448c,00000000-0000-0000-0000-000000000002,John Taylor,john.taylor429@email.com,+381688799369,Austin,business,46612.07,2022-12-22T08:00:42
a0a956ed-a095-4439-b7db-c65fe4a58260,00000000-0000-0000-0000-000000000002,Divya Kumar,divya.kumar597@email.com,+863122160665,Los Angeles,business,5447.13,2023-05-06T09:57:16
689c63f3-10ff-49a5-8b94-e6baecaf5646,00000000-0000-0000-0000-000000000002,David Hassan,david.hassan280@email.com,+601215092803,Chicago,business,18881.72,2021-10-31T18:20:27
4618cdd5-92b1-4cdc-a6e3-67d83bd6faf5,00000000-0000-0000-0000-000000000002,Pooja Kumar,pooja.kumar786@email.com,+63779696951,Philadelphia,individual,59101.78,2023-05-22T12:56:46
68c16a0b-f216-4a70-b69e-6943f315ac48,00000000-0000-0000-0000-000000000002,Divya Taylor,divya.taylor360@email.com,+245783872028,Dallas,business,22685.67,2023-04-15T15:51:26
4187c533-1be7-46fa-a7cd-9bd1c5719b6a,00000000-0000-0000-0000-000000000002,Michael Kumar,michael.kumar722@email.com,+931684598046,Dallas,business,56045.3,2021-05-16T18:28:11
fb09fd34-296e-4b3b-8bca-fff663f270c2,00000000-0000-0000-0000-000000000002,Vikram Taylor,vikram.taylor39@email.com,+884830092090,Austin,business,5775.19,2022-09-19T15:02:04
6ab9696b-903b-48b3-819f-5a4c1ee426a3,00000000-0000-0000-0000-000000000002,Omar Verma,omar.verma22@email.com,+919045090355,Los Angeles,individual,9927.72,2021-11-18T18:43:41
5438d2e7-67d2-4f77-91b2-46827dbf0d79,00000000-0000-0000-0000-000000000002,Vikram Mehta,vikram.mehta856@email.com,+723632445649,New York,business,10022.27,2023-05-10T15:54:31
0a03e46e-2a83-47f2-b7f3-a67e252320dc,00000000-0000-0000-0000-000000000002,Michael Singh,michael.singh513@email.com,+426329589780,Phoenix,individual,10201.98,2023-02-09T14:25:52
1dd1141d-f90b-4219-a4f2-c970fc462f37,00000000-0000-0000-0000-000000000002,Anna Singh,anna.singh464@email.com,+742924568778,Austin,individual,5961.34,2022-04-16T18:01:06
652873ae-928b-4a6a-a2e3-c014654cdfe3,00000000-0000-0000-0000-000000000002,Kavya Al-Mansoori,kavya.almansoori580@email.com,+718178927766,Philadelphia,individual,5633.18,2021-02-06T15:21:35
ef1af062-a98c-4467-8966-a9850eb6ed11,00000000-0000-0000-0000-000000000002,Rajesh Rao,rajesh.rao382@email.com,+922943612110,Los Angeles,business,8008.79,2022-11-04T13:53:40
abcb8e75-83f8-44a6-b4ab-9a6e18bc5c44,00000000-0000-0000-0000-000000000002,Ahmed Gupta,ahmed.gupta392@email.com,+901456650521,Chicago,individual,42139.23,2022-06-19T17:12:12
31d93dbd-695b-42f5-aca3-05f9753ce6e4,00000000-0000-0000-0000-000000000002,Pooja Al-Rashid,pooja.alrashid478@email.com,+258373547961,Los Angeles,business,5853.25,2021-08-09T18:37:07
ab3b10b3-84f7-4bf2-8052-a2e42dffc01c,00000000-0000-0000-0000-000000000002,Suresh Hassan,suresh.hassan613@email.com,+653142452709,New York,individual,56776.32,2022-11-06T15:59:32
1392a051-b5ec-4393-8a1f-13f49bdb5bf6,00000000-0000-0000-0000-000000000002,Sarah Rao,sarah.rao187@email.com,+944501446994,Los Angeles,individual,104246.43,2022-08-16T13:32:56
80ee91fe-b90d-4c3e-9abd-9ba1fa8833e3,00000000-0000-0000-0000-000000000002,Vikram Al-Mansoori,vikram.almansoori947@email.com,+894274374218,Phoenix,individual,23763.93,2022-09-16T15:51:08
7264f00c-6dd0-4c82-9bc5-672a2ce053cf,00000000-0000-0000-0000-000000000002,James Al-Mansoori,james.almansoori726@email.com,+967495255966,Philadelphia,business,105303.33,2022-09-09T11:13:39
e7d9737b-d601-48a2-9312-8ba74cdb7baf,00000000-0000-0000-0000-000000000002,Ahmed Iyer,ahmed.iyer953@email.com,+878030335064,Los Angeles,business,99214.8,2021-12-20T17:42:45
963c652a-24d9-4163-b708-36ca36bf6000,00000000-0000-0000-0000-000000000002,Rohan Iyer,rohan.iyer925@email.com,+698934097788,New York,individual,4761.74,2023-02-05T08:42:03
49ebd6f7-c4f6-45c1-a554-510bb4d0c40e,00000000-0000-0000-0000-000000000002,John Johnson,john.johnson814@email.com,+219519206782,Phoenix,individual,5381.19,2023-02-08T12:13:48
0aeda795-36fc-406f-a8f6-5e2c54885409,00000000-0000-0000-0000-000000000002,Arjun Taylor,arjun.taylor473@email.com,+142670255496,Phoenix,business,5852.97,2023-04-14T14:26:50
87f96e14-5b3b-42b5-aea1-e163224270b1,00000000-0000-0000-0000-000000000002,Hassan Gupta,hassan.gupta23@email.com,+962079501936,Austin,business,22040.86,2021-02-25T16:47:38
eb95d073-a416-4e60-95b3-f89c5b233f69,00000000-0000-0000-0000-000000000002,John Das,john.das311@email.com,+583931997465,Chicago,business,84774.15,2021-07-18T08:27:17
dbb7c553-70c4-45b9-bea1-e5539d2d3c82,00000000-0000-0000-0000-000000000002,Omar Mehta,omar.mehta608@email.com,+335319212967,Austin,business,8159.76,2021-06-14T13:38:03
cf7afe79-1656-4386-b2c2-44dc4d8401f7,00000000-0000-0000-0000-000000000002,Aisha Nair,aisha.nair596@email.com,+712537965898,Philadelphia,individual,10082.43,2023-03-20T16:10:26
6b0fb08d-4304-453f-98e5-416cd3325c00,00000000-0000-0000-0000-000000000002,Kavya Singh,kavya.singh236@email.com,+288143967196,Philadelphia,individual,11801.23,2021-12-24T17:33:30
192cf311-e4d9-4af4-9f6e-0d9a3587cd4a,00000000-0000-0000-0000-000000000002,Rahul Kumar,rahul.kumar364@email.com,+589761206076,Philadelphia,individual,4771.75,2022-11-16T16:46:18
31632277-0163-4f9f-a0be-d5343bf5abae,00000000-0000-0000-0000-000000000002,Priya Reddy,priya.reddy798@email.com,+487479970041,Austin,individual,9281.25,2023-04-22T09:06:10
76950e39-bd44-4707-af68-b4570f6ee0f1,00000000-0000-0000-0000-000000000002,Rahul Verma,rahul.verma225@email.com,+868238760130,Los Angeles,individual,52931.22,2021-03-09T09:47:43
cc392e28-fcd5-43ba-a2ca-7632ea3ada86,00000000-0000-0000-0000-000000000002,Emily Sharma,emily.sharma744@email.com,+431162720486,Los Angeles,individual,20464.67,2022-04-16T17:52:14
5e78d866-f897-4f50-983b-6801527e4592,00000000-0000-0000-0000-000000000002,Omar Al-Mansoori,omar.almansoori471@email.com,+817032058320,Philadelphia,individual,5069.67,2022-02-02T18:46:39
1a0d65c3-8542-4653-81d5-02fcd5feddc0,00000000-0000-0000-0000-000000000002,Karan Das,karan.das56@email.com,+904643211329,Philadelphia,business,4579.67,2022-08-23T18:19:38
f04652ac-b20f-463a-b7e7-e3fa38ea1b00,00000000-0000-0000-0000-000000000002,Divya Davis,divya.davis958@email.com,+576933126143,New York,individual,88794.63,2023-02-23T14:50:51
ab4d0c1a-4d87-46be-849a-3238d908d0ed,00000000-0000-0000-0000-000000000002,Ahmed Verma,ahmed.verma315@email.com,+878077851013,New York,individual,85654.95,2021-05-28T08:00:36
25c033d7-4ba0-45a8-b4bb-faaea766b727,00000000-0000-0000-0000-000000000002,Kavya Gupta,kavya.gupta979@email.com,+112308638549,Philadelphia,individual,85698.2,2022-07-15T10:14:39
75c03983-6a25-42ac-a3a1-bda10d637fc9,00000000-0000-0000-0000-000000000003,Omar Smith,omar.smith195@email.com,+864660390742,Riyadh,business,4581.31,2021-04-28T09:16:06
e70f378d-120f-47b1-a4e1-9981deb4d7e3,00000000-0000-0000-0000-000000000003,John Das,john.das508@email.com,+432533897596,Ajman,individual,82792.36,2022-08-18T11:20:31
b23cc176-ee1b-4977-9448-6079800a760f,00000000-0000-0000-0000-000000000003,Suresh Wilson,suresh.wilson685@email.com,+407729620601,Fujairah,business,8019.33,2022-09-24T11:50:14
8b29018b-af58-4e7c-8c54-fa754aff55d8,00000000-0000-0000-0000-000000000003,Meera Johnson,meera.johnson378@email.com,+187356353895,Riyadh,individual,19895.77,2023-05-11T09:11:41
f54b9cab-42bb-4dba-9904-777e28a758e6,00000000-0000-0000-0000-000000000003,Divya Johnson,divya.johnson856@email.com,+186138636031,Abu Dhabi,business,5699.17,2023-05-30T18:01:52
c04b30ba-76e6-4806-b94c-bc69951ad992,00000000-0000-0000-0000-000000000003,Kavya Shah,kavya.shah938@email.com,+57664045502,Riyadh,business,9463.27,2021-08-06T11:57:49
1d413d65-4890-403c-abfc-3af5a2a5acec,00000000-0000-0000-0000-000000000003,Ahmed Mehta,ahmed.mehta523@email.com,+665683893864,Fujairah,individual,11391.93,2022-04-21T17:43:10
1d523734-33e8-4cd7-867c-a000b86b8c6c,00000000-0000-0000-0000-000000000003,James Hassan,james.hassan193@email.com,+735156392601,Riyadh,business,4437.64,2021-06-13T15:14:04
6f4f39fa-927e-47bb-b80d-4d5eecb3a22d,00000000-0000-0000-0000-000000000003,Omar Taylor,omar.taylor53@email.com,+866846530109,Riyadh,business,4079.81,2021-08-28T18:20:06
fade1847-7dda-486c-86f0-ba13534f541b,00000000-0000-0000-0000-000000000003,Fatima Das,fatima.das602@email.com,+703448819206,Al Ain,business,20701.43,2021-09-27T09:33:16
704ba841-c133-46f6-8a2a-ca82165e9a9f,00000000-0000-0000-0000-000000000003,Vikram Brown,vikram.brown425@email.com,+466776869849,Riyadh,business,5003.67,2022-06-13T10:28:10
b1f2404d-60a8-4eac-a381-e4bd883a368e,00000000-0000-0000-0000-000000000003,David Singh,david.singh668@email.com,+361908459040,Sharjah,individual,108692.11,2022-06-11T09:42:14
0d75818a-df9e-46fe-8228-13e7ee67df1f,00000000-0000-0000-0000-000000000003,Rohan Wilson,rohan.wilson126@email.com,+628195055602,Riyadh,individual,10589.04,2023-01-08T14:01:15
9e90c777-56d9-4fff-8697-0d7bca3be9f7,00000000-0000-0000-0000-000000000003,Arjun Mehta,arjun.mehta616@email.com,+213201784149,Sharjah,individual,23379.57,2022-08-11T16:25:38
390948df-8b06-4b3d-8708-69587a10a423,00000000-0000-0000-0000-000000000003,Priya Das,priya.das687@email.com,+375068424407,Ajman,individual,57346.05,2023-01-16T10:14:53
902de2bc-7aa7-4081-8d7c-da3bcbdc5fa0,00000000-0000-0000-0000-000000000003,Rohan Agarwal,rohan.agarwal823@email.com,+752136107759,Fujairah,business,103623.84,2021-05-27T11:24:24
f0cb0827-96a7-44b7-a77f-ca6bb7fdc500,00000000-0000-0000-0000-000000000003,James Kumar,james.kumar217@email.com,+671413599241,Riyadh,business,81561.46,2021-01-17T16:32:48
2193ae3a-f962-4f09-9f27-7c1ee849b562,00000000-0000-0000-0000-000000000003,Pooja Singh,pooja.singh685@email.com,+177101791420,Dubai,business,44589.73,2022-05-09T15:50:49
fff32f67-21f7-42f6-93b3-bd8283f696b1,00000000-0000-0000-0000-000000000003,Vikram Taylor,vikram.taylor833@email.com,+953474420092,Al Ain,individual,55317.18,2022-08-27T09:18:38
a3a13e10-645b-4408-87be-b3316d8d9d29,00000000-0000-0000-0000-000000000003,Rohan Johnson,rohan.johnson15@email.com,+919620489334,Abu Dhabi,individual,53090.92,2021-07-13T13:26:23
de0d0163-42d7-4d2d-89f7-56fe787fe45e,00000000-0000-0000-0000-000000000003,Amit Mehta,amit.mehta677@email.com,+756384311581,Al Ain,individual,91022.42,2022-03-13T18:25:48
4fe03edc-bc50-4c33-a0d6-32dec2729483,00000000-0000-0000-0000-000000000003,Lisa Al-Mansoori,lisa.almansoori812@email.com,+723072183247,Fujairah,individual,45075.55,2022-07-20T12:36:22
17ade0c3-bf30-4089-9347-a9cc8e873e93,00000000-0000-0000-0000-000000000003,Kavya Das,kavya.das885@email.com,+856281827528,Sharjah,individual,96022.44,2021-05-22T13:51:35
c40145b2-80a2-4e1d-ace1-76f31da8bf1f,00000000-0000-0000-0000-000000000003,Sneha Joshi,sneha.joshi997@email.com,+825919148165,Al Ain,individual,17774.16,2022-02-03T09:38:02
82ed3879-e05f-4743-ae79-4ee0385f2738,00000000-0000-0000-0000-000000000003,Vikram Al-Rashid,vikram.alrashid681@email.com,+677418263314,Dubai,individual,91440.26,2022-09-21T08:50:38
e6ece9db-a16e-4719-b256-2029cd447a62,00000000-0000-0000-0000-000000000003,David Agarwal,david.agarwal700@email.com,+52545071541,Dubai,business,5993.63,2021-06-23T14:22:42
96cea93a-e04c-4b67-a58a-54c4df9a0364,00000000-0000-0000-0000-000000000003,Kavya Al-Rashid,kavya.alrashid215@email.com,+679655933303,Abu Dhabi,business,91379.75,2022-08-24T16:58:37
b5def152-817c-4c6c-8b37-160740cc834d,00000000-0000-0000-0000-000000000003,Yusuf Taylor,yusuf.taylor293@email.com,+296130446648,Al Ain,individual,17400.28,2023-04-16T16:06:35
c773c2a3-c130-452c-89fa-dfa0795d52a4,00000000-0000-0000-0000-000000000003,Karan Reddy,karan.reddy358@email.com,+159404002665,Ras Al Khaimah,business,51263.37,2021-10-29T11:48:21
702b45ac-0b80-43a2-aa27-dad884eb26b6,00000000-0000-0000-0000-000000000003,Anita Iyer,anita.iyer928@email.com,+764702361794,Riyadh,individual,4765.35,2022-04-17T11:43:44
2dcdcd86-40d3-46d9-ac95-d468ff4aa7e9,00000000-0000-0000-0000-000000000003,David Wilson,david.wilson988@email.com,+469631695368,Ras Al Khaimah,individual,4797.86,2022-02-27T13:04:35
96060181-775b-45ce-916d-19b77d8a0f2d,00000000-0000-0000-0000-000000000003,Sarah Nair,sarah.nair372@email.com,+282155671697,Ajman,individual,8939.45,2021-11-18T11:55:16
c23c5953-1775-4efe-adeb-6b805cf054cc,00000000-0000-0000-0000-000000000003,Lisa Brown,lisa.brown864@email.com,+322529125930,Abu Dhabi,individual,5351.62,2021-07-27T18:31:39
199560df-ab8a-4dd5-9160-baf620148821,00000000-0000-0000-0000-000000000003,Rahul Gupta,rahul.gupta878@email.com,+626649672597,Ras Al Khaimah,individual,91210.66,2021-02-13T11:48:36
dd2e748b-6094-4325-a91f-c287a4333ffe,00000000-0000-0000-0000-000000000003,James Patel,james.patel828@email.com,+553322580659,Fujairah,individual,9828.78,2022-06-23T09:44:33
18dd0072-9718-4c0a-a1b1-0e4d0eb21598,00000000-0000-0000-0000-000000000003,Anita Wilson,anita.wilson18@email.com,+23895250612,Al Ain,individual,18892.82,2022-12-07T12:11:35
ef80821e-5933-44e9-9b3c-7322ae2a7fc9,00000000-0000-0000-0000-000000000003,Omar Brown,omar.brown492@email.com,+796768555384,Sharjah,individual,9676.37,2021-10-03T13:23:54
86f00371-f19f-4e10-875c-254bd4111888,00000000-0000-0000-0000-000000000003,Kavya Johnson,kavya.johnson194@email.com,+742635881694,Sharjah,business,9891.95,2022-04-07T08:11:26
5809d964-863b-4b90-b955-1324016dd532,00000000-0000-0000-0000-000000000003,Sunita Mehta,sunita.mehta655@email.com,+677384985150,Ras Al Khaimah,individual,81908.37,2023-05-20T09:44:10
010f73de-ab40-4606-89ff-e85697d2e6c3,00000000-0000-0000-0000-000000000003,Sneha Smith,sneha.smith270@email.com,+615708580756,Fujairah,individual,20482.8,2023-04-14T12:22:01
c4ccd8a1-a762-42f5-a40a-714f4dd7de02,00000000-0000-0000-0000-000000000003,Rohan Kumar,rohan.kumar898@email.com,+878646369354,Fujairah,individual,99499.75,2021-12-26T15:56:05
cb630c8f-c2cd-4da5-a94e-12de01d2e34d,00000000-0000-0000-0000-000000000003,Vikram Agarwal,vikram.agarwal484@email.com,+815108541819,Sharjah,business,19374.53,2021-10-21T17:36:25
6223d3cc-00dd-4df4-8bb4-38ff28922578,00000000-0000-0000-0000-000000000003,Karan Singh,karan.singh361@email.com,+306641362499,Ras Al Khaimah,business,105785.77,2021-06-15T12:56:28
d5ba16c3-1493-4ab5-be0d-ac22467e7acb,00000000-0000-0000-0000-000000000003,Noor Das,noor.das543@email.com,+582778069478,Sharjah,business,10911.09,2022-08-25T18:16:47
351d2e91-2deb-4374-8f61-4859b8708acf,00000000-0000-0000-0000-000000000003,Divya Smith,divya.smith416@email.com,+141410400118,Riyadh,individual,5541.87,2021-06-20T16:48:05
b539dc77-227f-4fe2-8911-e784e36129ad,00000000-0000-0000-0000-000000000003,Amit Johnson,amit.johnson169@email.com,+119098037639,Ras Al Khaimah,individual,19545.28,2022-09-25T10:08:33
3fd0896b-6f4e-4d22-8f45-3311a19a485a,00000000-0000-0000-0000-000000000003,Michael Sharma,michael.sharma689@email.com,+467340036327,Ras Al Khaimah,individual,11878.17,2021-02-05T16:11:37
cb0bd3f4-1166-4e61-8cec-20d1294ddc56,00000000-0000-0000-0000-000000000003,Anita Verma,anita.verma661@email.com,+737587552692,Fujairah,individual,11218.83,2023-02-06T15:19:23
278fecec-b84a-4711-be40-34ae1e01108d,00000000-0000-0000-0000-000000000003,Rohan Johnson,rohan.johnson320@email.com,+29590331226,Sharjah,individual,50701.98,2021-06-09T15:48:30
244acac5-0966-4dc7-aad7-5be4b76ca5da,00000000-0000-0000-0000-000000000003,Aisha Sharma,aisha.sharma450@email.com,+383564111605,Dubai,individual,9646.94,2023-02-24T16:27:25
f426b220-fcdd-46a6-98bf-3173d688865b,00000000-0000-0000-0000-000000000003,Anna Joshi,anna.joshi764@email.com,+832625035499,Ras Al Khaimah,individual,10066.44,2023-01-03T17:51:44
d10be40f-e688-4d22-963e-274d0bfa0344,00000000-0000-0000-0000-000000000003,Fatima Davis,fatima.davis770@email.com,+698768773991,Al Ain,individual,4364.81,2022-10-27T12:07:40
fbc745a5-1b00-4cd4-a9ab-76640f641f9a,00000000-0000-0000-0000-000000000003,Anita Agarwal,anita.agarwal288@email.com,+907969674420,Ajman,individual,8198.53,2022-04-09T16:01:11
43bc10e1-4f21-4b3b-b06f-b309cc79d2a1,00000000-0000-0000-0000-000000000003,Amit Davis,amit.davis138@email.com,+921035236295,Abu Dhabi,individual,44343.76,2021-10-03T14:19:50
e16be0cc-0293-4c0d-8e60-8a2bf8ff6f05,00000000-0000-0000-0000-000000000003,Sunita Taylor,sunita.taylor723@email.com,+52418407139,Sharjah,individual,41427.69,2022-04-20T15:11:12
49495725-cdf6-41fe-bd09-61c3f17be95e,00000000-0000-0000-0000-000000000003,Omar Al-Rashid,omar.alrashid22@email.com,+164069538076,Al Ain,business,44943.24,2023-04-29T08:12:29
3fb4c18f-bf09-4482-9d2a-873a628cfb7a,00000000-0000-0000-0000-000000000003,Amit Reddy,amit.reddy223@email.com,+619423349548,Fujairah,individual,5489.45,2022-11-13T16:33:07
d56f2fd0-645e-4312-99f8-ac4b262add59,00000000-0000-0000-0000-000000000003,Omar Nair,omar.nair315@email.com,+263863432302,Abu Dhabi,individual,46490.27,2022-10-16T10:50:17
95f524ca-8ba1-41af-95b8-cc6dbc42ee07,00000000-0000-0000-0000-000000000003,Pooja Al-Rashid,pooja.alrashid258@email.com,+25161114352,Riyadh,business,9485.59,2023-03-20T09:15:10
256b0b65-0b9e-4860-b81e-4e43532da1f7,00000000-0000-0000-0000-000000000003,Sunita Singh,sunita.singh643@email.com,+443684922912,Dubai,individual,10805.31,2022-12-04T09:08:31
d6a934c0-1e11-4f0a-a3d9-18c37eeea8e2,00000000-0000-0000-0000-000000000003,David Wilson,david.wilson817@email.com,+838544958420,Riyadh,business,5378.5,2022-07-26T13:46:08
234e8628-3501-4ff8-ad00-bcacae13491a,00000000-0000-0000-0000-000000000003,Omar Patel,omar.patel733@email.com,+577695960480,Riyadh,individual,10174.48,2022-05-12T13:46:29
3cfee349-2d63-447b-8a60-4ef21fc5dba6,00000000-0000-0000-0000-000000000003,Fatima Agarwal,fatima.agarwal577@email.com,+219885757271,Sharjah,individual,20332.85,2023-06-01T15:00:49
55f8f838-1a3a-49a4-8261-6039afe62e59,00000000-0000-0000-0000-000000000003,Vikram Das,vikram.das914@email.com,+33663727197,Fujairah,business,112761.99,2021-07-09T11:33:43
b9419bf9-af99-443a-bd29-c9f0dac17fbb,00000000-0000-0000-0000-000000000003,Sunita Gupta,sunita.gupta637@email.com,+376680523926,Fujairah,individual,106355.64,2021-06-07T08:53:08
0115e99f-80e9-4755-a46e-f54f5487ab00,00000000-0000-0000-0000-000000000003,Sarah Patel,sarah.patel119@email.com,+631822987217,Dubai,individual,53158.43,2021-07-26T16:39:44
9d8db8fe-c944-4c2d-aeb2-6a19c0418190,00000000-0000-0000-0000-000000000003,Omar Patel,omar.patel236@email.com,+784083121646,Dubai,business,10623.0,2022-01-11T09:29:51
69aff96d-7e4d-43a3-afd4-15e4e81d6b4f,00000000-0000-0000-0000-000000000003,Sneha Taylor,sneha.taylor771@email.com,+548825544304,Dubai,business,20232.17,2022-07-26T09:53:19
857671eb-f731-4a9b-9519-4f41116490ca,00000000-0000-0000-0000-000000000003,Karan Smith,karan.smith109@email.com,+134114589739,Al Ain,individual,106275.06,2022-06-16T17:40:11
adb52d5d-f39b-4ac2-b32a-067d9f9bee31,00000000-0000-0000-0000-000000000003,Rohan Das,rohan.das794@email.com,+827771289365,Riyadh,business,57656.48,2021-04-19T10:50:11
66694ea4-7201-4ad3-91f5-ca7199666cd9,00000000-0000-0000-0000-000000000003,Kavya Reddy,kavya.reddy683@email.com,+217871585740,Fujairah,business,119658.52,2021-12-12T13:54:23
7afa9699-7172-4f8a-b6ad-b959e90a9085,00000000-0000-0000-0000-000000000003,Rohan Verma,rohan.verma855@email.com,+933343446878,Al Ain,business,18880.07,2022-03-17T15:28:25
26c49fc8-ae16-453c-b10d-d14016843ba8,00000000-0000-0000-0000-000000000003,Rahul Das,rahul.das301@email.com,+779659953069,Sharjah,business,16052.55,2021-02-05T11:13:54
10485d13-f1a1-4e2e-a4d2-12425ce91370,00000000-0000-0000-0000-000000000003,Hassan Sharma,hassan.sharma851@email.com,+898826879784,Sharjah,individual,47113.12,2023-03-02T10:16:23
777b0e22-0680-4406-be58-adc50cdc21b3,00000000-0000-0000-0000-000000000003,Anna Brown,anna.brown840@email.com,+399984664080,Al Ain,individual,10937.06,2021-09-20T13:50:30
22de9b8a-059b-490e-a8cb-6ae028dc9f53,00000000-0000-0000-0000-000000000003,Sarah Nair,sarah.nair930@email.com,+899999520085,Ras Al Khaimah,individual,95261.84,2023-04-26T08:58:49
4601c280-03d2-4c63-9538-62bfef03accf,00000000-0000-0000-0000-000000000003,Layla Taylor,layla.taylor846@email.com,+564727306207,Ajman,business,117146.13,2023-06-20T18:49:40
2a8de27e-7bb1-405f-ae76-e97a9f44f9fb,00000000-0000-0000-0000-000000000003,Vikram Patel,vikram.patel546@email.com,+63426282426,Fujairah,individual,8612.79,2021-11-09T18:46:25
fa6203bd-34c4-4c36-a760-c6e9b994f1be,00000000-0000-0000-0000-000000000003,Suresh Agarwal,suresh.agarwal526@email.com,+126248817808,Ras Al Khaimah,business,8528.76,2022-08-13T09:30:36
91875b2d-498a-4bb7-b1f9-d681be5fac83,00000000-0000-0000-0000-000000000003,Sneha Gupta,sneha.gupta278@email.com,+113997331061,Sharjah,individual,9951.44,2022-02-13T18:36:12
84c4f640-617a-48cd-af59-c4f588ec6457,00000000-0000-0000-0000-000000000003,Anna Brown,anna.brown282@email.com,+561384806111,Al Ain,individual,17523.92,2021-03-15T13:38:41
ffe3191d-fa40-43c7-b7f3-4316fc3b346d,00000000-0000-0000-0000-000000000003,Priya Davis,priya.davis368@email.com,+798742949959,Sharjah,individual,8798.74,2021-06-23T13:09:48
54a7ef0d-5132-4a5e-8e4b-21e7afdf2553,00000000-0000-0000-0000-000000000003,Divya Kumar,divya.kumar65@email.com,+324980273734,Ras Al Khaimah,individual,4610.24,2023-01-28T15:01:21
33877a9d-ae19-4728-85ae-98fae3e4a23e,00000000-0000-0000-0000-000000000003,Lisa Das,lisa.das226@email.com,+278517718126,Riyadh,business,10780.28,2022-07-05T18:01:24
3907a556-a054-4616-8984-6737e63712b6,00000000-0000-0000-0000-000000000003,Arjun Johnson,arjun.johnson71@email.com,+372165144965,Riyadh,business,4133.2,2021-06-24T18:17:42
2af12b20-265e-4b55-ba11-3acf74bf7ae7,00000000-0000-0000-0000-000000000003,Noor Kumar,noor.kumar309@email.com,+842660104622,Al Ain,individual,5807.74,2021-01-20T15:55:38
f9920aba-a3fe-4c4f-8aa3-bc64c78a0c63,00000000-0000-0000-0000-000000000003,Divya Joshi,divya.joshi522@email.com,+594060031897,Dubai,individual,92197.1,2021-07-23T15:25:47
1b4ad02f-9791-4d9c-a28f-c347c00ee2ad,00000000-0000-0000-0000-000000000003,Michael Sharma,michael.sharma710@email.com,+462298481206,Ras Al Khaimah,business,23029.42,2021-12-22T08:35:17
63a4f1f3-78ba-4b1c-a158-47938c0ffdfd,00000000-0000-0000-0000-000000000003,David Mehta,david.mehta928@email.com,+513821500440,Abu Dhabi,business,118424.23,2021-12-16T17:55:40
d145626e-6fd3-4dcd-86e9-f0e751245c17,00000000-0000-0000-0000-000000000003,David Al-Mansoori,david.almansoori596@email.com,+207895006867,Riyadh,individual,10609.89,2021-09-04T17:34:43
66bd9a6a-5ded-4362-aed3-f91c47fc35b7,00000000-0000-0000-0000-000000000003,John Mehta,john.mehta715@email.com,+914906542112,Al Ain,business,10624.93,2021-11-13T17:58:10
21079cc9-05ee-4c39-ab2a-583ca1dcbc9d,00000000-0000-0000-0000-000000000003,Hassan Singh,hassan.singh555@email.com,+931508469555,Fujairah,business,10908.32,2022-07-25T13:56:26
6c9c76bf-2e79-495b-b455-4bf3cfcf973d,00000000-0000-0000-0000-000000000003,Rohan Davis,rohan.davis773@email.com,+822175945569,Ajman,individual,8104.79,2022-03-30T17:39:17
b07baa9a-91b8-4b06-afd5-ad1eb7d1f718,00000000-0000-0000-0000-000000000003,David Agarwal,david.agarwal246@email.com,+885406999328,Abu Dhabi,business,42681.73,2021-08-26T17:30:45
8ff6f9ed-7bf1-47a9-ace1-cbc93fcc9f32,00000000-0000-0000-0000-000000000003,Noor Joshi,noor.joshi406@email.com,+633035157048,Sharjah,individual,4817.18,2023-05-23T08:59:17
1a769a39-4006-4059-8cd2-70f7975c3a96,00000000-0000-0000-0000-000000000003,Rohan Brown,rohan.brown697@email.com,+264254625665,Abu Dhabi,individual,57342.58,2023-01-31T15:44:20
05696752-15f8-47a1-bdc7-74c40d947cfc,00000000-0000-0000-0000-000000000003,Anita Brown,anita.brown424@email.com,+68835431320,Fujairah,individual,103752.23,2022-03-14T16:41:56
a82c19b6-0532-4feb-b241-ab3a4cb980c1,00000000-0000-0000-0000-000000000003,Arjun Reddy,arjun.reddy472@email.com,+595277084664,Al Ain,business,5115.4,2021-04-22T16:48:40
7f7040e8-c5d6-4348-ad35-b1721bc62038,00000000-0000-0000-0000-000000000003,Sneha Smith,sneha.smith460@email.com,+519093425963,Ras Al Khaimah,individual,45888.39,2021-10-26T08:44:33
3fc92cf3-b926-4945-be62-d2ea0818a142,00000000-0000-0000-0000-000000000003,Emily Hassan,emily.hassan671@email.com,+589978374906,Abu Dhabi,individual,117513.7,2023-04-30T16:08:25
5585a0fe-ba88-4b2a-b523-1f8b4835cb16,00000000-0000-0000-0000-000000000003,Rohan Wilson,rohan.wilson35@email.com,+234847409832,Riyadh,individual,21533.74,2022-04-07T10:45:46
49c48e7f-474a-4708-8eff-dcc2d9ac3c12,00000000-0000-0000-0000-000000000003,Pooja Singh,pooja.singh733@email.com,+588018287603,Abu Dhabi,individual,54537.48,2021-04-27T16:39:10
1aab292d-43f1-4b50-ad11-9d8fc9bb4269,00000000-0000-0000-0000-000000000003,Vikram Gupta,vikram.gupta54@email.com,+994705150091,Sharjah,business,11076.63,2022-01-25T08:26:19
db1bd918-3c95-49bc-bd23-ee4e762d3a0f,00000000-0000-0000-0000-000000000003,Aisha Das,aisha.das994@email.com,+581776083520,Sharjah,business,5245.12,2023-02-27T12:00:29
dc90dbc0-a405-4e2c-80ff-1b755ac507cc,00000000-0000-0000-0000-000000000003,Sunita Nair,sunita.nair836@email.com,+13119423746,Ajman,individual,49074.77,2022-07-11T15:05:38
c5d2d7cb-c49d-4c85-aeb1-8a31446b91a0,00000000-0000-0000-0000-000000000003,Rahul Brown,rahul.brown570@email.com,+364544432520,Dubai,individual,5306.55,2023-06-23T08:09:54
f69048f9-be96-4b8f-bed0-9f782bfd80f5,00000000-0000-0000-0000-000000000003,Arjun Iyer,arjun.iyer868@email.com,+786576763981,Abu Dhabi,individual,59874.7,2022-08-15T10:43:18
e7157bf9-fe2f-42a2-9c13-5f80e3d9b76d,00000000-0000-0000-0000-000000000003,Sarah Hassan,sarah.hassan602@email.com,+475000675383,Abu Dhabi,business,18948.56,2023-02-07T14:52:04
92f80597-3673-466f-9112-4177fc65e3d9,00000000-0000-0000-0000-000000000003,Meera Gupta,meera.gupta309@email.com,+611577869770,Ras Al Khaimah,individual,50492.92,2021-03-08T11:39:03
4e55b4f6-db12-483c-a8c3-96f875a4052b,00000000-0000-0000-0000-000000000003,Amit Shah,amit.shah654@email.com,+685239945630,Riyadh,business,117355.67,2023-01-18T12:27:38
dd08a104-033c-4fb5-81f4-8a0b9031f5e2,00000000-0000-0000-0000-000000000003,Hassan Johnson,hassan.johnson598@email.com,+807711463369,Riyadh,individual,11534.65,2022-06-23T11:45:18
44b13114-363b-485b-84f7-bf1fbba47010,00000000-0000-0000-0000-000000000003,John Sharma,john.sharma34@email.com,+604642432004,Al Ain,individual,18797.2,2021-05-02T18:13:00
42e38e78-60a3-41de-afa0-58376555316d,00000000-0000-0000-0000-000000000003,John Rao,john.rao270@email.com,+96616840342,Fujairah,business,5371.67,2021-10-16T13:25:46
225e9066-6804-469b-b4a9-3be3c48b01ad,00000000-0000-0000-0000-000000000003,Priya Joshi,priya.joshi348@email.com,+449742656117,Sharjah,individual,57841.17,2021-07-18T16:57:21
99f2ec55-93e1-4582-a8e7-d77616e22b9e,00000000-0000-0000-0000-000000000003,Anita Al-Mansoori,anita.almansoori67@email.com,+673301610601,Ajman,individual,22396.28,2023-01-31T13:04:09
608022f6-4792-4dc9-b054-8e26c5599075,00000000-0000-0000-0000-000000000003,Fatima Sharma,fatima.sharma394@email.com,+817896382125,Sharjah,individual,21642.13,2021-12-14T13:45:02
9bd734f9-5861-4351-ad66-04d98f130541,00000000-0000-0000-0000-000000000003,Fatima Al-Mansoori,fatima.almansoori518@email.com,+316890906602,Ras Al Khaimah,individual,17400.1,2021-03-30T13:50:02
c8a11bae-8d98-4ac0-9a51-86cba71152eb,00000000-0000-0000-0000-000000000003,John Singh,john.singh528@email.com,+48726754729,Sharjah,individual,54648.82,2022-03-31T16:19:49
eed001a4-becf-4e7a-962e-d80fe7e938a8,00000000-0000-0000-0000-000000000003,Hassan Mehta,hassan.mehta902@email.com,+131570015858,Dubai,individual,84633.44,2023-02-27T12:59:02
2579be70-7ebb-426c-8150-cfb2fa023823,00000000-0000-0000-0000-000000000003,Divya Wilson,divya.wilson920@email.com,+68497100471,Dubai,individual,21110.81,2022-04-24T11:20:12
4b6cea6c-2ed5-4cd5-9d5b-940d6dadaa27,00000000-0000-0000-0000-000000000003,John Davis,john.davis555@email.com,+418614062614,Abu Dhabi,individual,9094.55,2021-10-11T08:39:35
e26bd2f7-01b4-4d3f-b72b-3740cddabeb4,00000000-0000-0000-0000-000000000003,Amit Smith,amit.smith368@email.com,+716662849574,Sharjah,business,20592.66,2022-07-10T10:04:19
8c2205c5-7fc1-4ba8-9f51-b6f43c6de812,00000000-0000-0000-0000-000000000003,Layla Gupta,layla.gupta61@email.com,+175419489933,Dubai,individual,4172.24,2022-03-31T14:11:45
40ca8e91-4991-416a-97a6-717f21a3bc5c,00000000-0000-0000-0000-000000000003,Suresh Agarwal,suresh.agarwal329@email.com,+434510886562,Abu Dhabi,business,51355.79,2021-12-31T09:52:51
b8171c49-5df6-4328-b0ec-db48a3bdc3c0,00000000-0000-0000-0000-000000000003,Anita Kumar,anita.kumar327@email.com,+888587031776,Riyadh,individual,8574.89,2022-04-12T17:16:58
090aa8a8-25ea-4a44-b85b-7227340d4a5c,00000000-0000-0000-0000-000000000003,Noor Al-Rashid,noor.alrashid726@email.com,+866689805567,Riyadh,individual,42257.74,2021-07-07T15:29:54
b4bc4e06-96c8-484a-b171-2e3f677f3357,00000000-0000-0000-0000-000000000003,Michael Davis,michael.davis366@email.com,+783468224333,Abu Dhabi,individual,4651.74,2023-02-26T18:04:50
5be7b75e-141b-4e8d-9819-ea8ed5f5a3df,00000000-0000-0000-0000-000000000003,Aisha Gupta,aisha.gupta420@email.com,+762775719463,Ajman,individual,47676.33,2022-04-18T13:13:52
6403f3ce-f32b-4fd9-a6b6-e0c01b5be8f3,00000000-0000-0000-0000-000000000003,Meera Al-Mansoori,meera.almansoori816@email.com,+442014275094,Abu Dhabi,business,113469.93,2022-08-04T09:37:38
7ad48d86-6c1c-4f75-930d-cd08d9c28c9e,00000000-0000-0000-0000-000000000003,Anita Wilson,anita.wilson109@email.com,+576051628882,Al Ain,individual,5371.02,2022-07-23T17:49:52
a8e1776c-c68a-4ac3-bae6-bece3026b305,00000000-0000-0000-0000-000000000003,Vikram Wilson,vikram.wilson670@email.com,+851264064129,Ajman,business,116130.24,2022-05-22T18:51:00
af7912cb-8a3a-45c0-be85-33f9a7934b94,00000000-0000-0000-0000-000000000003,Emily Iyer,emily.iyer473@email.com,+696546964238,Riyadh,individual,18397.88,2021-06-02T18:19:58
a98ec255-71eb-46d7-b94f-848bf2f839f5,00000000-0000-0000-0000-000000000003,Meera Rao,meera.rao101@email.com,+759624806504,Al Ain,business,16499.28,2021-12-19T16:03:00
876cdd10-8a7f-4b48-b055-6cb5961eef96,00000000-0000-0000-0000-000000000003,Yusuf Kumar,yusuf.kumar298@email.com,+46305320432,Al Ain,business,48120.65,2023-06-01T14:34:13
bb979e36-bde2-446a-86ee-a7695f7a63bb,00000000-0000-0000-0000-000000000003,Sarah Nair,sarah.nair202@email.com,+729265587451,Al Ain,individual,8537.11,2021-05-23T09:41:01
c4f52fd4-612f-423a-8cad-465adafaa63c,00000000-0000-0000-0000-000000000003,Emily Das,emily.das508@email.com,+855252952412,Abu Dhabi,individual,57203.06,2023-06-26T17:59:27
f1f25567-d2d7-4c18-b282-c26a049f0952,00000000-0000-0000-0000-000000000003,Sarah Hassan,sarah.hassan444@email.com,+718817147252,Al Ain,individual,9699.09,2022-06-06T08:36:31
682d4f06-ac28-4f01-b439-7a294f1c3b43,00000000-0000-0000-0000-000000000003,Anna Rao,anna.rao285@email.com,+537770381816,Dubai,business,99330.73,2022-05-29T13:07:37
b7c444c7-ede2-4be3-91e5-48aa0e3109a9,00000000-0000-0000-0000-000000000003,Rajesh Rao,rajesh.rao155@email.com,+948640187694,Riyadh,individual,115596.62,2021-03-23T09:15:30
ab4f3630-03e3-4849-8a3b-ef24fde8e421,00000000-0000-0000-0000-000000000003,Karan Iyer,karan.iyer562@email.com,+754343748592,Riyadh,individual,51479.31,2022-10-11T13:26:22
0263ea43-4489-43f4-b0c0-afb73b5a03af,00000000-0000-0000-0000-000000000003,Ahmed Davis,ahmed.davis46@email.com,+898513724361,Ras Al Khaimah,individual,51562.82,2021-06-21T17:03:42
77332ef9-5d08-4376-b9f2-722f96ea9ebd,00000000-0000-0000-0000-000000000003,Ahmed Das,ahmed.das37@email.com,+373082029167,Sharjah,individual,18016.41,2022-10-02T17:17:17
13a97d80-d638-4715-a445-e7311b407e0a,00000000-0000-0000-0000-000000000003,Omar Sharma,omar.sharma124@email.com,+787213328054,Sharjah,individual,9939.67,2023-01-30T16:55:02
cc5f2ff4-1511-4b07-999c-ba870ddd3b01,00000000-0000-0000-0000-000000000003,Layla Singh,layla.singh619@email.com,+208892492961,Al Ain,business,10642.67,2021-05-29T18:10:13
8708c88a-83ad-4e90-9377-046c3ed821a3,00000000-0000-0000-0000-000000000003,Yusuf Patel,yusuf.patel280@email.com,+974519858899,Dubai,individual,49524.64,2022-10-20T15:47:48
0d6d4d5d-7597-4d60-97af-fe68d11a095a,00000000-0000-0000-0000-000000000003,David Al-Rashid,david.alrashid732@email.com,+507333314020,Sharjah,individual,40237.26,2022-12-01T15:24:43
68cf18c4-f644-463c-9bd0-10123927cf0f,00000000-0000-0000-0000-000000000003,Hassan Reddy,hassan.reddy988@email.com,+68920947409,Ras Al Khaimah,individual,22418.53,2022-12-01T12:41:37
84af4d86-19b9-4ff5-a0f1-a381113e2f3c,00000000-0000-0000-0000-000000000003,Kavya Hassan,kavya.hassan701@email.com,+964309260670,Fujairah,business,9253.08,2023-03-03T08:43:00
1f2870ce-bf52-4834-85da-29db860f6215,00000000-0000-0000-0000-000000000003,Karan Sharma,karan.sharma110@email.com,+687210274473,Ajman,business,17544.64,2022-02-26T08:39:05
a2d46cd8-410b-4813-b012-b7d700e6e739,00000000-0000-0000-0000-000000000003,Sneha Agarwal,sneha.agarwal925@email.com,+283740545127,Abu Dhabi,individual,85196.29,2022-11-04T18:48:57
71867f82-1265-453c-9f1b-dabc23061dcd,00000000-0000-0000-0000-000000000003,Sarah Kumar,sarah.kumar198@email.com,+336560129869,Abu Dhabi,business,22154.87,2022-12-14T18:49:49
64eb5b42-dd72-492c-b2a9-c09f2bbedd2e,00000000-0000-0000-0000-000000000003,Hassan Johnson,hassan.johnson809@email.com,+105562919050,Al Ain,individual,4516.48,2021-06-15T12:11:28
52ca0b21-2a4d-4b87-a96b-8e1e6563e2fd,00000000-0000-0000-0000-000000000003,Karan Nair,karan.nair634@email.com,+513113370001,Sharjah,individual,44367.73,2021-07-25T18:06:58
33c87044-d27a-4f34-b1d1-f34ef0d3f971,00000000-0000-0000-0000-000000000003,Suresh Rao,suresh.rao115@email.com,+51313186891,Ras Al Khaimah,business,5793.02,2021-09-23T10:41:40
1b6b9c42-4ec8-4c9b-94cf-df0445a3fea3,00000000-0000-0000-0000-000000000003,Rahul Patel,rahul.patel409@email.com,+359605842084,Riyadh,individual,56880.98,2022-11-12T09:34:14
61ecc514-6a84-4ee1-8c90-04721282e221,00000000-0000-0000-0000-000000000003,Rahul Al-Rashid,rahul.alrashid847@email.com,+629553862785,Fujairah,business,41103.89,2022-12-07T18:05:23
e8159991-900d-453a-9c9f-09553ebe39de,00000000-0000-0000-0000-000000000003,Layla Singh,layla.singh480@email.com,+988587094479,Ajman,individual,5935.03,2023-05-12T18:12:19
70a47109-a8cc-4b65-95eb-2ca40edfa752,00000000-0000-0000-0000-000000000003,Vikram Kumar,vikram.kumar715@email.com,+463089516830,Riyadh,business,8142.79,2022-10-08T08:46:37
799188e9-96f4-4eee-9b4a-ed12902ec06f,00000000-0000-0000-0000-000000000003,Anna Nair,anna.nair74@email.com,+708058382074,Riyadh,individual,59331.48,2022-02-03T08:02:21
ef775921-e919-4417-be4b-a333dcf95d16,00000000-0000-0000-0000-000000000003,Sneha Wilson,sneha.wilson748@email.com,+62741642976,Ajman,business,98334.81,2023-03-18T18:55:55
e910c21e-2712-4554-bcd2-bf0d97365fcd,00000000-0000-0000-0000-000000000003,Emily Das,emily.das248@email.com,+109748322973,Sharjah,individual,4942.44,2022-08-17T17:02:15
aabd4333-0b0a-4c9d-80b6-347e8634c395,00000000-0000-0000-0000-000000000003,James Sharma,james.sharma657@email.com,+79180462510,Abu Dhabi,individual,11341.41,2021-06-26T09:52:52
f4fde781-a52c-4672-97d7-67f651aade7c,00000000-0000-0000-0000-000000000003,Amit Kumar,amit.kumar619@email.com,+791947351792,Ajman,individual,46484.7,2022-05-25T18:36:34
df396237-2404-4fd0-8769-ebe8565c3e4a,00000000-0000-0000-0000-000000000003,James Wilson,james.wilson997@email.com,+284282333775,Sharjah,individual,4547.79,2023-05-07T14:10:44
9befb0d5-8138-44cb-9415-918b1746e1d7,00000000-0000-0000-0000-000000000003,Noor Gupta,noor.gupta459@email.com,+321174800445,Abu Dhabi,business,95045.24,2021-06-18T10:01:56
2cd2c282-0492-4d5a-9bb1-b07cc9bc2ec4,00000000-0000-0000-0000-000000000003,Sunita Singh,sunita.singh17@email.com,+234977727965,Ras Al Khaimah,individual,53847.17,2021-01-07T11:09:40
c40777d2-1add-497d-b43c-551edf34b9ed,00000000-0000-0000-0000-000000000003,Fatima Reddy,fatima.reddy431@email.com,+315029064216,Dubai,individual,52241.0,2022-04-07T09:40:52
96960944-9900-4e21-acdc-46c32257964b,00000000-0000-0000-0000-000000000003,Aisha Taylor,aisha.taylor14@email.com,+722012061834,Abu Dhabi,business,5237.84,2022-03-05T16:32:14
961834e7-8e43-4420-bb6d-fdc48ed03bd0,00000000-0000-0000-0000-000000000003,Anita Verma,anita.verma223@email.com,+361227929714,Abu Dhabi,business,49950.3,2022-11-07T10:42:59
ac0f228a-1672-4667-8134-98e2cd2310e1,00000000-0000-0000-0000-000000000003,Arjun Patel,arjun.patel382@email.com,+376195148443,Ras Al Khaimah,individual,40866.35,2022-10-23T08:59:34
