id,product_id,warehouse_id,quantity_on_hand,reorder_level,reorder_quantity,updated_at
99a2b4ab-68e4-4c98-a4ce-06098cfb10a8,0a68f0c4-0046-4bd7-9c1f-c4d3bae18657,8618a91b-2b38-4faa-b40d-0308363b2a61,215,26,130,2025-01-01T00:00:00
71885324-d51b-4888-9357-7406e2869ea4,0a68f0c4-0046-4bd7-9c1f-c4d3bae18657,78d504a3-39b4-4991-b1b7-9557d3428ff2,473,17,34,2025-01-01T00:00:00
5e61dc99-fb4a-4506-9894-c37043ac8892,40dc5713-9c2f-4c64-bbcf-1239b8daddf2,8618a91b-2b38-4faa-b40d-0308363b2a61,172,48,144,2025-01-01T00:00:00
4ff866ea-b223-4edf-949a-804f74d0dc35,6cab6d05-199b-4733-801f-a41bf2896231,78d504a3-39b4-4991-b1b7-9557d3428ff2,310,42,210,2025-01-01T00:00:00
e64278a1-4db2-46af-9ab9-6610fa7b463f,6cab6d05-199b-4733-801f-a41bf2896231,574f8e49-624f-4c82-81a6-66739af2fa27,108,27,54,2025-01-01T00:00:00
119397d1-e0a4-4c4e-9da5-bacf312e5838,3733a235-b260-45f7-8a10-d6d44934cd5f,8618a91b-2b38-4faa-b40d-0308363b2a61,287,45,225,2025-01-01T00:00:00
2a2a4800-c8a7-46d9-bceb-8ad74fb09314,3733a235-b260-45f7-8a10-d6d44934cd5f,574f8e49-624f-4c82-81a6-66739af2fa27,83,40,80,2025-01-01T00:00:00
5a16d176-bb7e-40bd-9e1c-9929f7d4024d,93726e07-a1a3-453e-a4ef-1200f61b4344,be0b4543-3c61-4879-b9e6-3a01fb650515,374,24,48,2025-01-01T00:00:00
336891f6-32ca-4905-b8a7-dbee81a08af0,93726e07-a1a3-453e-a4ef-1200f61b4344,8618a91b-2b38-4faa-b40d-0308363b2a61,187,45,90,2025-01-01T00:00:00
a79672f9-9856-4670-85f9-041522fe451f,167fb0c2-f440-4584-b3b3-e42fb4d5fbc2,574f8e49-624f-4c82-81a6-66739af2fa27,440,45,135,2025-01-01T00:00:00
90071b5b-83f7-4849-be1a-2b32e5c2f237,c22051fb-624e-4485-ab9d-c543f257b80e,78d504a3-39b4-4991-b1b7-9557d3428ff2,340,36,180,2025-01-01T00:00:00
1e8bb54a-6317-4b8b-8173-27cc29fce2db,c22051fb-624e-4485-ab9d-c543f257b80e,be0b4543-3c61-4879-b9e6-3a01fb650515,92,50,150,2025-01-01T00:00:00
a01861f8-21d6-4268-98fd-9bb869dafe72,3ccf62ed-4118-4f50-a69b-a839d02609f4,574f8e49-624f-4c82-81a6-66739af2fa27,241,44,132,2025-01-01T00:00:00
0b86cea1-ea70-4b3f-825f-19a50d00714f,aeafadbc-61a0-4dcb-bfac-8056a9cb79ff,78d504a3-39b4-4991-b1b7-9557d3428ff2,325,37,185,2025-01-01T00:00:00
79fffcba-1bac-44b6-97be-d12b0ba77b3f,2606eebf-6b75-4fc3-89b1-7f7728fa7dce,574f8e49-624f-4c82-81a6-66739af2fa27,50,39,156,2025-01-01T00:00:00
af6686ab-6a5e-4f1d-9700-8d1f5ff7fa1e,38b11d32-c043-40ef-b693-ab2a60ae5318,8618a91b-2b38-4faa-b40d-0308363b2a61,135,10,20,2025-01-01T00:00:00
00d7a25a-d033-4336-86d8-c847e04a94c1,38b11d32-c043-40ef-b693-ab2a60ae5318,be0b4543-3c61-4879-b9e6-3a01fb650515,296,27,108,2025-01-01T00:00:00
7b5399a8-59b3-40ba-b679-8ffc6d1438a8,38b11d32-c043-40ef-b693-ab2a60ae5318,78d504a3-39b4-4991-b1b7-9557d3428ff2,479,34,136,2025-01-01T00:00:00
6ed0b3ea-7bd5-49aa-a2f0-d1b3c88a9ced,46f75803-1997-463e-a25a-5b9d15009687,8618a91b-2b38-4faa-b40d-0308363b2a61,158,47,188,2025-01-01T00:00:00
4dd7ef00-198c-4e4c-bea9-7f7c91a60465,46f75803-1997-463e-a25a-5b9d15009687,574f8e49-624f-4c82-81a6-66739af2fa27,73,20,40,2025-01-01T00:00:00
81f8a5e6-750e-4d3c-8240-b467e0000b1f,46f75803-1997-463e-a25a-5b9d15009687,78d504a3-39b4-4991-b1b7-9557d3428ff2,203,15,75,2025-01-01T00:00:00
1ef11307-f856-450a-933d-5a1dfc27a42a,f98ee275-ada0-4dcc-950f-4a26864725bc,574f8e49-624f-4c82-81a6-66739af2fa27,112,18,72,2025-01-01T00:00:00
db5d7508-39c3-4b54-b350-10a668212340,f98ee275-ada0-4dcc-950f-4a26864725bc,78d504a3-39b4-4991-b1b7-9557d3428ff2,499,37,111,2025-01-01T00:00:00
72b6869b-5979-46db-923d-97b28cec4e53,f98ee275-ada0-4dcc-950f-4a26864725bc,be0b4543-3c61-4879-b9e6-3a01fb650515,362,42,168,2025-01-01T00:00:00
986294a2-c6fd-4b79-a95c-37269bc1952e,9f167431-4fc2-4c8d-b06b-e39ea235151f,574f8e49-624f-4c82-81a6-66739af2fa27,225,50,200,2025-01-01T00:00:00
eec13436-7868-45a9-b789-be96ba296549,9f167431-4fc2-4c8d-b06b-e39ea235151f,78d504a3-39b4-4991-b1b7-9557d3428ff2,435,38,152,2025-01-01T00:00:00
0c5dbd59-443d-4b7e-92a7-2c379c7f7dad,9f167431-4fc2-4c8d-b06b-e39ea235151f,be0b4543-3c61-4879-b9e6-3a01fb650515,175,30,120,2025-01-01T00:00:00
62628f2d-0c49-4f6c-8c4d-1326cd9a0095,613f6443-6cf9-485d-8895-6d88c4313bc9,574f8e49-624f-4c82-81a6-66739af2fa27,285,48,192,2025-01-01T00:00:00
c3921934-a3bd-4a9e-841b-e5fcf0363109,5a793d9e-2e0f-4408-91a2-ec4759f3124f,8618a91b-2b38-4faa-b40d-0308363b2a61,404,18,36,2025-01-01T00:00:00
acc6951c-e815-49fb-b983-7e41a95f4eda,20fceb67-8e83-4614-88dc-e8dd306d36b4,8618a91b-2b38-4faa-b40d-0308363b2a61,293,10,20,2025-01-01T00:00:00
d0c61678-6f04-40cf-852f-7f0a474ea3a3,20fceb67-8e83-4614-88dc-e8dd306d36b4,78d504a3-39b4-4991-b1b7-9557d3428ff2,394,21,105,2025-01-01T00:00:00
7623a132-a7bd-4ca3-96a2-4cbba00c4e53,20fceb67-8e83-4614-88dc-e8dd306d36b4,be0b4543-3c61-4879-b9e6-3a01fb650515,334,41,205,2025-01-01T00:00:00
1dccbc2d-4eb1-40fd-8c5a-ae6525edcee3,4873c777-18c0-46e1-8995-0ad81b840c91,8618a91b-2b38-4faa-b40d-0308363b2a61,91,14,28,2025-01-01T00:00:00
f375821b-429d-4042-a376-1500b62d55b1,4873c777-18c0-46e1-8995-0ad81b840c91,be0b4543-3c61-4879-b9e6-3a01fb650515,476,38,76,2025-01-01T00:00:00
966dd4c4-5649-4297-b885-52ec16bb5537,4873c777-18c0-46e1-8995-0ad81b840c91,78d504a3-39b4-4991-b1b7-9557d3428ff2,230,34,136,2025-01-01T00:00:00
6bb316c0-5543-4c32-b755-893af5ded4be,437d7316-d30f-49da-b174-1510f133a8ae,be0b4543-3c61-4879-b9e6-3a01fb650515,140,10,20,2025-01-01T00:00:00
13b2e616-e06b-4c74-8615-7ed5e05bcf4a,437d7316-d30f-49da-b174-1510f133a8ae,78d504a3-39b4-4991-b1b7-9557d3428ff2,286,33,99,2025-01-01T00:00:00
3d0420c1-ba63-474f-9536-a0f9a0431b75,6b3e9a6d-fc0d-4ed4-9f29-ebe9ba4a5d21,574f8e49-624f-4c82-81a6-66739af2fa27,54,24,48,2025-01-01T00:00:00
245112b8-9337-47c3-a713-adaf8a38054d,6b3e9a6d-fc0d-4ed4-9f29-ebe9ba4a5d21,be0b4543-3c61-4879-b9e6-3a01fb650515,438,27,108,2025-01-01T00:00:00
85624ffc-b254-48eb-bcc9-e006f401e2dd,65185463-9721-480d-87cf-d5fe9d651caf,be0b4543-3c61-4879-b9e6-3a01fb650515,96,49,196,2025-01-01T00:00:00
d1e53a7e-e6bd-40ea-afe5-1c66b248e4ff,35b4790f-35a5-4620-b0a3-99a3af200f08,574f8e49-624f-4c82-81a6-66739af2fa27,163,24,120,2025-01-01T00:00:00
32f362cc-72c3-4dd3-8c19-9cede5ae83fc,35b4790f-35a5-4620-b0a3-99a3af200f08,78d504a3-39b4-4991-b1b7-9557d3428ff2,235,12,48,2025-01-01T00:00:00
4908e1af-efcb-416e-abec-13ffca5cdf89,35b4790f-35a5-4620-b0a3-99a3af200f08,be0b4543-3c61-4879-b9e6-3a01fb650515,302,48,144,2025-01-01T00:00:00
4a7a4bc5-d5b3-462b-a42f-79cee35d911d,4bb586c3-cd53-40a5-b0a5-56f41ca4da8c,78d504a3-39b4-4991-b1b7-9557d3428ff2,150,50,250,2025-01-01T00:00:00
f472ffb7-4cf1-45f5-bdfd-32c54b80cb1e,f56c4221-4aa1-46d0-b124-8d9820a24955,574f8e49-624f-4c82-81a6-66739af2fa27,495,27,135,2025-01-01T00:00:00
32a257fe-c864-48e5-a20d-e4cba60f2518,62f59711-d345-4776-ba1c-9f705b40eefa,78d504a3-39b4-4991-b1b7-9557d3428ff2,332,22,66,2025-01-01T00:00:00
235a0129-6387-4ae2-b0a1-c8e88923ff4e,abb65833-1f15-4937-83e0-5ef31b34e28e,574f8e49-624f-4c82-81a6-66739af2fa27,351,18,36,2025-01-01T00:00:00
b9287609-c1ba-4068-b11e-fe89fb40d9f8,2510e254-29c7-413a-8930-064acc23e0c5,574f8e49-624f-4c82-81a6-66739af2fa27,182,46,138,2025-01-01T00:00:00
aeaaa4ef-af71-4378-b63f-c2f411ed3f23,ca8a5f29-d81b-4644-84cd-5891e212a59b,be0b4543-3c61-4879-b9e6-3a01fb650515,423,27,81,2025-01-01T00:00:00
476677e8-d362-4fc5-932f-7691e62244ad,ca8a5f29-d81b-4644-84cd-5891e212a59b,574f8e49-624f-4c82-81a6-66739af2fa27,484,11,44,2025-01-01T00:00:00
f248bd73-70f9-4d82-b25f-878166c0e67d,ca8a5f29-d81b-4644-84cd-5891e212a59b,8618a91b-2b38-4faa-b40d-0308363b2a61,398,45,225,2025-01-01T00:00:00
bd9eac6a-cc3c-4087-ae00-c7bb141c6692,95d1ea10-3387-487c-b9e0-a8e01e78b892,574f8e49-624f-4c82-81a6-66739af2fa27,268,13,52,2025-01-01T00:00:00
88d75cc4-7df3-4710-bbf3-73a21998792a,451edece-298d-4392-84a9-ab8704039fc1,574f8e49-624f-4c82-81a6-66739af2fa27,482,36,144,2025-01-01T00:00:00
8ee3e24d-88bd-4be5-8607-6d7fb4c63313,451edece-298d-4392-84a9-ab8704039fc1,be0b4543-3c61-4879-b9e6-3a01fb650515,112,43,215,2025-01-01T00:00:00
9e109249-1e1d-4287-9090-518bf3df1446,2b8992f9-b556-4667-844e-ec478a0135db,be0b4543-3c61-4879-b9e6-3a01fb650515,235,43,86,2025-01-01T00:00:00
985424cb-c095-474d-a883-0a43e2f7e149,2b8992f9-b556-4667-844e-ec478a0135db,574f8e49-624f-4c82-81a6-66739af2fa27,419,24,48,2025-01-01T00:00:00
20d4270f-9662-4597-b324-ae5d07c4b21e,9a9249df-4eaf-416a-b512-8b1b80578f21,574f8e49-624f-4c82-81a6-66739af2fa27,265,44,220,2025-01-01T00:00:00
b7085594-9a55-4e1f-8626-5e208e4a40ee,9a9249df-4eaf-416a-b512-8b1b80578f21,8618a91b-2b38-4faa-b40d-0308363b2a61,211,10,50,2025-01-01T00:00:00
e132c668-6ed2-4a50-8fd1-cf019570087c,d05afd37-e653-4cc8-b1b5-698c041ab977,574f8e49-624f-4c82-81a6-66739af2fa27,221,15,30,2025-01-01T00:00:00
005897fd-2750-4b7e-8fbb-0322735226bd,6ee3aef9-d63c-4ecf-87d6-e76c2a6a268d,78d504a3-39b4-4991-b1b7-9557d3428ff2,165,37,74,2025-01-01T00:00:00
8579544a-da45-46b1-84e9-346c0c61e5ba,6ee3aef9-d63c-4ecf-87d6-e76c2a6a268d,be0b4543-3c61-4879-b9e6-3a01fb650515,177,22,66,2025-01-01T00:00:00
b432601b-41ec-48cb-97a0-8addfc9e1fc1,6ee3aef9-d63c-4ecf-87d6-e76c2a6a268d,8618a91b-2b38-4faa-b40d-0308363b2a61,218,29,58,2025-01-01T00:00:00
5e20b7bc-5bbd-4dac-ad82-fb3c74320868,abd209ce-eda3-4b78-bcf8-deaf81c37c39,be0b4543-3c61-4879-b9e6-3a01fb650515,370,16,32,2025-01-01T00:00:00
2fb48410-a292-4092-8cd9-0bcc12d72ddc,abd209ce-eda3-4b78-bcf8-deaf81c37c39,8618a91b-2b38-4faa-b40d-0308363b2a61,295,37,74,2025-01-01T00:00:00
868e821c-5c7b-42a6-8e24-3a9321558497,abd209ce-eda3-4b78-bcf8-deaf81c37c39,78d504a3-39b4-4991-b1b7-9557d3428ff2,353,50,200,2025-01-01T00:00:00
d3725c44-870e-4ac3-9cba-ee8092518db8,aeccf1b7-3de3-4aae-8d4b-ffe77f212bfb,78d504a3-39b4-4991-b1b7-9557d3428ff2,176,16,80,2025-01-01T00:00:00
a4a82dfe-1ad0-45cf-9b0f-a97918ab4574,aeccf1b7-3de3-4aae-8d4b-ffe77f212bfb,8618a91b-2b38-4faa-b40d-0308363b2a61,172,31,62,2025-01-01T00:00:00
1f70c787-6892-43ce-97d0-cffda7993e46,17bc0382-26c5-4a90-8bdb-59f7d3f963d2,be0b4543-3c61-4879-b9e6-3a01fb650515,316,25,50,2025-01-01T00:00:00
58fee9e8-d87f-484d-8c14-f5b0fb753e0d,17bc0382-26c5-4a90-8bdb-59f7d3f963d2,78d504a3-39b4-4991-b1b7-9557d3428ff2,447,48,240,2025-01-01T00:00:00
72e8ba79-c9f6-4f46-af7f-d2fe39985d1e,45e95b25-0053-4fe3-a4ea-c13ccf3e2124,8618a91b-2b38-4faa-b40d-0308363b2a61,370,38,76,2025-01-01T00:00:00
dae734f4-e8dd-4e8a-aca1-a34aba27e453,d4eb0c40-3b3d-4e1f-a672-353879b98b3f,8618a91b-2b38-4faa-b40d-0308363b2a61,81,12,60,2025-01-01T00:00:00
a007a61c-6540-4d84-ac29-6fff57183528,23554f24-8ab0-477e-97f2-40f9e2e9d2ee,8618a91b-2b38-4faa-b40d-0308363b2a61,484,14,42,2025-01-01T00:00:00
b849d4ff-8a72-4ae7-b6e7-1a812b8afc46,23554f24-8ab0-477e-97f2-40f9e2e9d2ee,be0b4543-3c61-4879-b9e6-3a01fb650515,81,38,76,2025-01-01T00:00:00
f5d9f13a-d250-447c-8fca-e5e3250e9ace,6d425cbb-5231-4e6b-ae67-f4894bb3111c,be0b4543-3c61-4879-b9e6-3a01fb650515,362,50,250,2025-01-01T00:00:00
a629aee9-f3b1-4459-9d4c-c055da522ef2,6d425cbb-5231-4e6b-ae67-f4894bb3111c,8618a91b-2b38-4faa-b40d-0308363b2a61,83,16,32,2025-01-01T00:00:00
4bcfcf50-32e0-4cbe-b26f-effa3981fa61,3291ceba-979e-49e9-bedb-4255e6ed5105,8618a91b-2b38-4faa-b40d-0308363b2a61,76,28,140,2025-01-01T00:00:00
76d3a2c7-01b9-4a46-aebf-869fb0b3ce44,3291ceba-979e-49e9-bedb-4255e6ed5105,574f8e49-624f-4c82-81a6-66739af2fa27,255,16,80,2025-01-01T00:00:00
1fd1877c-47fc-4a91-b0bc-2916f223d37a,3291ceba-979e-49e9-bedb-4255e6ed5105,be0b4543-3c61-4879-b9e6-3a01fb650515,169,48,96,2025-01-01T00:00:00
6bddf4be-39da-486c-ae58-a741d5f9a663,17d20f21-9726-4c5a-91bb-09c90a37808f,78d504a3-39b4-4991-b1b7-9557d3428ff2,246,39,195,2025-01-01T00:00:00
51a7db4c-af79-4667-a9b9-0205a1120b4e,17d20f21-9726-4c5a-91bb-09c90a37808f,8618a91b-2b38-4faa-b40d-0308363b2a61,500,49,98,2025-01-01T00:00:00
37e559bd-a7d4-4e56-8751-ab9f5469c730,68adf499-c0ed-430f-8ee8-66b9d08b1175,8618a91b-2b38-4faa-b40d-0308363b2a61,383,11,55,2025-01-01T00:00:00
66532359-4771-45d4-b6fc-302d029b387e,68adf499-c0ed-430f-8ee8-66b9d08b1175,574f8e49-624f-4c82-81a6-66739af2fa27,314,31,93,2025-01-01T00:00:00
02171e05-2da7-422a-a9af-cf5bcdc6a719,223c7f1a-cdf4-4b0c-ba22-3f681d472a04,78d504a3-39b4-4991-b1b7-9557d3428ff2,102,10,20,2025-01-01T00:00:00
2c58e9cb-51c7-4b97-adc1-edb5f3750e25,0b81ca2c-e22b-4b02-955e-9b6498730fe8,78d504a3-39b4-4991-b1b7-9557d3428ff2,454,22,66,2025-01-01T00:00:00
bb672068-13d5-4663-be23-b00915c8f29c,0b81ca2c-e22b-4b02-955e-9b6498730fe8,574f8e49-624f-4c82-81a6-66739af2fa27,376,42,168,2025-01-01T00:00:00
8181bce6-9bc6-40b3-9792-6983e51238c4,0b81ca2c-e22b-4b02-955e-9b6498730fe8,8618a91b-2b38-4faa-b40d-0308363b2a61,231,36,180,2025-01-01T00:00:00
6b6928c1-9109-42c7-8991-6e0860fad785,4d482624-14a0-462d-a1a3-d37eef1c23f1,8618a91b-2b38-4faa-b40d-0308363b2a61,367,38,114,2025-01-01T00:00:00
ba6b06d2-29b9-4b57-98cc-92c50cde27e2,4d482624-14a0-462d-a1a3-d37eef1c23f1,574f8e49-624f-4c82-81a6-66739af2fa27,174,18,36,2025-01-01T00:00:00
39a1c661-7b53-4823-b878-92bafc268d1d,4d482624-14a0-462d-a1a3-d37eef1c23f1,be0b4543-3c61-4879-b9e6-3a01fb650515,80,18,72,2025-01-01T00:00:00
4b265bd7-7f04-4aec-9c97-338a33ae208c,927a9643-e61f-4abf-af7f-7c538958dab2,be0b4543-3c61-4879-b9e6-3a01fb650515,273,42,168,2025-01-01T00:00:00
88e46996-67d3-493b-88c0-4bacf81a4bca,927a9643-e61f-4abf-af7f-7c538958dab2,574f8e49-624f-4c82-81a6-66739af2fa27,209,47,141,2025-01-01T00:00:00
57a5adde-331b-427d-925a-759452c10e59,927a9643-e61f-4abf-af7f-7c538958dab2,8618a91b-2b38-4faa-b40d-0308363b2a61,125,40,160,2025-01-01T00:00:00
d6237607-3d9a-484d-ba42-b2d72db27ba0,b53dabc8-da24-4aef-92af-c502ae7d9275,8618a91b-2b38-4faa-b40d-0308363b2a61,225,28,112,2025-01-01T00:00:00
0d322f16-abc4-4cf3-9ad7-89db783fe739,b53dabc8-da24-4aef-92af-c502ae7d9275,574f8e49-624f-4c82-81a6-66739af2fa27,54,43,129,2025-01-01T00:00:00
7ea91cb4-67cf-4538-84fd-74cb755d27de,b53dabc8-da24-4aef-92af-c502ae7d9275,be0b4543-3c61-4879-b9e6-3a01fb650515,79,25,50,2025-01-01T00:00:00
026c6f25-e5ca-40d6-9eb2-0ee30b3865c4,44d57250-3035-4464-8b48-ce4d2ea55d0e,78d504a3-39b4-4991-b1b7-9557d3428ff2,226,22,66,2025-01-01T00:00:00
34e491cd-3457-4c53-9830-0191149a35c9,44d57250-3035-4464-8b48-ce4d2ea55d0e,be0b4543-3c61-4879-b9e6-3a01fb650515,377,22,44,2025-01-01T00:00:00
c33d3e79-9f90-4f0e-a635-cc7b5cd9a909,6d3d8f6e-12ca-4780-a42d-ca47215411e7,be0b4543-3c61-4879-b9e6-3a01fb650515,146,40,200,2025-01-01T00:00:00
a7d5e28e-b697-4908-9a57-8371bf57914d,6d3d8f6e-12ca-4780-a42d-ca47215411e7,574f8e49-624f-4c82-81a6-66739af2fa27,357,31,124,2025-01-01T00:00:00
af2f1a92-206e-4db5-bf3b-1d8f070693b7,e726516f-6d38-492e-bf70-30b475b7822b,8618a91b-2b38-4faa-b40d-0308363b2a61,203,36,144,2025-01-01T00:00:00
6d024921-68fd-4033-9855-99ca6fe9d7a0,e726516f-6d38-492e-bf70-30b475b7822b,78d504a3-39b4-4991-b1b7-9557d3428ff2,133,16,80,2025-01-01T00:00:00
29857c3c-ae91-478e-9658-706caf1cffff,e726516f-6d38-492e-bf70-30b475b7822b,574f8e49-624f-4c82-81a6-66739af2fa27,498,12,60,2025-01-01T00:00:00
5e9fc103-9ad5-4bc2-9d5a-227f4a566803,0cf8bc81-3e95-427a-9595-17c5eca46d07,78d504a3-39b4-4991-b1b7-9557d3428ff2,51,50,150,2025-01-01T00:00:00
b5ebc008-885d-4ccf-a53d-830a21194b0e,2defa1c3-d5dd-466a-8ac5-9d631e118409,8618a91b-2b38-4faa-b40d-0308363b2a61,167,39,117,2025-01-01T00:00:00
41320952-cecd-4500-8207-3133e672df94,2defa1c3-d5dd-466a-8ac5-9d631e118409,78d504a3-39b4-4991-b1b7-9557d3428ff2,172,40,160,2025-01-01T00:00:00
ef1442e3-5d65-4ae6-a3e7-1146dabda52e,2defa1c3-d5dd-466a-8ac5-9d631e118409,574f8e49-624f-4c82-81a6-66739af2fa27,463,34,102,2025-01-01T00:00:00
31ed0936-6757-40fa-9af8-0258d5c9dff0,9fad937c-bba8-47c5-82de-3ebdfe76cc0d,78d504a3-39b4-4991-b1b7-9557d3428ff2,144,10,40,2025-01-01T00:00:00
60bda29c-2968-4345-9a6e-ddeacf84aa31,9fad937c-bba8-47c5-82de-3ebdfe76cc0d,574f8e49-624f-4c82-81a6-66739af2fa27,55,14,56,2025-01-01T00:00:00
bd176928-13da-4168-96d2-5920a8b897ba,daf54a69-f33b-4f46-b115-7c013ff617f2,78d504a3-39b4-4991-b1b7-9557d3428ff2,334,17,51,2025-01-01T00:00:00
43e30ddd-8610-4225-ad9e-6d5e1c3850e6,2eb29e57-c097-4dc3-9d1c-6584cb47647d,8618a91b-2b38-4faa-b40d-0308363b2a61,275,22,88,2025-01-01T00:00:00
e169af4e-4e8a-43eb-9dfe-83312c0b7724,2eb29e57-c097-4dc3-9d1c-6584cb47647d,78d504a3-39b4-4991-b1b7-9557d3428ff2,72,11,33,2025-01-01T00:00:00
0f9cbec4-22d1-428d-8d67-045f953fdc47,30d7276f-364f-4360-ac7e-3f10f5f66222,574f8e49-624f-4c82-81a6-66739af2fa27,195,21,63,2025-01-01T00:00:00
e7435d1c-d26f-4065-bac6-892e007a9130,85c1e8e5-6d70-462f-a4fb-60888d1e0b4d,8618a91b-2b38-4faa-b40d-0308363b2a61,418,21,84,2025-01-01T00:00:00
4a19ebe7-5e18-46c6-842d-43f40a7a4992,85c1e8e5-6d70-462f-a4fb-60888d1e0b4d,78d504a3-39b4-4991-b1b7-9557d3428ff2,483,45,135,2025-01-01T00:00:00
9b241cba-e1f6-4eb4-b2b7-6483ee0d183b,e65e182e-8956-4759-86ae-bd82ac92d30b,8618a91b-2b38-4faa-b40d-0308363b2a61,150,11,33,2025-01-01T00:00:00
48e68c22-0b83-4cde-8cce-7dd4fa473b2a,55286215-853a-4600-9247-207fcb9a919f,be0b4543-3c61-4879-b9e6-3a01fb650515,101,11,33,2025-01-01T00:00:00
eeee0d12-7b3c-45c1-948a-e7ab84d4b6db,55286215-853a-4600-9247-207fcb9a919f,8618a91b-2b38-4faa-b40d-0308363b2a61,244,17,68,2025-01-01T00:00:00
034beb46-7fa4-48bb-b893-660d47e39157,96234a43-181f-4a91-8bfa-4e50782f0bb2,be0b4543-3c61-4879-b9e6-3a01fb650515,206,39,117,2025-01-01T00:00:00
003412fa-c509-4171-99ce-c4198950154c,64a2b7bd-a93d-473e-b30e-1716e2d0677a,8618a91b-2b38-4faa-b40d-0308363b2a61,464,33,99,2025-01-01T00:00:00
a9e6d1df-f76b-4bfa-9198-3d66b38170c8,64a2b7bd-a93d-473e-b30e-1716e2d0677a,574f8e49-624f-4c82-81a6-66739af2fa27,319,49,245,2025-01-01T00:00:00
ffcda3c7-d0b7-4958-952c-feaa3cf90072,e2803781-b7dd-42dd-8886-01955dc4bf3a,8618a91b-2b38-4faa-b40d-0308363b2a61,83,17,51,2025-01-01T00:00:00
11299769-692d-4ef5-9251-21c540f225e9,e2803781-b7dd-42dd-8886-01955dc4bf3a,574f8e49-624f-4c82-81a6-66739af2fa27,116,22,66,2025-01-01T00:00:00
6dd4dfc2-efaf-4d94-91f4-d49431a5ca30,e2803781-b7dd-42dd-8886-01955dc4bf3a,78d504a3-39b4-4991-b1b7-9557d3428ff2,322,34,136,2025-01-01T00:00:00
af9d4e25-9408-44c7-bbf2-3403b1a719a5,c0c5bab9-e34d-4587-b949-2136a4132600,be0b4543-3c61-4879-b9e6-3a01fb650515,356,37,111,2025-01-01T00:00:00
a0bddc4b-aff4-43a4-99fe-24884647ecb4,c0c5bab9-e34d-4587-b949-2136a4132600,8618a91b-2b38-4faa-b40d-0308363b2a61,73,49,147,2025-01-01T00:00:00
3ee3f637-f581-47e3-9973-3cde51fad947,e5d3c72d-3d83-493b-8dfd-4540d5d9811d,8618a91b-2b38-4faa-b40d-0308363b2a61,200,19,76,2025-01-01T00:00:00
a4082625-2a96-450e-a557-57389eb930b2,e5d3c72d-3d83-493b-8dfd-4540d5d9811d,574f8e49-624f-4c82-81a6-66739af2fa27,176,13,52,2025-01-01T00:00:00
2c247530-9660-4313-8621-43917bd2cf14,e5d3c72d-3d83-493b-8dfd-4540d5d9811d,78d504a3-39b4-4991-b1b7-9557d3428ff2,496,18,90,2025-01-01T00:00:00
5bb7d553-1439-487a-8174-03fa4a6f76c9,ab85583e-7941-4515-9e42-d6f584bf9655,574f8e49-624f-4c82-81a6-66739af2fa27,422,15,75,2025-01-01T00:00:00
59f624c5-c573-4cd0-89c7-d257fdf0203e,56bf461e-bcf9-4686-bc39-3981b7a25916,be0b4543-3c61-4879-b9e6-3a01fb650515,364,14,42,2025-01-01T00:00:00
c53a68ab-a570-4720-96fa-0a33c410cc46,56bf461e-bcf9-4686-bc39-3981b7a25916,78d504a3-39b4-4991-b1b7-9557d3428ff2,310,34,136,2025-01-01T00:00:00
3f3d313a-0807-421c-8cae-b45a0d385b5a,56bf461e-bcf9-4686-bc39-3981b7a25916,8618a91b-2b38-4faa-b40d-0308363b2a61,305,43,215,2025-01-01T00:00:00
2c9f78e3-17c4-43a3-8272-5d4ea8de7cf5,c60b7484-6afe-4af4-8ee3-2415ae29ef8f,78d504a3-39b4-4991-b1b7-9557d3428ff2,214,33,165,2025-01-01T00:00:00
1f61a7c4-443b-4b5b-97bc-f9557c731f01,cd2baffd-7a49-4d4b-814f-10213646716c,574f8e49-624f-4c82-81a6-66739af2fa27,303,40,160,2025-01-01T00:00:00
8638c866-068c-4b72-9534-96adc7f87d97,cd2baffd-7a49-4d4b-814f-10213646716c,be0b4543-3c61-4879-b9e6-3a01fb650515,347,35,70,2025-01-01T00:00:00
6bcd22d1-99ed-4152-b196-791a51bc5fea,cd2baffd-7a49-4d4b-814f-10213646716c,8618a91b-2b38-4faa-b40d-0308363b2a61,156,24,72,2025-01-01T00:00:00
01a21b37-031c-4ad6-ab0a-5ee2d0836222,9732d3ea-4429-460e-aba3-60137c8fe47a,78d504a3-39b4-4991-b1b7-9557d3428ff2,491,25,125,2025-01-01T00:00:00
015ad255-b456-4f2d-aeea-5f06c2f9ffde,9732d3ea-4429-460e-aba3-60137c8fe47a,574f8e49-624f-4c82-81a6-66739af2fa27,161,29,145,2025-01-01T00:00:00
d86d412c-7419-4f4d-b03a-6454b715820b,374db197-cf73-48e6-b713-f9f48456b58b,8618a91b-2b38-4faa-b40d-0308363b2a61,342,20,80,2025-01-01T00:00:00
171428f1-42ef-473a-966a-fb4e5d964e0d,374db197-cf73-48e6-b713-f9f48456b58b,be0b4543-3c61-4879-b9e6-3a01fb650515,180,45,90,2025-01-01T00:00:00
cd35ac8a-fd63-4e9d-8a8b-4c3d3d9ae5d1,8c9fb99e-40cd-4fe2-a980-02ec36269a99,78d504a3-39b4-4991-b1b7-9557d3428ff2,434,15,60,2025-01-01T00:00:00
2ba2c6fd-def8-4c83-9949-c9f4d6946a6a,924ff049-28ae-46f8-a62f-9038e512c2c9,78d504a3-39b4-4991-b1b7-9557d3428ff2,315,32,96,2025-01-01T00:00:00
4576e83c-f7d0-4f97-b739-525462d84825,924ff049-28ae-46f8-a62f-9038e512c2c9,8618a91b-2b38-4faa-b40d-0308363b2a61,348,12,60,2025-01-01T00:00:00
b1aced3c-d855-4710-863e-e855bf06a55c,90944231-c618-4ba0-8126-57f7a3e5ddb1,8618a91b-2b38-4faa-b40d-0308363b2a61,368,31,155,2025-01-01T00:00:00
30c71eaa-d739-44fe-a40f-638788861c24,90944231-c618-4ba0-8126-57f7a3e5ddb1,be0b4543-3c61-4879-b9e6-3a01fb650515,280,39,195,2025-01-01T00:00:00
edf6d127-14c0-4613-934d-4d6cb8138de4,90944231-c618-4ba0-8126-57f7a3e5ddb1,78d504a3-39b4-4991-b1b7-9557d3428ff2,259,33,165,2025-01-01T00:00:00
12beeebf-5891-4d90-9b80-212cf409dffb,e1273ab0-7e90-4cbe-ab27-01dc4adf8162,574f8e49-624f-4c82-81a6-66739af2fa27,189,34,68,2025-01-01T00:00:00
538c859b-20d5-47d1-be2a-6cbfcc5d7cea,e1273ab0-7e90-4cbe-ab27-01dc4adf8162,8618a91b-2b38-4faa-b40d-0308363b2a61,141,38,114,2025-01-01T00:00:00
afbdd36b-be01-4fcf-83b5-362ce8676830,71f624c0-faf1-4a0e-b0ca-b1ecab4e3833,8618a91b-2b38-4faa-b40d-0308363b2a61,380,14,56,2025-01-01T00:00:00
fee7322d-c49c-4224-8de6-c35b07aeb1b1,71f624c0-faf1-4a0e-b0ca-b1ecab4e3833,574f8e49-624f-4c82-81a6-66739af2fa27,92,28,56,2025-01-01T00:00:00
fc953923-7319-4669-bf68-8fafbe3dc919,4230d32a-2387-4fc6-b9b4-6443fd220cdf,78d504a3-39b4-4991-b1b7-9557d3428ff2,166,16,32,2025-01-01T00:00:00
a3bd4053-42ee-4f5c-a657-a009279fa80e,4230d32a-2387-4fc6-b9b4-6443fd220cdf,be0b4543-3c61-4879-b9e6-3a01fb650515,86,33,66,2025-01-01T00:00:00
1601db7d-1de0-48bf-80ec-87cb7ade6751,f61f786d-bfbe-4302-9524-3043687e61d5,574f8e49-624f-4c82-81a6-66739af2fa27,152,31,93,2025-01-01T00:00:00
460df978-e555-46f3-b13f-86a2f365f63b,f61f786d-bfbe-4302-9524-3043687e61d5,78d504a3-39b4-4991-b1b7-9557d3428ff2,395,31,124,2025-01-01T00:00:00
aa767280-f19f-4180-9c5a-94cd977ded11,f61f786d-bfbe-4302-9524-3043687e61d5,8618a91b-2b38-4faa-b40d-0308363b2a61,204,27,81,2025-01-01T00:00:00
37488a05-2454-45c3-93e8-db384d9a4478,58f743f3-4320-4cea-a592-1c4e32c5a48e,8618a91b-2b38-4faa-b40d-0308363b2a61,359,18,72,2025-01-01T00:00:00
93ddc3ae-cf31-4a34-bf57-a8f201e982d9,58f743f3-4320-4cea-a592-1c4e32c5a48e,574f8e49-624f-4c82-81a6-66739af2fa27,54,29,116,2025-01-01T00:00:00
0f043708-48d2-479d-bf33-16a144f54c41,58f743f3-4320-4cea-a592-1c4e32c5a48e,be0b4543-3c61-4879-b9e6-3a01fb650515,471,32,160,2025-01-01T00:00:00
a50a23b1-c37e-46ec-91fc-9ac3d584e368,fac6127a-5487-4c5c-a7ea-bb2042509896,be0b4543-3c61-4879-b9e6-3a01fb650515,470,47,94,2025-01-01T00:00:00
05f9e70d-b093-42e8-b26a-f2ec820b0cb7,fac6127a-5487-4c5c-a7ea-bb2042509896,78d504a3-39b4-4991-b1b7-9557d3428ff2,291,42,126,2025-01-01T00:00:00
7c987932-3d31-4d80-b6f8-c57cc9edc89e,c43f017f-7168-44b9-a220-61235d3e7fc6,be0b4543-3c61-4879-b9e6-3a01fb650515,166,24,72,2025-01-01T00:00:00
4201c9aa-4921-4d47-aed1-97281bcd57f1,c43f017f-7168-44b9-a220-61235d3e7fc6,78d504a3-39b4-4991-b1b7-9557d3428ff2,292,24,120,2025-01-01T00:00:00
54e49670-5aef-4eea-8a05-c2511d2e3497,ffaeda83-1622-469b-abf3-ee76b852e44d,be0b4543-3c61-4879-b9e6-3a01fb650515,466,39,156,2025-01-01T00:00:00
ff718981-156e-419a-9522-d49015ee5f52,ffaeda83-1622-469b-abf3-ee76b852e44d,574f8e49-624f-4c82-81a6-66739af2fa27,455,15,60,2025-01-01T00:00:00
bb2bb687-2ff0-40f7-b47c-f1395308d1c7,ffaeda83-1622-469b-abf3-ee76b852e44d,78d504a3-39b4-4991-b1b7-9557d3428ff2,483,22,110,2025-01-01T00:00:00
f36720f3-baab-4527-b942-e254f60cf43e,d549ed7a-7066-4bff-865b-cb96022a4063,78d504a3-39b4-4991-b1b7-9557d3428ff2,263,23,115,2025-01-01T00:00:00
69fcd10d-78bd-439f-bbfd-df0947a2dad0,d549ed7a-7066-4bff-865b-cb96022a4063,574f8e49-624f-4c82-81a6-66739af2fa27,280,45,90,2025-01-01T00:00:00
a80018e7-313f-4f2d-94b6-1a7505982fbb,d549ed7a-7066-4bff-865b-cb96022a4063,be0b4543-3c61-4879-b9e6-3a01fb650515,241,18,54,2025-01-01T00:00:00
702260ee-5c86-4032-bce2-cad6044f227a,ac08b04c-2866-45ef-aa72-41e390c55378,be0b4543-3c61-4879-b9e6-3a01fb650515,427,10,50,2025-01-01T00:00:00
47650524-17d4-4b44-a0c2-6f7d2a7e28da,ac08b04c-2866-45ef-aa72-41e390c55378,8618a91b-2b38-4faa-b40d-0308363b2a61,464,32,128,2025-01-01T00:00:00
9ddb50be-6ec4-4c37-8b81-dafb3cb3f141,2f8623bd-f52c-49b7-a825-da00b11cedbc,8618a91b-2b38-4faa-b40d-0308363b2a61,264,37,185,2025-01-01T00:00:00
10cbd351-70f5-4c1d-aa38-075284776663,b2720e94-d455-49bf-985f-d012a278f2a4,574f8e49-624f-4c82-81a6-66739af2fa27,325,29,116,2025-01-01T00:00:00
a6ee5118-ae98-41ad-9147-0cbba9a76230,b2720e94-d455-49bf-985f-d012a278f2a4,be0b4543-3c61-4879-b9e6-3a01fb650515,350,11,22,2025-01-01T00:00:00
2773c588-7caa-4a97-8741-c65fd5fd3ea4,b2720e94-d455-49bf-985f-d012a278f2a4,78d504a3-39b4-4991-b1b7-9557d3428ff2,121,19,76,2025-01-01T00:00:00
6686d082-ae18-45a4-bfcb-75da435b587c,520f24dd-6e33-4262-b2f4-2b6446c450c1,78d504a3-39b4-4991-b1b7-9557d3428ff2,372,48,240,2025-01-01T00:00:00
e518ca81-77cc-40a0-88cf-9554df7d7a75,520f24dd-6e33-4262-b2f4-2b6446c450c1,574f8e49-624f-4c82-81a6-66739af2fa27,245,23,115,2025-01-01T00:00:00
0106c620-601a-475b-8170-fd998af0b4ef,520f24dd-6e33-4262-b2f4-2b6446c450c1,be0b4543-3c61-4879-b9e6-3a01fb650515,82,44,220,2025-01-01T00:00:00
2d5e368a-b913-44f3-919b-e1042bee2860,6fc7cdff-dbab-44a7-a92b-7f995b8da53d,8618a91b-2b38-4faa-b40d-0308363b2a61,293,16,64,2025-01-01T00:00:00
aff9b793-bf6a-497f-b0e7-d6bccfd60748,09847cdd-7322-4e6e-b847-99bf0ef32825,574f8e49-624f-4c82-81a6-66739af2fa27,281,50,200,2025-01-01T00:00:00
3b4ff036-578f-474b-870a-c836a08595e8,09847cdd-7322-4e6e-b847-99bf0ef32825,78d504a3-39b4-4991-b1b7-9557d3428ff2,97,20,40,2025-01-01T00:00:00
39153dfe-7490-4329-a237-e086907acfa4,09847cdd-7322-4e6e-b847-99bf0ef32825,8618a91b-2b38-4faa-b40d-0308363b2a61,395,45,135,2025-01-01T00:00:00
f76f530e-50cf-46d0-9234-8bc7afb04878,4e1754f0-2d41-4b0e-90c9-df22970bcba3,78d504a3-39b4-4991-b1b7-9557d3428ff2,473,48,240,2025-01-01T00:00:00
74225fe2-320e-4517-a962-7582de0dd598,778f3133-33ce-407c-8d4d-5bbc4f2f1768,574f8e49-624f-4c82-81a6-66739af2fa27,145,22,44,2025-01-01T00:00:00
0b2eafe9-033d-4b18-bc60-d157428977ea,616347f8-352e-430e-a925-3da822f2fb86,574f8e49-624f-4c82-81a6-66739af2fa27,195,23,69,2025-01-01T00:00:00
2357ff9a-b89d-4dc0-a1e4-442f6f759a06,616347f8-352e-430e-a925-3da822f2fb86,8618a91b-2b38-4faa-b40d-0308363b2a61,199,43,86,2025-01-01T00:00:00
34df813a-4e78-4e3a-9a0d-e51c80bb0b8b,c4a84943-18be-47f1-a6fc-4f23d8988ed4,8618a91b-2b38-4faa-b40d-0308363b2a61,79,33,66,2025-01-01T00:00:00
01c473e2-e07d-47f2-a882-0a490c8cb9d1,c4a84943-18be-47f1-a6fc-4f23d8988ed4,78d504a3-39b4-4991-b1b7-9557d3428ff2,137,30,150,2025-01-01T00:00:00
3d6567d0-f457-4a7c-8c83-519ecaf0a38b,994ec596-4ee2-4dc9-bd25-dff39bf77520,be0b4543-3c61-4879-b9e6-3a01fb650515,130,17,51,2025-01-01T00:00:00
7b83a5cc-66ea-4fa7-aa1f-150354993fbe,994ec596-4ee2-4dc9-bd25-dff39bf77520,78d504a3-39b4-4991-b1b7-9557d3428ff2,324,36,180,2025-01-01T00:00:00
cef9089d-369e-4076-bd4b-bdae5cf6523c,79f083f3-ec93-412f-8f6e-b560ab09afd3,574f8e49-624f-4c82-81a6-66739af2fa27,85,34,102,2025-01-01T00:00:00
017b0ece-e825-4992-95fc-2bfb375c59f9,79f083f3-ec93-412f-8f6e-b560ab09afd3,be0b4543-3c61-4879-b9e6-3a01fb650515,116,23,92,2025-01-01T00:00:00
07b76fc0-1a39-4b18-a7fa-ca6050d5b5fb,79f083f3-ec93-412f-8f6e-b560ab09afd3,78d504a3-39b4-4991-b1b7-9557d3428ff2,271,40,120,2025-01-01T00:00:00
e6903253-13f8-49d2-ab40-40e56fa42e24,2cd5237e-1b3c-4eb9-a639-f8d3ab030d40,574f8e49-624f-4c82-81a6-66739af2fa27,344,29,87,2025-01-01T00:00:00
6b99c5eb-c6d4-4dc6-b466-ded54b350f4f,2cd5237e-1b3c-4eb9-a639-f8d3ab030d40,8618a91b-2b38-4faa-b40d-0308363b2a61,307,39,156,2025-01-01T00:00:00
581ebbb1-6e3e-4921-8fce-db52cf2cdc19,2cd5237e-1b3c-4eb9-a639-f8d3ab030d40,78d504a3-39b4-4991-b1b7-9557d3428ff2,153,10,30,2025-01-01T00:00:00
40db7826-ff60-4466-86c7-e1f81f99e846,a230a510-f18a-4dbc-97c2-6493da50dc95,8618a91b-2b38-4faa-b40d-0308363b2a61,82,35,105,2025-01-01T00:00:00
54323690-3456-4104-9ca6-06eaf41329ec,a230a510-f18a-4dbc-97c2-6493da50dc95,be0b4543-3c61-4879-b9e6-3a01fb650515,319,31,155,2025-01-01T00:00:00
437837d9-766b-4473-8d91-f1c6e2603d21,f5fc8474-0f63-4350-ad4d-3e05cbe1291b,574f8e49-624f-4c82-81a6-66739af2fa27,286,46,92,2025-01-01T00:00:00
376d05bb-c709-4d40-b7e1-a956cc972bbf,f5fc8474-0f63-4350-ad4d-3e05cbe1291b,8618a91b-2b38-4faa-b40d-0308363b2a61,427,15,60,2025-01-01T00:00:00
d293fc39-6e95-4163-adfb-dc360ca5afa8,e79253ed-3a72-4a75-a245-459ee1fc1e1d,8618a91b-2b38-4faa-b40d-0308363b2a61,283,32,128,2025-01-01T00:00:00
4d8feff7-969c-4c55-956c-39ca6a69930a,e79253ed-3a72-4a75-a245-459ee1fc1e1d,be0b4543-3c61-4879-b9e6-3a01fb650515,250,49,147,2025-01-01T00:00:00
608bff52-fa94-4cd1-9635-18c01cbc2a19,e79253ed-3a72-4a75-a245-459ee1fc1e1d,574f8e49-624f-4c82-81a6-66739af2fa27,262,25,75,2025-01-01T00:00:00
8cb3ceac-36bb-40b9-ba0f-77ec1103446a,451a830b-74c3-4c82-b3e3-35a007108fd5,6b767918-233a-466f-8a09-289b295c7d6f,425,37,185,2025-01-01T00:00:00
d92a0720-5d99-4aae-b4d1-56018ab0127c,451a830b-74c3-4c82-b3e3-35a007108fd5,55ab4457-f0ec-4980-a436-2143da3feebb,246,21,42,2025-01-01T00:00:00
7fb3a6f8-9a8d-4ebb-b2c4-fb132ea48375,451a830b-74c3-4c82-b3e3-35a007108fd5,0962d35c-a6e8-4eca-baa5-2a0042694d94,251,12,36,2025-01-01T00:00:00
f0e5a32e-a282-4486-95a6-c24d70a10024,dc8bc93d-6732-47e7-8a18-d2bab937e0a6,ccb957cd-dfcb-4bd6-9734-bb8509a44acb,190,50,200,2025-01-01T00:00:00
4b004792-7ebe-481c-bfc7-c1481e49e5ee,729693d7-2960-451e-86e5-257f31d0ac51,6b767918-233a-466f-8a09-289b295c7d6f,84,23,115,2025-01-01T00:00:00
3e80d901-03f3-40c2-899c-f3ad16dc627d,729693d7-2960-451e-86e5-257f31d0ac51,55ab4457-f0ec-4980-a436-2143da3feebb,260,45,90,2025-01-01T00:00:00
5934a81b-d9b7-4e84-820a-b0d72c3529e8,729693d7-2960-451e-86e5-257f31d0ac51,ccb957cd-dfcb-4bd6-9734-bb8509a44acb,238,14,28,2025-01-01T00:00:00
d9cb934b-35c2-449e-ad91-a4ab424e559c,7dff0732-937d-4b44-b66e-e7e97c0993a5,6b767918-233a-466f-8a09-289b295c7d6f,442,30,150,2025-01-01T00:00:00
c0645f76-ba78-4f72-a487-ea08f2e40b2a,7dff0732-937d-4b44-b66e-e7e97c0993a5,55ab4457-f0ec-4980-a436-2143da3feebb,280,20,80,2025-01-01T00:00:00
706a157c-46ed-42a9-9b8b-04bb006ace01,7dff0732-937d-4b44-b66e-e7e97c0993a5,0962d35c-a6e8-4eca-baa5-2a0042694d94,156,42,84,2025-01-01T00:00:00
71271287-1edc-4b5a-816d-51c2e962cb60,f96de01a-f1c4-4d61-9c4a-db8b5ccbb7ab,0962d35c-a6e8-4eca-baa5-2a0042694d94,63,14,70,2025-01-01T00:00:00
a97ef846-3b64-4756-bbef-73aed15113ef,f96de01a-f1c4-4d61-9c4a-db8b5ccbb7ab,55ab4457-f0ec-4980-a436-2143da3feebb,245,31,155,2025-01-01T00:00:00
b5375e92-5129-4649-9fea-630180f76d50,ee2f94ca-5305-4a9e-91ee-cf8fcdaca02e,6b767918-233a-466f-8a09-289b295c7d6f,253,12,24,2025-01-01T00:00:00
d64fdbf0-45f0-43a2-af1e-340b8c14d514,0c05f074-6565-47ba-a6e2-7dec9364d060,55ab4457-f0ec-4980-a436-2143da3feebb,108,18,72,2025-01-01T00:00:00
4f73a3ed-deb3-4d3b-836f-64753baf8806,0c05f074-6565-47ba-a6e2-7dec9364d060,0962d35c-a6e8-4eca-baa5-2a0042694d94,393,39,195,2025-01-01T00:00:00
1d094aff-dd60-4b85-9d4c-24f002d5a66d,9d41a7c0-7270-4cba-b4a8-440ae0580451,55ab4457-f0ec-4980-a436-2143da3feebb,84,15,45,2025-01-01T00:00:00
76c0eaff-83de-4050-a599-d64fbd2e1a13,9d41a7c0-7270-4cba-b4a8-440ae0580451,0962d35c-a6e8-4eca-baa5-2a0042694d94,415,38,114,2025-01-01T00:00:00
0569813b-5831-46d6-aa32-663b1a27a16d,3438e861-d142-4b94-abcc-c9070062d756,ccb957cd-dfcb-4bd6-9734-bb8509a44acb,470,27,81,2025-01-01T00:00:00
83e72a82-9385-4e1c-b6a3-5750c92e08c8,3438e861-d142-4b94-abcc-c9070062d756,6b767918-233a-466f-8a09-289b295c7d6f,137,11,22,2025-01-01T00:00:00
d3567b30-2d00-45bb-9d73-0bfaaa30a820,a2b9d406-2a48-49a3-9a4d-fd0154fb93f0,0962d35c-a6e8-4eca-baa5-2a0042694d94,200,17,85,2025-01-01T00:00:00
07675599-0c02-44cf-b3c7-2c39f77f42b8,51f7c243-3b83-415a-a943-0a9a6431ce7d,6b767918-233a-466f-8a09-289b295c7d6f,89,10,40,2025-01-01T00:00:00
4231b4ac-f2ed-4fa4-87e7-bdacd96bf0b6,14734e34-9f7a-4207-b247-5d966fc8612f,0962d35c-a6e8-4eca-baa5-2a0042694d94,275,32,96,2025-01-01T00:00:00
67f7ed62-51b7-4934-b6af-0b7b55c52463,bc3a6de5-8832-49cf-8809-2fc09b203f4b,ccb957cd-dfcb-4bd6-9734-bb8509a44acb,415,12,36,2025-01-01T00:00:00
7037b22a-e8d3-4b94-a1ff-9b66169561a0,13df3b64-d3a9-4406-a253-f069392c7d7a,0962d35c-a6e8-4eca-baa5-2a0042694d94,406,13,26,2025-01-01T00:00:00
53923fa6-56a2-4615-8c11-42cf711ca514,13df3b64-d3a9-4406-a253-f069392c7d7a,55ab4457-f0ec-4980-a436-2143da3feebb,249,29,145,2025-01-01T00:00:00
baa7c6dd-8420-49ad-8591-09d8358c0f51,3903ee7b-8308-4a7a-b59c-739db2f0a93f,55ab4457-f0ec-4980-a436-2143da3feebb,356,10,20,2025-01-01T00:00:00
a37701b0-5253-4a53-8a2c-e5280c1aad71,07fcdeee-418d-4c03-9755-c1474d974d9f,55ab4457-f0ec-4980-a436-2143da3feebb,442,22,66,2025-01-01T00:00:00
89efea66-a765-4f4a-924f-58b7fd524cfb,07fcdeee-418d-4c03-9755-c1474d974d9f,ccb957cd-dfcb-4bd6-9734-bb8509a44acb,241,25,75,2025-01-01T00:00:00
194a14a3-b609-45d7-85e5-f58491832ae1,088cc24b-3a3a-465f-ad62-04703b90faab,6b767918-233a-466f-8a09-289b295c7d6f,58,36,72,2025-01-01T00:00:00
8db18618-200d-40f8-a768-55cc1ffd1980,0709044b-f6f6-40ec-8665-2a4af08a9225,6b767918-233a-466f-8a09-289b295c7d6f,222,22,44,2025-01-01T00:00:00
34e5b761-e18d-4aa4-bc06-c22c6098ef71,164e9747-efe6-4c5e-960f-5d3229d4c884,55ab4457-f0ec-4980-a436-2143da3feebb,99,20,60,2025-01-01T00:00:00
54fa12a6-ac7e-40b9-8986-ac6f9979f06b,2fa1495e-2842-4def-97e9-f0ae8bf630ca,6b767918-233a-466f-8a09-289b295c7d6f,262,42,84,2025-01-01T00:00:00
0e178275-2e61-412b-b635-f94e199ab338,80fff6c2-4945-4865-b9c2-cff28f93effc,0962d35c-a6e8-4eca-baa5-2a0042694d94,215,45,135,2025-01-01T00:00:00
735c9720-9406-4977-b672-c3719682a5f0,80fff6c2-4945-4865-b9c2-cff28f93effc,6b767918-233a-466f-8a09-289b295c7d6f,369,23,115,2025-01-01T00:00:00
691aac1f-4771-4f35-a7df-ca479fb81e4c,28664619-ff24-4694-b930-1a5dbe6091f1,0962d35c-a6e8-4eca-baa5-2a0042694d94,111,24,72,2025-01-01T00:00:00
fd059b61-d1bf-4c0b-bed5-3eea5cf4cdca,28664619-ff24-4694-b930-1a5dbe6091f1,6b767918-233a-466f-8a09-289b295c7d6f,104,32,128,2025-01-01T00:00:00
3ad3af62-93bc-4d18-b882-ded6307adf6f,4070bc47-530a-4ef9-9755-063a0fb7b092,55ab4457-f0ec-4980-a436-2143da3feebb,57,35,140,2025-01-01T00:00:00
759a86b7-9d0a-4b34-9745-18589652c401,2ed0ec87-124f-46cc-9a55-8894981c7536,6b767918-233a-466f-8a09-289b295c7d6f,249,23,115,2025-01-01T00:00:00
ea87f4e4-b62b-4ae4-8d7c-2b7a0e88895a,e538f647-8acc-4b56-b553-38ba907d2961,0962d35c-a6e8-4eca-baa5-2a0042694d94,83,27,108,2025-01-01T00:00:00
0a2ed66c-bf94-4461-9043-79feac962656,15c9839c-062e-403b-8fa0-6bdd223273c1,55ab4457-f0ec-4980-a436-2143da3feebb,84,23,115,2025-01-01T00:00:00
9d295483-e98a-4a5a-88d0-8bca79e28c04,a7c78358-cfd6-42ae-8abf-d274b0635e4e,0962d35c-a6e8-4eca-baa5-2a0042694d94,442,48,240,2025-01-01T00:00:00
7d1adc28-e7f4-4ba7-96a8-b1ebc3d75622,a7c78358-cfd6-42ae-8abf-d274b0635e4e,55ab4457-f0ec-4980-a436-2143da3feebb,102,44,132,2025-01-01T00:00:00
05f8e8f7-002d-4804-bc31-5182114825c8,e684455d-3e26-40f5-ba9e-95fd0a57c1e0,0962d35c-a6e8-4eca-baa5-2a0042694d94,98,48,192,2025-01-01T00:00:00
eb2b1c5c-1201-4b4f-96ef-da1812037cbb,e684455d-3e26-40f5-ba9e-95fd0a57c1e0,ccb957cd-dfcb-4bd6-9734-bb8509a44acb,373,34,102,2025-01-01T00:00:00
617d5ba1-ff8c-46af-b05f-3d7ec36834a2,168ba32d-8e42-491c-9b74-57ef541328c4,55ab4457-f0ec-4980-a436-2143da3feebb,139,50,200,2025-01-01T00:00:00
3c900fa8-481a-45f0-89fb-f60480eb0fc7,168ba32d-8e42-491c-9b74-57ef541328c4,6b767918-233a-466f-8a09-289b295c7d6f,485,40,80,2025-01-01T00:00:00
b5bcc0ef-9627-4c3c-8b1f-ac00be58af93,765d48f9-55e1-4afb-9861-bad8aadbf156,0962d35c-a6e8-4eca-baa5-2a0042694d94,59,48,240,2025-01-01T00:00:00
3cb674f9-e5e9-42d2-a993-b2dad05b1ea4,765d48f9-55e1-4afb-9861-bad8aadbf156,55ab4457-f0ec-4980-a436-2143da3feebb,245,42,126,2025-01-01T00:00:00
ec907d5f-557e-42db-9c04-79a4293aa670,0257b008-13d2-4282-9e0c-4cc89e42e37d,55ab4457-f0ec-4980-a436-2143da3feebb,350,10,30,2025-01-01T00:00:00
7a9f7d9e-1a19-4d79-b529-261a84b0d193,0257b008-13d2-4282-9e0c-4cc89e42e37d,6b767918-233a-466f-8a09-289b295c7d6f,60,49,98,2025-01-01T00:00:00
e2c2c85a-1e4a-4c6d-ae59-22da82f25fa8,0257b008-13d2-4282-9e0c-4cc89e42e37d,0962d35c-a6e8-4eca-baa5-2a0042694d94,208,25,125,2025-01-01T00:00:00
c7e00946-f04e-4699-9dc9-f9fea0e3a68b,f8e1ed7d-720a-4c72-8d8b-69736c725d37,6b767918-233a-466f-8a09-289b295c7d6f,367,15,30,2025-01-01T00:00:00
65bacc00-4c9f-4a03-9114-8646da985866,a041a7be-5532-45cd-a918-2db954a57ac1,6b767918-233a-466f-8a09-289b295c7d6f,241,41,164,2025-01-01T00:00:00
7ea1c8e2-586a-4a6c-9e63-07e61c73d758,8dcf7b02-2406-43bb-8a6a-998d4df436f8,ccb957cd-dfcb-4bd6-9734-bb8509a44acb,127,34,102,2025-01-01T00:00:00
be49f789-d137-46a7-b202-4c73c4fda10d,6b475483-1625-4f2c-b117-351cf1655410,ccb957cd-dfcb-4bd6-9734-bb8509a44acb,69,25,125,2025-01-01T00:00:00
48cb8190-e4f9-44af-add2-2d7dcc8abf0a,6b475483-1625-4f2c-b117-351cf1655410,6b767918-233a-466f-8a09-289b295c7d6f,428,31,93,2025-01-01T00:00:00
d505274e-6213-4b91-871e-681481e0caa8,6b475483-1625-4f2c-b117-351cf1655410,0962d35c-a6e8-4eca-baa5-2a0042694d94,192,30,60,2025-01-01T00:00:00
ac216f7d-ff5b-49c1-87d2-0853942c876d,ddf8f739-f37c-408f-a2b1-4f8d4127d422,0962d35c-a6e8-4eca-baa5-2a0042694d94,455,36,144,2025-01-01T00:00:00
cc57a5d6-0389-4023-8ded-15d720449343,ddf8f739-f37c-408f-a2b1-4f8d4127d422,ccb957cd-dfcb-4bd6-9734-bb8509a44acb,434,11,33,2025-01-01T00:00:00
7ace34d3-c07b-4f94-90ca-bc448f78046e,ddf8f739-f37c-408f-a2b1-4f8d4127d422,6b767918-233a-466f-8a09-289b295c7d6f,483,31,124,2025-01-01T00:00:00
704314d9-1205-4651-bf26-b1bd5fa4ffc3,1360ad3c-8e40-4cc2-bd36-fbe041a68aa3,ccb957cd-dfcb-4bd6-9734-bb8509a44acb,155,44,88,2025-01-01T00:00:00
b91cd4bc-d26f-4b82-bb8b-fe4ee9f705a6,e51e77e7-dd7b-4b92-bb09-9b63885b9ee3,0962d35c-a6e8-4eca-baa5-2a0042694d94,177,24,120,2025-01-01T00:00:00
c949f62c-1db0-44bd-bb21-90c1949eaaa4,e51e77e7-dd7b-4b92-bb09-9b63885b9ee3,55ab4457-f0ec-4980-a436-2143da3feebb,316,30,90,2025-01-01T00:00:00
e6fdddd6-048d-42af-999a-e3dbd1c38399,e51e77e7-dd7b-4b92-bb09-9b63885b9ee3,ccb957cd-dfcb-4bd6-9734-bb8509a44acb,276,50,100,2025-01-01T00:00:00
d7e428a2-e656-45a7-b354-72d765312f8b,00ede939-073c-446d-8072-4a605f0a5e70,ccb957cd-dfcb-4bd6-9734-bb8509a44acb,495,41,82,2025-01-01T00:00:00
0c090d9d-29e0-4930-97b0-1b7dd6377fd0,8131c7ee-af84-4d9e-9b47-bf8565df23fb,ccb957cd-dfcb-4bd6-9734-bb8509a44acb,76,50,150,2025-01-01T00:00:00
91e1f7fe-7b20-4510-bcee-54e25c34396e,dc9a1aa5-fde8-4582-b113-bd697b75593a,0962d35c-a6e8-4eca-baa5-2a0042694d94,114,15,45,2025-01-01T00:00:00
8040fd15-61fb-4b2b-ab67-bb2094938f16,a309c1dc-5aa3-4dbd-b16e-08fef8debb43,0962d35c-a6e8-4eca-baa5-2a0042694d94,331,23,69,2025-01-01T00:00:00
d13618b3-1ad2-4179-ad21-3db14e1f7b98,a309c1dc-5aa3-4dbd-b16e-08fef8debb43,ccb957cd-dfcb-4bd6-9734-bb8509a44acb,309,15,75,2025-01-01T00:00:00
4e018e5d-5dfa-48f5-8ea0-370463a9ea38,a309c1dc-5aa3-4dbd-b16e-08fef8debb43,6b767918-233a-466f-8a09-289b295c7d6f,421,39,156,2025-01-01T00:00:00
394bb902-b8b1-42f0-afd4-8e134ab48a9e,f0541c66-02a9-4f29-8b7b-978bd961c099,55ab4457-f0ec-4980-a436-2143da3feebb,419,22,66,2025-01-01T00:00:00
240a33ee-3e27-4ff4-ab53-bc5c5fb224ab,00838c15-5890-4bdb-bd1a-420d14f3d80a,55ab4457-f0ec-4980-a436-2143da3feebb,140,48,144,2025-01-01T00:00:00
d3664ac9-4f27-4e35-9655-df872fb1b56b,00838c15-5890-4bdb-bd1a-420d14f3d80a,0962d35c-a6e8-4eca-baa5-2a0042694d94,205,28,140,2025-01-01T00:00:00
ff10f8ee-0a8d-4948-9d89-6a6d5e6b6c3b,2b459446-db1d-415c-8375-51e0682d2aff,ccb957cd-dfcb-4bd6-9734-bb8509a44acb,153,27,135,2025-01-01T00:00:00
4fb68bea-58a4-4b5c-8d14-1f135d6b840f,2b459446-db1d-415c-8375-51e0682d2aff,0962d35c-a6e8-4eca-baa5-2a0042694d94,90,33,165,2025-01-01T00:00:00
2fd5a407-9053-4904-b96d-8b0d809f0dae,2b459446-db1d-415c-8375-51e0682d2aff,6b767918-233a-466f-8a09-289b295c7d6f,243,20,100,2025-01-01T00:00:00
4de98666-a91c-4502-8d36-8d70b720c635,a06f1df5-be73-410d-8c85-d463df710286,ccb957cd-dfcb-4bd6-9734-bb8509a44acb,266,42,210,2025-01-01T00:00:00
36f5c326-d57d-4787-8a34-2f704869b448,a06f1df5-be73-410d-8c85-d463df710286,55ab4457-f0ec-4980-a436-2143da3feebb,439,19,95,2025-01-01T00:00:00
8a03e0f3-1b6d-4acc-a256-9f29e92fac5c,041545d2-8183-4673-858f-240559cd6542,55ab4457-f0ec-4980-a436-2143da3feebb,440,34,170,2025-01-01T00:00:00
d50982a4-969d-4490-b57d-d9ef40596d29,e8818356-c705-4504-b056-4d518099ac1f,55ab4457-f0ec-4980-a436-2143da3feebb,438,29,87,2025-01-01T00:00:00
2665a188-82c9-4681-8e82-28b991ebc2b4,36fcfa46-2e95-4e66-beeb-6a3e49bb3f2f,6b767918-233a-466f-8a09-289b295c7d6f,422,21,84,2025-01-01T00:00:00
8950edc2-9969-4d6d-9f74-ba6177e3d5c8,36fcfa46-2e95-4e66-beeb-6a3e49bb3f2f,55ab4457-f0ec-4980-a436-2143da3feebb,244,39,156,2025-01-01T00:00:00
411f8551-6000-4195-bea9-2208a6e16255,36fcfa46-2e95-4e66-beeb-6a3e49bb3f2f,0962d35c-a6e8-4eca-baa5-2a0042694d94,282,28,140,2025-01-01T00:00:00
a6801207-42ec-4f9c-bbf5-e5da53c81a4c,7b28a0f8-13c6-4dab-9a76-c4590d89acba,0962d35c-a6e8-4eca-baa5-2a0042694d94,360,40,80,2025-01-01T00:00:00
0eb58f1a-d7f4-41cd-9c54-384dc316d300,7b28a0f8-13c6-4dab-9a76-c4590d89acba,ccb957cd-dfcb-4bd6-9734-bb8509a44acb,220,18,90,2025-01-01T00:00:00
771f8fda-a49e-42ca-825f-8b2304a4fe35,7b28a0f8-13c6-4dab-9a76-c4590d89acba,6b767918-233a-466f-8a09-289b295c7d6f,150,19,57,2025-01-01T00:00:00
a3d4e5fb-4354-482d-9b57-3f9969c53ea7,85a27422-3d2d-415f-a2ed-46b9c2024e8a,6b767918-233a-466f-8a09-289b295c7d6f,56,42,168,2025-01-01T00:00:00
a80e84ae-18aa-4b49-ab70-0f07d1e6f55a,58a47ebd-7b4d-4e0c-b52a-1fe0fc047592,6b767918-233a-466f-8a09-289b295c7d6f,257,36,180,2025-01-01T00:00:00
6a5ae0c3-3aeb-48e4-bbea-7079e1ff473d,58a47ebd-7b4d-4e0c-b52a-1fe0fc047592,ccb957cd-dfcb-4bd6-9734-bb8509a44acb,430,33,165,2025-01-01T00:00:00
03d37259-5403-48e8-be8f-1038b6401189,e5bbbba8-1298-4abc-9a8b-ef824b3e89bc,6b767918-233a-466f-8a09-289b295c7d6f,207,47,94,2025-01-01T00:00:00
b229e7e1-32e2-4a09-a178-be586e728408,e5bbbba8-1298-4abc-9a8b-ef824b3e89bc,ccb957cd-dfcb-4bd6-9734-bb8509a44acb,259,12,24,2025-01-01T00:00:00
37cb49d0-ea9b-452a-a8d5-019564e92b1e,2c02c0be-d80b-4095-915c-0b5a0400b506,ccb957cd-dfcb-4bd6-9734-bb8509a44acb,339,20,60,2025-01-01T00:00:00
682880a2-d10e-42d2-a452-1e5e2cef6b47,2c02c0be-d80b-4095-915c-0b5a0400b506,6b767918-233a-466f-8a09-289b295c7d6f,440,37,148,2025-01-01T00:00:00
18b584bc-e3d0-4297-9584-03478287d5c6,a6554f7a-700f-410a-a605-462abe79814a,6b767918-233a-466f-8a09-289b295c7d6f,228,42,210,2025-01-01T00:00:00
f45fec5e-24a2-4c50-b401-c85dbb1e237f,a6554f7a-700f-410a-a605-462abe79814a,ccb957cd-dfcb-4bd6-9734-bb8509a44acb,375,33,66,2025-01-01T00:00:00
f7004c73-8011-4a02-ba89-28892071128d,a6554f7a-700f-410a-a605-462abe79814a,55ab4457-f0ec-4980-a436-2143da3feebb,383,34,170,2025-01-01T00:00:00
479b2e35-a70f-4e88-bf87-e456c865ed42,5d9bf8bc-47e8-480b-9014-1cd9fc45a9c4,0962d35c-a6e8-4eca-baa5-2a0042694d94,176,25,125,2025-01-01T00:00:00
b90e1ade-792c-43a6-a25b-5533a428d420,5d9bf8bc-47e8-480b-9014-1cd9fc45a9c4,ccb957cd-dfcb-4bd6-9734-bb8509a44acb,67,33,66,2025-01-01T00:00:00
d6fdb827-2c0e-467e-9c8f-bfe2a8ea791e,5d9bf8bc-47e8-480b-9014-1cd9fc45a9c4,6b767918-233a-466f-8a09-289b295c7d6f,407,19,76,2025-01-01T00:00:00
52f3c28e-669e-44c0-aeae-06fdae131c3d,a704fc2e-b4e7-4ca4-b48f-749a867e4173,55ab4457-f0ec-4980-a436-2143da3feebb,283,19,76,2025-01-01T00:00:00
d5713e6a-b0f9-4471-8637-b195906872b0,a704fc2e-b4e7-4ca4-b48f-749a867e4173,0962d35c-a6e8-4eca-baa5-2a0042694d94,176,48,144,2025-01-01T00:00:00
77a4ed3b-8ab2-4ec5-9eac-57db15de3891,a704fc2e-b4e7-4ca4-b48f-749a867e4173,ccb957cd-dfcb-4bd6-9734-bb8509a44acb,56,17,34,2025-01-01T00:00:00
193519ee-c21f-4b02-a61b-7c7b7c59bd3a,f7aca668-829b-4b56-9d65-bce00d23e11b,ccb957cd-dfcb-4bd6-9734-bb8509a44acb,414,34,170,2025-01-01T00:00:00
a4958ddf-356f-412f-b187-feba19da7a03,f7aca668-829b-4b56-9d65-bce00d23e11b,6b767918-233a-466f-8a09-289b295c7d6f,411,47,94,2025-01-01T00:00:00
eefe74f3-0609-42f4-84ec-eeeec43fa4eb,f7aca668-829b-4b56-9d65-bce00d23e11b,0962d35c-a6e8-4eca-baa5-2a0042694d94,315,22,110,2025-01-01T00:00:00
4ef18140-47c8-4806-940a-7fd67bb75cbd,17e6d579-beb4-4588-b8a0-bb101da944ac,6b767918-233a-466f-8a09-289b295c7d6f,474,37,148,2025-01-01T00:00:00
beae80a9-2609-4341-b56c-c7977581bd54,a83d72ad-c7a6-4895-99e4-e9c92be3bd1d,ccb957cd-dfcb-4bd6-9734-bb8509a44acb,204,42,210,2025-01-01T00:00:00
e21539e3-b49e-44a6-8891-ef81c86f7cc1,a83d72ad-c7a6-4895-99e4-e9c92be3bd1d,6b767918-233a-466f-8a09-289b295c7d6f,350,29,145,2025-01-01T00:00:00
e0483d59-8383-47ee-b2a5-8dd20b41e78e,a83d72ad-c7a6-4895-99e4-e9c92be3bd1d,55ab4457-f0ec-4980-a436-2143da3feebb,435,15,30,2025-01-01T00:00:00
f7638d51-e062-4144-91af-32bfd0f01169,6f638e12-4a21-461f-9f90-a69409c37bb2,0962d35c-a6e8-4eca-baa5-2a0042694d94,343,32,96,2025-01-01T00:00:00
f20cd4a8-1a79-494c-b007-f784ca521409,6f638e12-4a21-461f-9f90-a69409c37bb2,55ab4457-f0ec-4980-a436-2143da3feebb,187,23,115,2025-01-01T00:00:00
b7760e3e-8633-41dc-8ad9-fe604d7f5afd,6f638e12-4a21-461f-9f90-a69409c37bb2,6b767918-233a-466f-8a09-289b295c7d6f,407,29,58,2025-01-01T00:00:00
ddc050de-097f-4177-beb4-6ba0c889df39,fb0c89b5-9e5c-4ad9-a903-a60bd28b92ee,ccb957cd-dfcb-4bd6-9734-bb8509a44acb,467,41,82,2025-01-01T00:00:00
f0cd9a6a-cdfe-44d7-88fd-bb3725d36259,4b080d0f-0274-4f84-bab2-f20890b76d3c,0962d35c-a6e8-4eca-baa5-2a0042694d94,85,36,180,2025-01-01T00:00:00
d4d71a46-932f-4f70-91d9-f47d01cbd983,ef84c682-cb00-443f-b43b-03058e6f44c3,ccb957cd-dfcb-4bd6-9734-bb8509a44acb,197,37,111,2025-01-01T00:00:00
696d34c5-d27f-4eee-a10d-62527f582291,ef84c682-cb00-443f-b43b-03058e6f44c3,0962d35c-a6e8-4eca-baa5-2a0042694d94,140,33,99,2025-01-01T00:00:00
1beb06d4-66b1-4a42-94fb-e031bb2256f8,ef84c682-cb00-443f-b43b-03058e6f44c3,55ab4457-f0ec-4980-a436-2143da3feebb,410,18,54,2025-01-01T00:00:00
4e4bf41c-10ea-49ff-958c-faaa5dc959b3,cee3d979-7d6c-4600-9f12-4b4db3adf7b1,ccb957cd-dfcb-4bd6-9734-bb8509a44acb,143,42,84,2025-01-01T00:00:00
a2dbae62-a94e-429c-b976-c72261c124dc,cee3d979-7d6c-4600-9f12-4b4db3adf7b1,6b767918-233a-466f-8a09-289b295c7d6f,280,46,138,2025-01-01T00:00:00
9c0314f3-7d56-46f6-b7ec-50975c031d8c,c9cc4c81-e01b-4e78-9738-61d08fd53dcc,6b767918-233a-466f-8a09-289b295c7d6f,152,13,39,2025-01-01T00:00:00
7064b097-b5a6-44da-88a8-86f5c2b93936,2dd345c5-2fd1-410e-be08-d76851dd1383,55ab4457-f0ec-4980-a436-2143da3feebb,182,36,180,2025-01-01T00:00:00
def348d1-135e-47cf-bfbd-b50cda8af05f,ff653d54-683d-418a-9c52-7add77d080c7,ccb957cd-dfcb-4bd6-9734-bb8509a44acb,369,16,48,2025-01-01T00:00:00
64077d94-2272-4b0c-83aa-1b91154b2b6d,ff653d54-683d-418a-9c52-7add77d080c7,6b767918-233a-466f-8a09-289b295c7d6f,90,28,56,2025-01-01T00:00:00
8755f49b-73b1-4aec-922e-5529a4cf0ef0,ff653d54-683d-418a-9c52-7add77d080c7,0962d35c-a6e8-4eca-baa5-2a0042694d94,243,17,68,2025-01-01T00:00:00
2a48c4eb-1edc-458a-9040-e56eb1a3df28,4082492b-d30c-4b46-8d3c-88e20224cecf,6b767918-233a-466f-8a09-289b295c7d6f,225,11,33,2025-01-01T00:00:00
ad1bd790-5fdb-4da3-ad68-c92752e61695,fed431d2-bca8-41f0-8541-b746582a4a15,ccb957cd-dfcb-4bd6-9734-bb8509a44acb,298,16,32,2025-01-01T00:00:00
572b3111-25b1-471e-a151-5a64d1918caf,fed431d2-bca8-41f0-8541-b746582a4a15,0962d35c-a6e8-4eca-baa5-2a0042694d94,81,27,54,2025-01-01T00:00:00
819dea54-f92a-4c36-be79-fe72ab0e3939,9ea7c217-eace-4875-9bde-db30c286656d,0962d35c-a6e8-4eca-baa5-2a0042694d94,348,12,24,2025-01-01T00:00:00
faf241cd-6fe0-47f0-8d7e-0803d7abcba5,9ea7c217-eace-4875-9bde-db30c286656d,6b767918-233a-466f-8a09-289b295c7d6f,158,43,86,2025-01-01T00:00:00
010c5f2d-b32e-42d1-a573-c4763a21eff2,9ea7c217-eace-4875-9bde-db30c286656d,ccb957cd-dfcb-4bd6-9734-bb8509a44acb,242,48,192,2025-01-01T00:00:00
79e13230-d8ed-49da-a83a-8625f0900e02,062f4232-dde5-4162-a676-8efc5ba4b082,6b767918-233a-466f-8a09-289b295c7d6f,292,31,155,2025-01-01T00:00:00
13ec3e4a-49e9-4235-9870-16d412d18dab,062f4232-dde5-4162-a676-8efc5ba4b082,0962d35c-a6e8-4eca-baa5-2a0042694d94,222,33,132,2025-01-01T00:00:00
fc0b1234-4295-4878-bc9d-b5354abac3f4,d0419f61-bff9-4cce-89cb-8694555f3dc4,ccb957cd-dfcb-4bd6-9734-bb8509a44acb,468,25,100,2025-01-01T00:00:00
f865a89e-f5fd-4da5-a0ec-86eb8876e88b,d0419f61-bff9-4cce-89cb-8694555f3dc4,6b767918-233a-466f-8a09-289b295c7d6f,390,35,175,2025-01-01T00:00:00
636f5d1f-009c-4641-8c92-3a98ba52ac73,b4617aaf-834d-41d3-a2f3-c92322c625ab,55ab4457-f0ec-4980-a436-2143da3feebb,79,32,128,2025-01-01T00:00:00
f9fd31ff-109b-42ae-bbf6-e96a764f6161,b4617aaf-834d-41d3-a2f3-c92322c625ab,0962d35c-a6e8-4eca-baa5-2a0042694d94,462,16,32,2025-01-01T00:00:00
bd5b9297-2341-4c59-85b8-ddc698dbb10b,b4617aaf-834d-41d3-a2f3-c92322c625ab,6b767918-233a-466f-8a09-289b295c7d6f,283,35,105,2025-01-01T00:00:00
91b183e9-6964-45ec-9069-c72f3c513a0e,901933a7-9c8b-4c91-90a7-9d99e2ecb51e,0962d35c-a6e8-4eca-baa5-2a0042694d94,358,17,68,2025-01-01T00:00:00
79081814-14e9-4290-99c1-be80045afe30,fed134d3-7744-4a01-9063-4716a7e69335,55ab4457-f0ec-4980-a436-2143da3feebb,434,25,100,2025-01-01T00:00:00
f3943e7b-7370-4ecb-9c4c-4e174aba5884,fed134d3-7744-4a01-9063-4716a7e69335,0962d35c-a6e8-4eca-baa5-2a0042694d94,281,49,245,2025-01-01T00:00:00
44dda2a4-9973-4238-a627-9fc40d2946c8,fed134d3-7744-4a01-9063-4716a7e69335,6b767918-233a-466f-8a09-289b295c7d6f,313,36,108,2025-01-01T00:00:00
8d799049-a5fb-4f2f-b340-4eb0d1f93d9f,8fcabcda-6030-4dc7-a86a-a2a05b666573,0962d35c-a6e8-4eca-baa5-2a0042694d94,376,30,60,2025-01-01T00:00:00
2280bce7-84d0-43d0-8677-5921347bb658,e93ea70c-701d-4843-b874-8a06903856e2,0962d35c-a6e8-4eca-baa5-2a0042694d94,234,12,48,2025-01-01T00:00:00
2c9ddd11-7f87-44e9-8617-e6b0ec6924b4,e93ea70c-701d-4843-b874-8a06903856e2,6b767918-233a-466f-8a09-289b295c7d6f,397,38,114,2025-01-01T00:00:00
3275d949-6296-41d0-9c3d-4d3d7ccc59b9,e93ea70c-701d-4843-b874-8a06903856e2,55ab4457-f0ec-4980-a436-2143da3feebb,360,41,205,2025-01-01T00:00:00
2501b1bb-5435-4621-aeca-36b1a001bad1,fc712a28-28df-41e5-a702-13eaf57e66da,6b767918-233a-466f-8a09-289b295c7d6f,363,15,60,2025-01-01T00:00:00
b6339037-033c-4f27-aad6-8c1c9b706e3c,fc712a28-28df-41e5-a702-13eaf57e66da,55ab4457-f0ec-4980-a436-2143da3feebb,269,40,80,2025-01-01T00:00:00
940a9fae-7722-478b-a206-e027dccd8d6e,fc712a28-28df-41e5-a702-13eaf57e66da,ccb957cd-dfcb-4bd6-9734-bb8509a44acb,425,34,136,2025-01-01T00:00:00
2ecc329e-e15a-4c79-aebe-596ab674c5b0,c3034392-46c0-4de7-a693-1ab0b84f702a,0962d35c-a6e8-4eca-baa5-2a0042694d94,149,19,38,2025-01-01T00:00:00
a9eea652-e22a-4633-b9b8-9d459f07e523,c3034392-46c0-4de7-a693-1ab0b84f702a,55ab4457-f0ec-4980-a436-2143da3feebb,115,41,82,2025-01-01T00:00:00
79c634dc-d937-43b1-88bd-d5b564bb5abd,c3034392-46c0-4de7-a693-1ab0b84f702a,6b767918-233a-466f-8a09-289b295c7d6f,204,45,225,2025-01-01T00:00:00
b5a0c56b-2cdb-48c7-8c7c-f98e9a6f408a,eba20569-8673-43b9-b7b0-b4d93a0ca3c1,6b767918-233a-466f-8a09-289b295c7d6f,278,17,85,2025-01-01T00:00:00
5e96c53c-d3d5-4714-aed4-6ab805d5d547,f223efa7-fbe6-41a6-9dcd-04d5ebc9135d,ccb957cd-dfcb-4bd6-9734-bb8509a44acb,326,25,75,2025-01-01T00:00:00
14f296ec-43b0-4ef0-9fd0-3153ff7bda70,f223efa7-fbe6-41a6-9dcd-04d5ebc9135d,55ab4457-f0ec-4980-a436-2143da3feebb,158,20,40,2025-01-01T00:00:00
2ac0d10b-ac72-444e-b2d9-8ecbf2d0998a,f223efa7-fbe6-41a6-9dcd-04d5ebc9135d,6b767918-233a-466f-8a09-289b295c7d6f,104,37,74,2025-01-01T00:00:00
5e3b5842-69ba-4fd8-9922-25039c37f063,84dd0a72-73a2-4ea0-8d52-b06fb2e593ff,6b767918-233a-466f-8a09-289b295c7d6f,217,34,136,2025-01-01T00:00:00
97185793-77cd-48ad-a601-392a9045c42b,e259aa2b-f987-4681-9d87-a00ba94312e3,6b767918-233a-466f-8a09-289b295c7d6f,418,26,130,2025-01-01T00:00:00
94f9d894-df58-41ab-b8f3-2492d8495cdb,c87f3c25-eddf-4b9e-a319-3b7deb6830a5,0962d35c-a6e8-4eca-baa5-2a0042694d94,113,18,90,2025-01-01T00:00:00
217a64cc-b457-4203-ab4e-7fb873c759bb,c87f3c25-eddf-4b9e-a319-3b7deb6830a5,ccb957cd-dfcb-4bd6-9734-bb8509a44acb,96,31,93,2025-01-01T00:00:00
c683e2e3-eba4-427c-92b2-31f2f7f63217,c87f3c25-eddf-4b9e-a319-3b7deb6830a5,55ab4457-f0ec-4980-a436-2143da3feebb,344,48,96,2025-01-01T00:00:00
fc0eded3-5d71-442b-989f-7041c70d9dc0,b717d59b-5114-4a6f-9c47-4a9fdf1e17ac,ccb957cd-dfcb-4bd6-9734-bb8509a44acb,225,34,170,2025-01-01T00:00:00
63bde3ba-0f07-45f1-826b-9db13cec3322,b717d59b-5114-4a6f-9c47-4a9fdf1e17ac,6b767918-233a-466f-8a09-289b295c7d6f,384,45,225,2025-01-01T00:00:00
5d81ff07-8815-4edd-b3d3-16ed7aafa5a9,b717d59b-5114-4a6f-9c47-4a9fdf1e17ac,0962d35c-a6e8-4eca-baa5-2a0042694d94,463,24,72,2025-01-01T00:00:00
e0692dcb-0fce-4731-bc70-f56bc3a94696,5339f8f9-628b-4553-aba6-c933b58891f6,55ab4457-f0ec-4980-a436-2143da3feebb,109,28,56,2025-01-01T00:00:00
edc8bee4-1a48-4775-b646-328b220517b1,5339f8f9-628b-4553-aba6-c933b58891f6,0962d35c-a6e8-4eca-baa5-2a0042694d94,107,15,60,2025-01-01T00:00:00
2381b1a1-5ab9-4c76-961d-5e6d1e7dd778,e366f76e-01bb-4b12-89e3-a3ebacf86d96,0962d35c-a6e8-4eca-baa5-2a0042694d94,353,22,44,2025-01-01T00:00:00
6e768e64-114f-4074-bcf6-57c1ce471d4e,e366f76e-01bb-4b12-89e3-a3ebacf86d96,6b767918-233a-466f-8a09-289b295c7d6f,343,33,99,2025-01-01T00:00:00
15e90c98-14bd-41e8-a827-7b53082e4573,e366f76e-01bb-4b12-89e3-a3ebacf86d96,ccb957cd-dfcb-4bd6-9734-bb8509a44acb,486,30,150,2025-01-01T00:00:00
04ca53e8-4a24-483c-b43e-6fa7f18f3a0e,cdc27fd2-ac6d-4a61-9f00-82f939c8b945,6b767918-233a-466f-8a09-289b295c7d6f,427,10,40,2025-01-01T00:00:00
d806b7f2-48e1-4c7d-8c1e-08df5052659d,cdc27fd2-ac6d-4a61-9f00-82f939c8b945,ccb957cd-dfcb-4bd6-9734-bb8509a44acb,81,47,141,2025-01-01T00:00:00
87e67e35-540e-4a7b-a7da-9929f99ad198,cdc27fd2-ac6d-4a61-9f00-82f939c8b945,55ab4457-f0ec-4980-a436-2143da3feebb,483,34,170,2025-01-01T00:00:00
4c8846ea-4d44-4597-a3e2-a5b057840a66,15446c91-e271-412f-a45d-c7e4d5cd3a02,6b767918-233a-466f-8a09-289b295c7d6f,444,33,99,2025-01-01T00:00:00
354bc7f2-4998-40c0-a305-6891868b35c8,15446c91-e271-412f-a45d-c7e4d5cd3a02,0962d35c-a6e8-4eca-baa5-2a0042694d94,316,48,144,2025-01-01T00:00:00
b283619f-8746-43b7-9d65-afd8be4d9b39,7984bb8a-903a-4d97-9d87-764c832df283,55ab4457-f0ec-4980-a436-2143da3feebb,252,10,50,2025-01-01T00:00:00
8e958518-a86d-4389-b8e6-9e4dc39a57dc,c6f727ad-b92d-461b-9993-3290a631f397,55ab4457-f0ec-4980-a436-2143da3feebb,124,28,84,2025-01-01T00:00:00
2f31f220-3def-4217-b505-8524a5d367e6,c6f727ad-b92d-461b-9993-3290a631f397,0962d35c-a6e8-4eca-baa5-2a0042694d94,305,39,117,2025-01-01T00:00:00
aac8bcc3-ded8-463c-96a5-41a3f3210d20,c3256a7c-b886-4192-bfce-03454079660f,55ab4457-f0ec-4980-a436-2143da3feebb,195,19,38,2025-01-01T00:00:00
1bddeb67-52ae-4598-a55c-bf1bc6450a4e,c3256a7c-b886-4192-bfce-03454079660f,6b767918-233a-466f-8a09-289b295c7d6f,356,30,120,2025-01-01T00:00:00
4b3ea373-fc58-4517-9fb4-0dcc4396844c,c3256a7c-b886-4192-bfce-03454079660f,0962d35c-a6e8-4eca-baa5-2a0042694d94,307,17,68,2025-01-01T00:00:00
4a260f58-1dea-45c3-aa2f-c4da6fd21603,7c291bd7-b4c6-4bd2-934f-cbc5fca7bfd2,ccb957cd-dfcb-4bd6-9734-bb8509a44acb,343,40,120,2025-01-01T00:00:00
bf7f07f8-9d9b-4ade-a676-43782591060b,7c291bd7-b4c6-4bd2-934f-cbc5fca7bfd2,0962d35c-a6e8-4eca-baa5-2a0042694d94,303,28,140,2025-01-01T00:00:00
f169ef6d-d9b3-4346-b8e4-c65dd11908d7,7c291bd7-b4c6-4bd2-934f-cbc5fca7bfd2,6b767918-233a-466f-8a09-289b295c7d6f,80,31,93,2025-01-01T00:00:00
6531e925-118c-42a3-ac67-e39600d35fbc,146339ea-a7c8-489b-a2df-fa14465238ec,6b767918-233a-466f-8a09-289b295c7d6f,157,24,48,2025-01-01T00:00:00
db51de86-893f-4284-aa4b-b6f4ad0ffd89,146339ea-a7c8-489b-a2df-fa14465238ec,ccb957cd-dfcb-4bd6-9734-bb8509a44acb,493,21,105,2025-01-01T00:00:00
1e3d6b00-76da-496c-8b19-64d4c8a48c7d,146339ea-a7c8-489b-a2df-fa14465238ec,55ab4457-f0ec-4980-a436-2143da3feebb,422,35,140,2025-01-01T00:00:00
b848028a-b002-4da8-958b-ef16965d544b,5cb997d2-024e-4704-bce4-ceac8e358957,ccb957cd-dfcb-4bd6-9734-bb8509a44acb,484,20,40,2025-01-01T00:00:00
18b11ce9-d2b8-4a58-a558-fb4f76dc1b77,5cb997d2-024e-4704-bce4-ceac8e358957,55ab4457-f0ec-4980-a436-2143da3feebb,330,35,140,2025-01-01T00:00:00
0f2d34f0-ac55-4148-85f5-6ad4f8b1e9f4,5cb997d2-024e-4704-bce4-ceac8e358957,6b767918-233a-466f-8a09-289b295c7d6f,266,40,160,2025-01-01T00:00:00
b9b277e2-e536-4905-b871-6d862ab8fb78,47f6d59c-49f2-4d57-8d50-1ebd352191a9,0962d35c-a6e8-4eca-baa5-2a0042694d94,250,14,56,2025-01-01T00:00:00
ae762d52-0a43-4b9e-ac21-dc87f95be248,47f6d59c-49f2-4d57-8d50-1ebd352191a9,55ab4457-f0ec-4980-a436-2143da3feebb,194,22,110,2025-01-01T00:00:00
76ffbdca-acab-4566-8748-9c0d1c2820b7,a7ff40fa-79b0-4ac3-9abc-66b399dabd0b,55ab4457-f0ec-4980-a436-2143da3feebb,117,30,60,2025-01-01T00:00:00
2cbb5623-957e-4448-ad1e-05aeb0370e10,33aff7d7-1dbe-4210-af01-5b0e248a45d2,ccb957cd-dfcb-4bd6-9734-bb8509a44acb,205,39,117,2025-01-01T00:00:00
5a39fec0-b986-4eb9-bf90-eb8da84df478,33aff7d7-1dbe-4210-af01-5b0e248a45d2,0962d35c-a6e8-4eca-baa5-2a0042694d94,345,18,90,2025-01-01T00:00:00
7af58328-456c-4f40-b7cc-863f1a3b4f17,33aff7d7-1dbe-4210-af01-5b0e248a45d2,55ab4457-f0ec-4980-a436-2143da3feebb,406,40,160,2025-01-01T00:00:00
97c9bb22-3b26-4d90-a6e0-bde685097c7d,ff17e11c-7dcc-4f6c-9f58-291256896ee2,0962d35c-a6e8-4eca-baa5-2a0042694d94,157,23,69,2025-01-01T00:00:00
36bd1fa6-7a53-4486-bae7-ada1991f9ea5,36bbdbfe-8537-483e-9c36-96c6ec93bc9d,e27df25e-c09e-4e8b-93d9-11ef7be3c806,383,10,40,2025-01-01T00:00:00
42051cbd-3368-44b1-89f4-6a7d37788e8f,36bbdbfe-8537-483e-9c36-96c6ec93bc9d,a07bb1e9-e002-4bd3-8be2-ae978aece1a1,421,46,92,2025-01-01T00:00:00
e1ddd7ae-a118-4a46-baf4-649e4774b09b,36bbdbfe-8537-483e-9c36-96c6ec93bc9d,b77f9b19-e3f1-4ecd-a1ba-b48d079eb36c,397,19,95,2025-01-01T00:00:00
90ad876e-d821-4aa0-af7d-bf11c717c43b,a65cbc0c-df3f-433a-a37f-a44650deedaf,b77f9b19-e3f1-4ecd-a1ba-b48d079eb36c,397,20,40,2025-01-01T00:00:00
711ce8a3-a232-4b7d-b215-ba85b11c16dd,a65cbc0c-df3f-433a-a37f-a44650deedaf,a07bb1e9-e002-4bd3-8be2-ae978aece1a1,99,32,160,2025-01-01T00:00:00
16ffeb20-4aa0-4360-bfbf-86bafb27913b,7ece1a16-3f14-40d0-92be-b7ea1f1db388,a07bb1e9-e002-4bd3-8be2-ae978aece1a1,76,17,68,2025-01-01T00:00:00
be08e053-9dbd-4545-afdb-8465234ad88e,db004662-ba52-4929-bb75-9c00bf1a1365,62064292-9471-4874-ae4a-cb0ef27d57d4,272,19,95,2025-01-01T00:00:00
83e5d437-63c3-48ac-aa1e-8922deac4169,db004662-ba52-4929-bb75-9c00bf1a1365,a07bb1e9-e002-4bd3-8be2-ae978aece1a1,175,12,24,2025-01-01T00:00:00
f92a54a6-5d5b-4282-9b41-6b9b0c5fcfff,db004662-ba52-4929-bb75-9c00bf1a1365,e27df25e-c09e-4e8b-93d9-11ef7be3c806,173,35,175,2025-01-01T00:00:00
2e66ae67-57b0-4342-8a06-4571f9f675db,6105276d-869b-4e00-8106-14aa06599c99,e27df25e-c09e-4e8b-93d9-11ef7be3c806,402,48,144,2025-01-01T00:00:00
f9044fd6-c46d-4566-bced-b7033b384f4e,6105276d-869b-4e00-8106-14aa06599c99,a07bb1e9-e002-4bd3-8be2-ae978aece1a1,384,34,68,2025-01-01T00:00:00
011ab820-8d3d-4944-a801-b6224db4342e,0c56b02e-618c-4667-9e74-c04be80d5bb6,62064292-9471-4874-ae4a-cb0ef27d57d4,492,34,136,2025-01-01T00:00:00
de759354-0a31-49ce-a6cf-a596763b15d7,0c56b02e-618c-4667-9e74-c04be80d5bb6,a07bb1e9-e002-4bd3-8be2-ae978aece1a1,373,38,152,2025-01-01T00:00:00
1137d39b-b038-48ac-a63c-1531fcea7f9d,b4cd3b6d-8811-402d-9c4e-48c80c58ee3d,e27df25e-c09e-4e8b-93d9-11ef7be3c806,111,17,34,2025-01-01T00:00:00
a4a1d910-6ece-43a9-b90b-0b41203fd8d5,ebda3fd8-fe10-4f44-aefa-20e53d198872,e27df25e-c09e-4e8b-93d9-11ef7be3c806,300,42,126,2025-01-01T00:00:00
e6658d98-b02c-48b8-a488-a8e2e127eeec,ce975174-feee-4cc8-8f12-ecd116557c27,b77f9b19-e3f1-4ecd-a1ba-b48d079eb36c,350,46,230,2025-01-01T00:00:00
8780e4fd-0809-4f36-bda8-14393184f9e1,8c417c71-eb82-4dbc-a0ca-764f1fcea7da,e27df25e-c09e-4e8b-93d9-11ef7be3c806,405,16,48,2025-01-01T00:00:00
0d0d4638-6b3b-4d60-b621-33af69bf9610,8c417c71-eb82-4dbc-a0ca-764f1fcea7da,b77f9b19-e3f1-4ecd-a1ba-b48d079eb36c,246,40,200,2025-01-01T00:00:00
9f2eb5bb-f977-487d-8b2e-35243635f5bb,22a838e8-32a0-4c2b-bd3f-a05974078d0e,62064292-9471-4874-ae4a-cb0ef27d57d4,342,18,36,2025-01-01T00:00:00
1b544d68-9900-46af-b2ca-5d48c924572b,22a838e8-32a0-4c2b-bd3f-a05974078d0e,b77f9b19-e3f1-4ecd-a1ba-b48d079eb36c,216,14,42,2025-01-01T00:00:00
c37619ee-862c-4c8c-b8d4-216b5f334cba,de23341a-1818-4566-95e9-37a6927002d2,a07bb1e9-e002-4bd3-8be2-ae978aece1a1,466,11,55,2025-01-01T00:00:00
d4fea808-3239-4fb1-ac1d-7c8225c41f92,de23341a-1818-4566-95e9-37a6927002d2,e27df25e-c09e-4e8b-93d9-11ef7be3c806,334,44,220,2025-01-01T00:00:00
e0a17a34-a2ab-490d-8d50-7050150e0df2,90cd1bcf-6e90-4742-8acb-e8071474108b,b77f9b19-e3f1-4ecd-a1ba-b48d079eb36c,315,47,94,2025-01-01T00:00:00
6078866a-3bd5-4c40-9af0-948804217625,34019bcc-b158-475b-8c84-db33f9f1767a,b77f9b19-e3f1-4ecd-a1ba-b48d079eb36c,387,17,51,2025-01-01T00:00:00
c130fabc-1cec-453e-979f-2b11e1f34704,efbe6cb8-c319-4d98-aad1-c9e5c1498c55,b77f9b19-e3f1-4ecd-a1ba-b48d079eb36c,405,21,42,2025-01-01T00:00:00
d322c6b9-09a3-4025-8d6b-f35b7feabaa6,efbe6cb8-c319-4d98-aad1-c9e5c1498c55,62064292-9471-4874-ae4a-cb0ef27d57d4,334,38,152,2025-01-01T00:00:00
ee5ede40-9a0f-420c-a21c-13ae4db2820c,efbe6cb8-c319-4d98-aad1-c9e5c1498c55,a07bb1e9-e002-4bd3-8be2-ae978aece1a1,112,12,36,2025-01-01T00:00:00
eab28064-3c1d-4f34-b53e-9293c4a37983,c826ab84-6113-4055-bbf9-df3ea8934b15,a07bb1e9-e002-4bd3-8be2-ae978aece1a1,155,20,40,2025-01-01T00:00:00
e9c44319-5b18-4fed-9571-ff2ca3b59f97,c826ab84-6113-4055-bbf9-df3ea8934b15,62064292-9471-4874-ae4a-cb0ef27d57d4,337,26,52,2025-01-01T00:00:00
667af311-cf37-464f-a8f8-feb950327dcd,c826ab84-6113-4055-bbf9-df3ea8934b15,b77f9b19-e3f1-4ecd-a1ba-b48d079eb36c,93,17,68,2025-01-01T00:00:00
d5142e10-3518-40fa-891e-176356a3b63c,35581b7f-8487-411f-a431-fc7ceafab5fe,b77f9b19-e3f1-4ecd-a1ba-b48d079eb36c,328,20,100,2025-01-01T00:00:00
b533c912-317e-4ef2-9700-fd3aa4cf5218,35581b7f-8487-411f-a431-fc7ceafab5fe,a07bb1e9-e002-4bd3-8be2-ae978aece1a1,386,10,30,2025-01-01T00:00:00
7384d768-bbcc-4152-b3f2-5d257cd6ebfb,055f364f-d958-4190-97fb-67de6dc15427,e27df25e-c09e-4e8b-93d9-11ef7be3c806,73,43,172,2025-01-01T00:00:00
9cd0bd9d-8906-43c0-b67d-a20ef9f9972d,055f364f-d958-4190-97fb-67de6dc15427,b77f9b19-e3f1-4ecd-a1ba-b48d079eb36c,387,44,220,2025-01-01T00:00:00
0fa97550-c603-4c73-8c09-a8ad593465c8,9c8c434b-b669-4c38-af51-880a479da455,62064292-9471-4874-ae4a-cb0ef27d57d4,345,41,164,2025-01-01T00:00:00
c81a4170-1b4f-4c90-b2b2-f244ee0c3276,410fd65d-9c41-4c90-951b-856d8846c8a9,62064292-9471-4874-ae4a-cb0ef27d57d4,230,48,144,2025-01-01T00:00:00
448b5f58-8d13-4264-853b-9c7f66060592,410fd65d-9c41-4c90-951b-856d8846c8a9,e27df25e-c09e-4e8b-93d9-11ef7be3c806,402,16,32,2025-01-01T00:00:00
932ddd89-78b1-46ee-b1f9-f6bbadd61aba,410fd65d-9c41-4c90-951b-856d8846c8a9,a07bb1e9-e002-4bd3-8be2-ae978aece1a1,171,12,36,2025-01-01T00:00:00
5ee1ca83-754d-48f7-b51d-ee22fa27c3d4,342b9931-4685-47c1-9e5a-0af3c749d35b,62064292-9471-4874-ae4a-cb0ef27d57d4,203,23,69,2025-01-01T00:00:00
b12d5d67-e827-4001-ae50-259402366c0f,6ebb5b48-ab18-4ff1-a87d-0e3554fa95b3,62064292-9471-4874-ae4a-cb0ef27d57d4,332,23,92,2025-01-01T00:00:00
90a642db-b9ef-4b23-a167-f71a6021961a,6ebb5b48-ab18-4ff1-a87d-0e3554fa95b3,a07bb1e9-e002-4bd3-8be2-ae978aece1a1,192,18,90,2025-01-01T00:00:00
522d2d10-85a2-4ec7-88f2-f518df163449,6ebb5b48-ab18-4ff1-a87d-0e3554fa95b3,b77f9b19-e3f1-4ecd-a1ba-b48d079eb36c,88,45,180,2025-01-01T00:00:00
d1a91063-4797-4381-9b13-fc3e5e201ad3,e0d9ec22-10fe-41a4-a368-44e1e4c5e5db,e27df25e-c09e-4e8b-93d9-11ef7be3c806,245,20,100,2025-01-01T00:00:00
74a0dda6-d35f-4843-8475-c47925e2da7c,e0d9ec22-10fe-41a4-a368-44e1e4c5e5db,a07bb1e9-e002-4bd3-8be2-ae978aece1a1,283,15,60,2025-01-01T00:00:00
d75f9510-9a57-488c-8c76-8551eb1875fd,bb4f9326-ec46-4c40-99ac-5993af34b777,b77f9b19-e3f1-4ecd-a1ba-b48d079eb36c,267,19,57,2025-01-01T00:00:00
b480ad01-15a1-4beb-ae40-1e1ce23962ae,bb4f9326-ec46-4c40-99ac-5993af34b777,62064292-9471-4874-ae4a-cb0ef27d57d4,86,50,200,2025-01-01T00:00:00
a8c580f0-684a-4695-a1b7-09eca5b9166d,bb4f9326-ec46-4c40-99ac-5993af34b777,e27df25e-c09e-4e8b-93d9-11ef7be3c806,374,22,88,2025-01-01T00:00:00
fcf7c0f8-1269-4d8a-aa63-80c6505129ef,6f50961f-40a9-427b-9236-4c53b05796ba,a07bb1e9-e002-4bd3-8be2-ae978aece1a1,386,42,126,2025-01-01T00:00:00
0d1449d1-677c-4b74-9587-c5c3ad259be7,6f50961f-40a9-427b-9236-4c53b05796ba,e27df25e-c09e-4e8b-93d9-11ef7be3c806,264,19,76,2025-01-01T00:00:00
fdff4706-8721-4588-8c6b-078dea0697e8,6f50961f-40a9-427b-9236-4c53b05796ba,b77f9b19-e3f1-4ecd-a1ba-b48d079eb36c,453,37,185,2025-01-01T00:00:00
f9aaef48-5288-4586-9f0c-a8c6f92863ce,d8f1caca-e51c-42fa-83ca-ca253b219936,62064292-9471-4874-ae4a-cb0ef27d57d4,359,25,50,2025-01-01T00:00:00
f6ffda83-97c1-4617-8bbe-b8e11f904ce2,05e6886d-c622-40c7-9c04-ec77bcfabb42,b77f9b19-e3f1-4ecd-a1ba-b48d079eb36c,113,44,88,2025-01-01T00:00:00
dbd04691-22e7-466c-90ac-9da52533e15d,05e6886d-c622-40c7-9c04-ec77bcfabb42,a07bb1e9-e002-4bd3-8be2-ae978aece1a1,400,45,225,2025-01-01T00:00:00
3507f1fe-1320-44ab-9480-c0668cf52c21,1af181bd-ad83-4d3a-9cbf-2abd1d72ae76,a07bb1e9-e002-4bd3-8be2-ae978aece1a1,218,50,100,2025-01-01T00:00:00
13f0a34e-b3eb-4b85-8d9d-5b93e99f6858,6e5d4625-ff74-491e-b32f-45dc7eaa3686,62064292-9471-4874-ae4a-cb0ef27d57d4,220,27,81,2025-01-01T00:00:00
14fb668c-8508-4ff2-9965-52295ae85f89,6e5d4625-ff74-491e-b32f-45dc7eaa3686,a07bb1e9-e002-4bd3-8be2-ae978aece1a1,494,24,96,2025-01-01T00:00:00
20e72fd0-b2de-4104-82d7-aa55f7c8178b,1e5d2bde-c08f-4303-8dfb-72fa62f8895f,b77f9b19-e3f1-4ecd-a1ba-b48d079eb36c,100,34,102,2025-01-01T00:00:00
c64ae2c8-abfc-4bc8-bfce-8d353ede420f,4cce66f4-260a-4a5a-a375-324edf79cf75,62064292-9471-4874-ae4a-cb0ef27d57d4,103,17,51,2025-01-01T00:00:00
567f236a-70e4-4eaf-b68b-665b6d7da954,4cce66f4-260a-4a5a-a375-324edf79cf75,e27df25e-c09e-4e8b-93d9-11ef7be3c806,319,29,145,2025-01-01T00:00:00
483ee87b-8f4e-4ab7-b512-4f5d175b6997,ff0883fc-7eb1-403d-b66f-3e90fe3fb378,e27df25e-c09e-4e8b-93d9-11ef7be3c806,320,32,128,2025-01-01T00:00:00
5724ee3e-1f79-4e14-bc7e-16a1f5be3731,e3f23f6e-bee9-4375-9be6-7d3d05f7d62c,a07bb1e9-e002-4bd3-8be2-ae978aece1a1,188,48,96,2025-01-01T00:00:00
ccccee5d-3e60-4450-9781-fbd84476accf,e3f23f6e-bee9-4375-9be6-7d3d05f7d62c,b77f9b19-e3f1-4ecd-a1ba-b48d079eb36c,74,20,80,2025-01-01T00:00:00
7bbfcc6e-20e7-43a1-a844-139110de3cce,e3f23f6e-bee9-4375-9be6-7d3d05f7d62c,e27df25e-c09e-4e8b-93d9-11ef7be3c806,434,34,102,2025-01-01T00:00:00
93b42654-a0ba-46ec-a047-015ce51a959d,eee40ac0-c6bd-4bbe-814d-23e15b5f02ab,b77f9b19-e3f1-4ecd-a1ba-b48d079eb36c,462,44,220,2025-01-01T00:00:00
835de661-e340-4b84-b9b0-8b3aeac15743,eee40ac0-c6bd-4bbe-814d-23e15b5f02ab,62064292-9471-4874-ae4a-cb0ef27d57d4,294,47,141,2025-01-01T00:00:00
afbaac11-5244-4bce-8913-96fae5eec04e,d660be77-b446-4aa1-8ba2-c4341f4dee36,b77f9b19-e3f1-4ecd-a1ba-b48d079eb36c,54,42,126,2025-01-01T00:00:00
0fa733fa-43e2-4cb4-96f3-5ad65be3d38b,d660be77-b446-4aa1-8ba2-c4341f4dee36,62064292-9471-4874-ae4a-cb0ef27d57d4,386,18,54,2025-01-01T00:00:00
56805eab-7a7a-431d-aad0-2fd3dbf22fcf,ecb83070-4633-40fa-8760-2679a9403ef6,a07bb1e9-e002-4bd3-8be2-ae978aece1a1,340,27,54,2025-01-01T00:00:00
34d0e46b-53da-44d0-a70f-0b7dca81bfff,ecb83070-4633-40fa-8760-2679a9403ef6,62064292-9471-4874-ae4a-cb0ef27d57d4,421,50,200,2025-01-01T00:00:00
ec57cc0c-c19e-4564-9749-16ab3a534721,d9b4731b-5b55-4da9-be81-77804875c9dc,62064292-9471-4874-ae4a-cb0ef27d57d4,448,25,125,2025-01-01T00:00:00
0b20e32d-283b-4968-83d8-ba142d9cc2df,d9b4731b-5b55-4da9-be81-77804875c9dc,a07bb1e9-e002-4bd3-8be2-ae978aece1a1,411,39,117,2025-01-01T00:00:00
783d5e34-5d04-40d3-a2bf-8942fd2c8a6c,d9b4731b-5b55-4da9-be81-77804875c9dc,b77f9b19-e3f1-4ecd-a1ba-b48d079eb36c,274,32,160,2025-01-01T00:00:00
5236364c-c8f6-485c-b5cc-4c14e0a7575a,fa1a24fa-fb96-4f2f-85c5-91099a50c7ff,a07bb1e9-e002-4bd3-8be2-ae978aece1a1,196,27,135,2025-01-01T00:00:00
d23c4643-a8c8-46b6-9e4c-ec4047902f35,fa1a24fa-fb96-4f2f-85c5-91099a50c7ff,b77f9b19-e3f1-4ecd-a1ba-b48d079eb36c,316,24,96,2025-01-01T00:00:00
1fad37a4-edd7-4126-8aec-ba2c54e526a3,fa1a24fa-fb96-4f2f-85c5-91099a50c7ff,e27df25e-c09e-4e8b-93d9-11ef7be3c806,375,15,60,2025-01-01T00:00:00
9c553d09-4f39-45da-ac50-7dbfbe28f8dc,e32f41f9-87e9-409a-8462-9e6db6fb35e1,b77f9b19-e3f1-4ecd-a1ba-b48d079eb36c,444,30,60,2025-01-01T00:00:00
8dac8798-dda6-4b04-9691-08a3ba0f5d75,e32f41f9-87e9-409a-8462-9e6db6fb35e1,62064292-9471-4874-ae4a-cb0ef27d57d4,374,15,30,2025-01-01T00:00:00
1916edc6-f2fc-4b27-956a-63b27b94d9d2,fb654114-710b-45c3-9322-8b948ee9d85d,b77f9b19-e3f1-4ecd-a1ba-b48d079eb36c,172,15,45,2025-01-01T00:00:00
ae9c2727-ddb0-4f72-9d07-35203befb8a2,fb654114-710b-45c3-9322-8b948ee9d85d,a07bb1e9-e002-4bd3-8be2-ae978aece1a1,344,13,26,2025-01-01T00:00:00
0326f2d3-18e3-43e0-8748-43fb5b6d9fcc,fb654114-710b-45c3-9322-8b948ee9d85d,62064292-9471-4874-ae4a-cb0ef27d57d4,430,28,140,2025-01-01T00:00:00
95f8ba43-1ace-49e3-83de-6ddca34c58b7,30897c88-1a85-4b27-93e8-73000b1b2ed8,b77f9b19-e3f1-4ecd-a1ba-b48d079eb36c,267,42,126,2025-01-01T00:00:00
7d9ea972-85a0-4f63-8e14-d84ef9b67228,0fab53e0-c537-4123-8ad9-2a8d62acccae,a07bb1e9-e002-4bd3-8be2-ae978aece1a1,304,42,84,2025-01-01T00:00:00
856bf35f-938e-43c4-b165-32b1c9edb653,0fab53e0-c537-4123-8ad9-2a8d62acccae,e27df25e-c09e-4e8b-93d9-11ef7be3c806,257,10,30,2025-01-01T00:00:00
4fc420b4-bf81-4af6-b5d9-5d11014a75c7,ee58e89b-0851-4f82-b99d-cdf5e514f714,e27df25e-c09e-4e8b-93d9-11ef7be3c806,53,37,148,2025-01-01T00:00:00
a9e30816-7b31-4c85-bd25-57c1662bd03b,ee58e89b-0851-4f82-b99d-cdf5e514f714,b77f9b19-e3f1-4ecd-a1ba-b48d079eb36c,175,43,86,2025-01-01T00:00:00
0e0f6fbc-885a-4140-b479-f002570e00f1,ee58e89b-0851-4f82-b99d-cdf5e514f714,a07bb1e9-e002-4bd3-8be2-ae978aece1a1,360,38,114,2025-01-01T00:00:00
7fd74ceb-35bf-441a-aa72-19fb7ad6d152,4cd8f5fe-053c-4cfe-814a-930270b03924,b77f9b19-e3f1-4ecd-a1ba-b48d079eb36c,441,43,129,2025-01-01T00:00:00
cdb716eb-df4e-418a-81c3-1321f3c0dbde,4cd8f5fe-053c-4cfe-814a-930270b03924,62064292-9471-4874-ae4a-cb0ef27d57d4,139,14,56,2025-01-01T00:00:00
aae659aa-53b9-4340-a1a2-7950deaea948,4cd8f5fe-053c-4cfe-814a-930270b03924,e27df25e-c09e-4e8b-93d9-11ef7be3c806,479,18,72,2025-01-01T00:00:00
2e5483c8-bbff-4a2c-8c44-f3ee28edffc7,33ad4cc5-d2d4-45d4-9eb9-af667d8a1e51,62064292-9471-4874-ae4a-cb0ef27d57d4,266,41,205,2025-01-01T00:00:00
3b0f5516-3357-4e5d-9e3b-dae6a4a68e9e,b4959d17-0502-4ee7-a484-7922b5fbfd13,62064292-9471-4874-ae4a-cb0ef27d57d4,241,17,68,2025-01-01T00:00:00
0c6ef9ac-4e3a-4533-ad01-3b0aba1392a6,8425df12-f49f-477b-b545-f519b645a589,62064292-9471-4874-ae4a-cb0ef27d57d4,177,44,88,2025-01-01T00:00:00
66112c0e-c176-4bf9-a90e-0516c468ead1,8425df12-f49f-477b-b545-f519b645a589,b77f9b19-e3f1-4ecd-a1ba-b48d079eb36c,198,29,145,2025-01-01T00:00:00
7f38971e-8084-4307-afb1-2f4d19cee813,8425df12-f49f-477b-b545-f519b645a589,a07bb1e9-e002-4bd3-8be2-ae978aece1a1,200,26,78,2025-01-01T00:00:00
887344f8-ec4f-4e6e-aad4-072e8a8ad04a,de568940-f139-48de-8876-8fa256e5e319,b77f9b19-e3f1-4ecd-a1ba-b48d079eb36c,427,50,250,2025-01-01T00:00:00
5d3241a6-3573-4549-9110-4c25c8e153e6,cf525403-6ce7-401c-a008-d662499fc3cb,62064292-9471-4874-ae4a-cb0ef27d57d4,206,42,84,2025-01-01T00:00:00
d34a51e5-8932-455c-ab23-67544cdb2075,5c804b54-c729-49e7-9560-e9ca2767949a,62064292-9471-4874-ae4a-cb0ef27d57d4,366,41,82,2025-01-01T00:00:00
d5579355-57a0-4abf-9578-ac9e37ea4b83,5c804b54-c729-49e7-9560-e9ca2767949a,e27df25e-c09e-4e8b-93d9-11ef7be3c806,232,10,50,2025-01-01T00:00:00
d9f83a47-c878-41d5-ae1d-5f04619d67e4,f9cc4dfd-dea3-4da6-b0a1-6b2cbea7b376,62064292-9471-4874-ae4a-cb0ef27d57d4,202,32,64,2025-01-01T00:00:00
559fa593-4f4f-45ce-aa5e-38f8aae5dff0,f9cc4dfd-dea3-4da6-b0a1-6b2cbea7b376,a07bb1e9-e002-4bd3-8be2-ae978aece1a1,52,32,96,2025-01-01T00:00:00
5175096f-898f-466a-9308-2a0462fa53f4,1c7c205f-5cf1-4633-a82f-d21bfa716103,b77f9b19-e3f1-4ecd-a1ba-b48d079eb36c,231,10,20,2025-01-01T00:00:00
a33324f2-36a6-4d78-b994-bab0c47dd9e9,1c7c205f-5cf1-4633-a82f-d21bfa716103,62064292-9471-4874-ae4a-cb0ef27d57d4,270,41,123,2025-01-01T00:00:00
7d8c1192-1487-42df-b944-d14e53d8a579,8ad88a04-ca46-435e-87d4-396cb005a6d2,62064292-9471-4874-ae4a-cb0ef27d57d4,320,42,126,2025-01-01T00:00:00
51837f24-e6bf-431d-9741-dc2fdda5149a,1831f8b6-38a1-4bef-be90-cf517a3496ee,a07bb1e9-e002-4bd3-8be2-ae978aece1a1,113,41,82,2025-01-01T00:00:00
0ac51f22-6a13-4d7d-8e06-9b4aae47f926,1831f8b6-38a1-4bef-be90-cf517a3496ee,b77f9b19-e3f1-4ecd-a1ba-b48d079eb36c,129,26,78,2025-01-01T00:00:00
d0057293-3180-4b58-b142-b61e69efb474,3cefe427-0919-4c54-ae48-03774fc99c60,62064292-9471-4874-ae4a-cb0ef27d57d4,252,33,132,2025-01-01T00:00:00
e565b2f0-978d-4399-bc03-4fe91db06472,3cefe427-0919-4c54-ae48-03774fc99c60,a07bb1e9-e002-4bd3-8be2-ae978aece1a1,236,37,111,2025-01-01T00:00:00
4f1ead9d-5046-4b80-8058-8f53b3ed6a23,ff2cfcfe-80d1-4c3b-89e6-cae01de39929,e27df25e-c09e-4e8b-93d9-11ef7be3c806,465,27,54,2025-01-01T00:00:00
698ab703-7f2c-483b-aa3a-1b16327de605,ff2cfcfe-80d1-4c3b-89e6-cae01de39929,62064292-9471-4874-ae4a-cb0ef27d57d4,274,38,114,2025-01-01T00:00:00
e5b450e5-9c0f-4e13-b685-7271fad0594f,ff2cfcfe-80d1-4c3b-89e6-cae01de39929,a07bb1e9-e002-4bd3-8be2-ae978aece1a1,121,32,160,2025-01-01T00:00:00
4ae80f3e-7920-4619-bcac-7f3ae89303f1,42ad5b7b-ac7c-4f0f-8451-923d107653c9,a07bb1e9-e002-4bd3-8be2-ae978aece1a1,233,22,44,2025-01-01T00:00:00
dd71bbb7-659b-4210-a4d9-a89541eba50a,819b3f6f-d7fb-4218-939a-691e3cdb4b50,e27df25e-c09e-4e8b-93d9-11ef7be3c806,195,12,36,2025-01-01T00:00:00
0d91b6fc-3f29-4fd5-8885-af5d3b7dab6c,e5e92654-cfff-42af-98dc-c9d7d78107a3,62064292-9471-4874-ae4a-cb0ef27d57d4,265,31,62,2025-01-01T00:00:00
e7eaac94-98f6-40d4-b90f-76b50270e682,e5e92654-cfff-42af-98dc-c9d7d78107a3,a07bb1e9-e002-4bd3-8be2-ae978aece1a1,132,22,110,2025-01-01T00:00:00
1fe26dce-7eb7-4034-a1c2-aa2ecf1491da,31458971-3a9c-421d-be7a-1002af4bf4c9,a07bb1e9-e002-4bd3-8be2-ae978aece1a1,186,17,85,2025-01-01T00:00:00
cedb9fb5-0343-48c2-8a32-96beb319ab9b,31458971-3a9c-421d-be7a-1002af4bf4c9,62064292-9471-4874-ae4a-cb0ef27d57d4,300,45,225,2025-01-01T00:00:00
400e101a-45ed-4470-9bbe-5eb63e08bace,31458971-3a9c-421d-be7a-1002af4bf4c9,b77f9b19-e3f1-4ecd-a1ba-b48d079eb36c,459,18,72,2025-01-01T00:00:00
7e784cbb-0a90-40ce-8616-fc4587ee16bf,b04aea23-a41f-4195-9bfd-210e16ee93f2,b77f9b19-e3f1-4ecd-a1ba-b48d079eb36c,306,34,102,2025-01-01T00:00:00
3f6a2d98-5756-4dc5-8aaf-898545dfd585,b04aea23-a41f-4195-9bfd-210e16ee93f2,a07bb1e9-e002-4bd3-8be2-ae978aece1a1,106,16,32,2025-01-01T00:00:00
6421f02c-72a2-44d1-ad9a-cc6bad9c3343,ad2f5425-1c3e-4338-a80a-c8f5895bed59,62064292-9471-4874-ae4a-cb0ef27d57d4,129,32,64,2025-01-01T00:00:00
3b550d0b-5163-4958-9b72-be0fdec4f1ba,2f78c7af-8794-4a1a-bd24-704370b3001d,b77f9b19-e3f1-4ecd-a1ba-b48d079eb36c,171,13,52,2025-01-01T00:00:00
bbca311a-2680-4172-b1be-ae6c531edaf6,2f78c7af-8794-4a1a-bd24-704370b3001d,62064292-9471-4874-ae4a-cb0ef27d57d4,269,48,96,2025-01-01T00:00:00
60036732-d214-4dd8-ba5c-c3687130c5ce,2f78c7af-8794-4a1a-bd24-704370b3001d,e27df25e-c09e-4e8b-93d9-11ef7be3c806,272,40,160,2025-01-01T00:00:00
8b0c8519-4f05-4946-aa7d-0b4d6d99a56a,8c223240-e225-44e5-876a-568baa118961,e27df25e-c09e-4e8b-93d9-11ef7be3c806,298,15,75,2025-01-01T00:00:00
d3bdfe61-1e16-4ae8-b72f-e6cdab1e4fcb,8c223240-e225-44e5-876a-568baa118961,a07bb1e9-e002-4bd3-8be2-ae978aece1a1,176,49,147,2025-01-01T00:00:00
de0a0dfa-cdd9-4e07-a16e-a86f33bcce0b,869aae43-f41e-49ba-b987-ab0927338a32,b77f9b19-e3f1-4ecd-a1ba-b48d079eb36c,311,21,63,2025-01-01T00:00:00
1f8f5498-2141-45c0-8b8a-6bb62c33666d,869aae43-f41e-49ba-b987-ab0927338a32,e27df25e-c09e-4e8b-93d9-11ef7be3c806,193,17,68,2025-01-01T00:00:00
e7ce4dd9-fb17-4a49-870d-ef6a1be1b6f2,869aae43-f41e-49ba-b987-ab0927338a32,62064292-9471-4874-ae4a-cb0ef27d57d4,408,25,125,2025-01-01T00:00:00
f496f1ba-67d6-4fdd-ba82-e8600e451175,aa63b223-d704-44e5-b908-82702ec69f85,a07bb1e9-e002-4bd3-8be2-ae978aece1a1,292,16,48,2025-01-01T00:00:00
0bb0c8f2-436b-4390-8a8b-ce96b0706982,5b4884b7-d4fb-4e9a-ab38-ff805798bc26,e27df25e-c09e-4e8b-93d9-11ef7be3c806,487,47,141,2025-01-01T00:00:00
e7f504a4-eb71-4ba7-9884-30e9d95d0934,ed8477f2-ae90-4d46-937f-346bd13ccabe,e27df25e-c09e-4e8b-93d9-11ef7be3c806,111,18,90,2025-01-01T00:00:00
706ff2e4-9f87-40e3-a660-86e3cdc76869,1af1ac43-f8fb-44c3-8911-69d9a644cc96,b77f9b19-e3f1-4ecd-a1ba-b48d079eb36c,190,22,66,2025-01-01T00:00:00
41a6e664-d45f-45db-a888-3e506e545485,8fc720f7-df51-4878-a361-6730372ad7f6,e27df25e-c09e-4e8b-93d9-11ef7be3c806,59,49,147,2025-01-01T00:00:00
414c41f3-f4a0-4907-913b-cfbf356ac58f,8fc720f7-df51-4878-a361-6730372ad7f6,a07bb1e9-e002-4bd3-8be2-ae978aece1a1,96,13,65,2025-01-01T00:00:00
2d495702-8aa1-4935-8c8a-2fb897ad404b,91af09ce-c049-4218-bfc3-79b4d2e2810c,b77f9b19-e3f1-4ecd-a1ba-b48d079eb36c,318,29,87,2025-01-01T00:00:00
576d32cd-3695-404f-8b8f-fbbc6e15b7a3,91af09ce-c049-4218-bfc3-79b4d2e2810c,a07bb1e9-e002-4bd3-8be2-ae978aece1a1,163,31,155,2025-01-01T00:00:00
a8f0938f-e3d2-4e2f-97ba-a4482fdfc490,752f9c07-0bd1-4a17-b665-98a6eca0b5fb,b77f9b19-e3f1-4ecd-a1ba-b48d079eb36c,81,42,210,2025-01-01T00:00:00
56b22011-494b-4e81-a78b-c81a0fd3a15e,752f9c07-0bd1-4a17-b665-98a6eca0b5fb,62064292-9471-4874-ae4a-cb0ef27d57d4,379,13,52,2025-01-01T00:00:00
c7a40b17-1a40-4b7e-a308-53cdf713e69c,764e624c-616b-400e-95fc-b8d8e2d49738,62064292-9471-4874-ae4a-cb0ef27d57d4,187,33,132,2025-01-01T00:00:00
2ac8d27d-d871-49ca-aaa5-fb8c661ea387,30d0b949-8914-4b72-8f16-83df27d7d212,62064292-9471-4874-ae4a-cb0ef27d57d4,414,36,108,2025-01-01T00:00:00
a6fbd452-6cc0-42d8-8864-95d58be5bb1c,30d0b949-8914-4b72-8f16-83df27d7d212,a07bb1e9-e002-4bd3-8be2-ae978aece1a1,213,13,39,2025-01-01T00:00:00
cc979640-9c54-44f6-a8a4-3a12170f8120,a9f5770b-151a-4213-91be-f4c74306664d,b77f9b19-e3f1-4ecd-a1ba-b48d079eb36c,50,13,52,2025-01-01T00:00:00
770658b5-9de6-4d59-917d-453e36c0d068,6c7474cd-55b4-4c70-9b93-87686d6eb109,a07bb1e9-e002-4bd3-8be2-ae978aece1a1,196,40,160,2025-01-01T00:00:00
f73db978-e318-4963-9acc-ebf56e0efabb,3921ee1e-afbc-4bdf-a8c5-ed1b795d6942,62064292-9471-4874-ae4a-cb0ef27d57d4,101,37,111,2025-01-01T00:00:00
5db1443f-d980-4117-b542-6db78e71cdd9,3921ee1e-afbc-4bdf-a8c5-ed1b795d6942,a07bb1e9-e002-4bd3-8be2-ae978aece1a1,179,41,164,2025-01-01T00:00:00
f7aa0d63-307c-4354-a742-c6f6f65e6cf4,3921ee1e-afbc-4bdf-a8c5-ed1b795d6942,b77f9b19-e3f1-4ecd-a1ba-b48d079eb36c,221,29,58,2025-01-01T00:00:00
c629ad62-13be-4014-8541-440afd981a0b,50b643bf-2cc3-4abc-afb5-5684a4a712bb,a07bb1e9-e002-4bd3-8be2-ae978aece1a1,392,10,30,2025-01-01T00:00:00
3ebf98f9-2ca6-42f4-803e-f2faaf60a6da,750e2459-9294-45cc-b767-83697286ecba,b77f9b19-e3f1-4ecd-a1ba-b48d079eb36c,234,33,132,2025-01-01T00:00:00
a48542b5-fd58-4516-b8b2-c0cc1b5dbc8b,750e2459-9294-45cc-b767-83697286ecba,a07bb1e9-e002-4bd3-8be2-ae978aece1a1,171,27,81,2025-01-01T00:00:00
82a04d3d-84ab-4af1-9060-6a1de375fc7e,4d4ec131-80c6-4270-a7c0-f6ee09ad94a2,a07bb1e9-e002-4bd3-8be2-ae978aece1a1,246,15,30,2025-01-01T00:00:00
1b61f42f-f78a-4d73-b05c-222ec67a181a,4d4ec131-80c6-4270-a7c0-f6ee09ad94a2,62064292-9471-4874-ae4a-cb0ef27d57d4,116,50,100,2025-01-01T00:00:00
2ca8a46c-c6d1-4f6c-aad4-4be5d7f55568,4d4ec131-80c6-4270-a7c0-f6ee09ad94a2,b77f9b19-e3f1-4ecd-a1ba-b48d079eb36c,71,47,141,2025-01-01T00:00:00
ddf556ea-cbea-45cc-8241-e4a72a3a4642,8656682f-93f5-48a9-b173-da0348b96d8c,62064292-9471-4874-ae4a-cb0ef27d57d4,410,38,76,2025-01-01T00:00:00
24487621-e024-42be-9c0f-a888f4be8c98,b006a9ac-9569-4c73-9c99-24efa8d23e15,e27df25e-c09e-4e8b-93d9-11ef7be3c806,329,49,196,2025-01-01T00:00:00
ce6e1469-3540-4857-bfea-733e348bca93,47c74360-c852-4f19-a182-0a4a72b0681f,a07bb1e9-e002-4bd3-8be2-ae978aece1a1,421,40,120,2025-01-01T00:00:00
8d1f8c13-dd90-414f-9020-eebb5eca8f1f,47c74360-c852-4f19-a182-0a4a72b0681f,62064292-9471-4874-ae4a-cb0ef27d57d4,323,19,38,2025-01-01T00:00:00
5779fa25-4f35-4b1a-84c2-63cc6c8386ac,300b3419-b64f-4133-b0cf-3f1410b08bc8,a07bb1e9-e002-4bd3-8be2-ae978aece1a1,148,36,144,2025-01-01T00:00:00
8b79c9d8-ba87-4e6d-a709-bb3bfe8ef5e7,3a2ae3dd-16b8-4ac4-953c-672fec23106f,b77f9b19-e3f1-4ecd-a1ba-b48d079eb36c,227,33,165,2025-01-01T00:00:00
3fd79f4d-d33f-4926-be84-e4f93003d6b3,3a2ae3dd-16b8-4ac4-953c-672fec23106f,e27df25e-c09e-4e8b-93d9-11ef7be3c806,372,17,85,2025-01-01T00:00:00
963723f3-f5cc-4130-9b19-893658db4f8a,3a2ae3dd-16b8-4ac4-953c-672fec23106f,62064292-9471-4874-ae4a-cb0ef27d57d4,84,40,200,2025-01-01T00:00:00
3e3e93c0-104c-4f98-b9c9-865eafc8e223,503c616a-4d6b-486a-aa85-3c11accd8e76,62064292-9471-4874-ae4a-cb0ef27d57d4,307,11,33,2025-01-01T00:00:00
1aca7c47-f824-45af-b754-f8d22439f0fe,503c616a-4d6b-486a-aa85-3c11accd8e76,a07bb1e9-e002-4bd3-8be2-ae978aece1a1,356,27,81,2025-01-01T00:00:00
0f4c518c-4df9-49a2-a0f4-62e5cbde187d,503c616a-4d6b-486a-aa85-3c11accd8e76,b77f9b19-e3f1-4ecd-a1ba-b48d079eb36c,198,12,24,2025-01-01T00:00:00
79682069-5f55-4f0a-b9d2-97b4a14cb8eb,d1722590-9a3c-46a7-8ce7-b44bdb94c552,b77f9b19-e3f1-4ecd-a1ba-b48d079eb36c,147,35,175,2025-01-01T00:00:00
c6dc6a5b-c4ae-4696-aca8-3bb4181648a2,d1722590-9a3c-46a7-8ce7-b44bdb94c552,e27df25e-c09e-4e8b-93d9-11ef7be3c806,400,44,88,2025-01-01T00:00:00
23182d0c-ec18-45ea-891f-ffdfbc23572d,d1722590-9a3c-46a7-8ce7-b44bdb94c552,62064292-9471-4874-ae4a-cb0ef27d57d4,134,38,190,2025-01-01T00:00:00
6743330a-d056-4bdc-8d4d-cff1f44b3efa,53c5bf64-dcfe-41b2-a60a-fc05d9eafabc,e27df25e-c09e-4e8b-93d9-11ef7be3c806,449,34,170,2025-01-01T00:00:00
e181d648-5105-4861-9c12-701ef58e946a,53c5bf64-dcfe-41b2-a60a-fc05d9eafabc,62064292-9471-4874-ae4a-cb0ef27d57d4,360,27,81,2025-01-01T00:00:00
1a26de2b-832b-45c4-a673-914f3909c15f,53c5bf64-dcfe-41b2-a60a-fc05d9eafabc,b77f9b19-e3f1-4ecd-a1ba-b48d079eb36c,144,10,30,2025-01-01T00:00:00
38a8447c-8f4a-43dd-b281-698551e24ddf,67684a4f-747f-43d6-be4f-3869d718aada,e27df25e-c09e-4e8b-93d9-11ef7be3c806,161,47,94,2025-01-01T00:00:00
93c5546f-9e68-4514-a551-a1ca5ddd2ae3,67684a4f-747f-43d6-be4f-3869d718aada,a07bb1e9-e002-4bd3-8be2-ae978aece1a1,500,42,210,2025-01-01T00:00:00
01d15b58-c08d-4ba7-82cc-768e48b94791,67684a4f-747f-43d6-be4f-3869d718aada,b77f9b19-e3f1-4ecd-a1ba-b48d079eb36c,307,43,172,2025-01-01T00:00:00
e2fb17bc-5fd1-4273-8f21-2b1372b900f6,1ac4eec4-51cb-4abd-aad4-e099c9490df1,a07bb1e9-e002-4bd3-8be2-ae978aece1a1,486,24,96,2025-01-01T00:00:00
3d92eb89-6722-4504-868e-a23d653df215,1ac4eec4-51cb-4abd-aad4-e099c9490df1,b77f9b19-e3f1-4ecd-a1ba-b48d079eb36c,412,27,54,2025-01-01T00:00:00
8ba89b0d-ae9b-4458-b59c-9979927586c6,a1b5eaa5-e4d5-462b-8d75-3268133792ef,e27df25e-c09e-4e8b-93d9-11ef7be3c806,164,12,36,2025-01-01T00:00:00
e9922c8c-1905-4230-b612-32ef5550ad6e,084b6a6c-eebe-46e2-8682-0681d035a518,e27df25e-c09e-4e8b-93d9-11ef7be3c806,70,50,150,2025-01-01T00:00:00
4a86c970-4a0c-449d-8406-fc2bb6777085,084b6a6c-eebe-46e2-8682-0681d035a518,a07bb1e9-e002-4bd3-8be2-ae978aece1a1,192,18,72,2025-01-01T00:00:00
18a92767-3f68-4887-8c5e-358a449c0b2d,7c9cd5af-78bd-46f3-8e89-1b42be40ac87,b77f9b19-e3f1-4ecd-a1ba-b48d079eb36c,378,25,75,2025-01-01T00:00:00
ddf5198b-4466-4da2-ad4c-675cbb83d4c9,4cccbf03-a392-4850-9096-a78dec0d1afa,e27df25e-c09e-4e8b-93d9-11ef7be3c806,109,10,40,2025-01-01T00:00:00
8e119901-c58c-499d-95c0-e2286d7c8044,4cccbf03-a392-4850-9096-a78dec0d1afa,b77f9b19-e3f1-4ecd-a1ba-b48d079eb36c,373,48,192,2025-01-01T00:00:00
0f5c1abf-be0b-4a39-b811-65bff5aba2e7,4cccbf03-a392-4850-9096-a78dec0d1afa,a07bb1e9-e002-4bd3-8be2-ae978aece1a1,216,15,60,2025-01-01T00:00:00
b02e1955-58f4-49b7-a113-99fa0e4debb9,c098f9e5-c213-4ef6-bea2-517e5afff6a1,b77f9b19-e3f1-4ecd-a1ba-b48d079eb36c,118,36,144,2025-01-01T00:00:00
9fd1bf94-9fae-4d0e-ac81-2ac30aa90b1d,c098f9e5-c213-4ef6-bea2-517e5afff6a1,62064292-9471-4874-ae4a-cb0ef27d57d4,216,13,26,2025-01-01T00:00:00
f836ca6c-4b85-4bf8-bf39-f9f22ae8c106,c098f9e5-c213-4ef6-bea2-517e5afff6a1,e27df25e-c09e-4e8b-93d9-11ef7be3c806,471,32,96,2025-01-01T00:00:00
41572dd9-d109-42cc-bea3-f00ed6f20e18,80f1d921-3b1a-4053-9142-e3d9613bd2bb,a07bb1e9-e002-4bd3-8be2-ae978aece1a1,193,21,84,2025-01-01T00:00:00
683e7e50-c212-4f46-a8ee-76921789be80,80f1d921-3b1a-4053-9142-e3d9613bd2bb,b77f9b19-e3f1-4ecd-a1ba-b48d079eb36c,58,44,88,2025-01-01T00:00:00
9d80146e-7890-470e-9c56-a6c6c0160d30,80f1d921-3b1a-4053-9142-e3d9613bd2bb,62064292-9471-4874-ae4a-cb0ef27d57d4,419,34,136,2025-01-01T00:00:00
6d32d36e-3406-4171-b466-55f42238276c,496ffcaf-67fc-4613-9369-456c5db9c167,b77f9b19-e3f1-4ecd-a1ba-b48d079eb36c,374,48,144,2025-01-01T00:00:00
7270ea8b-2e1b-4f41-a2e5-d31a738d77af,496ffcaf-67fc-4613-9369-456c5db9c167,a07bb1e9-e002-4bd3-8be2-ae978aece1a1,468,38,114,2025-01-01T00:00:00
4a60d7ab-3b12-49cf-9d15-5af185b3097b,496ffcaf-67fc-4613-9369-456c5db9c167,62064292-9471-4874-ae4a-cb0ef27d57d4,216,27,81,2025-01-01T00:00:00
5b5418e5-7ae2-49fb-87fd-08328d57c63e,cf02d801-77eb-4e1f-824a-fffc8768d8f9,62064292-9471-4874-ae4a-cb0ef27d57d4,372,35,105,2025-01-01T00:00:00
eb841948-4e4f-45dc-afe2-9757839c0201,cf02d801-77eb-4e1f-824a-fffc8768d8f9,e27df25e-c09e-4e8b-93d9-11ef7be3c806,278,24,120,2025-01-01T00:00:00
6165c9d5-62eb-43cb-92e5-9647c573b0ae,cf02d801-77eb-4e1f-824a-fffc8768d8f9,a07bb1e9-e002-4bd3-8be2-ae978aece1a1,238,19,95,2025-01-01T00:00:00
f5362af7-3d0b-4b7a-b99b-6fce3e0b1b88,2050438c-a5ff-41b7-b24d-813cd2719c36,a07bb1e9-e002-4bd3-8be2-ae978aece1a1,303,21,105,2025-01-01T00:00:00
477b9487-14c8-4b38-8b16-b4e5dcca2ec3,2d0d411b-3dc6-470c-acad-004a4f027adc,b77f9b19-e3f1-4ecd-a1ba-b48d079eb36c,467,21,63,2025-01-01T00:00:00
