company_id,month,revenue,order_count,total_cogs,total_expenses,gross_profit,net_profit,profit_margin,expense_ratio
00000000-0000-0000-0000-000000000001,2022-01-31,5366336.89,54,2615709.6,2420636.46,2750627.2899999996,329990.8299999996,0.061492753206554576,0.4510779903719388
00000000-0000-0000-0000-000000000001,2022-02-28,8488311.07,51,3869037.6,2588701.45,4619273.470000001,2030572.0200000005,0.23921979334341248,0.30497250025970124
00000000-0000-0000-0000-000000000001,2022-03-31,6693083.5,49,3199828.56,2370013.1,3493254.94,1123241.8399999999,0.16782127998253718,0.354098839496026
00000000-0000-0000-0000-000000000001,2022-04-30,6895859.95,74,3346718.05,2364125.66,3549141.9000000004,1185016.2400000002,0.17184459205845679,0.34283260929624887
00000000-0000-0000-0000-000000000001,2022-05-31,6628923.88,82,3237139.82,2379624.89,3391784.06,1012159.1699999999,0.152688307834363,0.3589760469537931
00000000-0000-0000-0000-000000000001,2022-06-30,8611605.24,74,4236806.22,2299764.18,4374799.0200000005,2075034.8400000003,0.24095796105024436,0.267054064359318
00000000-0000-0000-0000-000000000001,2022-07-31,5915750.29,53,2807287.46,2720293.94,3108462.83,388168.89000000013,0.06561617224718931,0.4598392100150664
00000000-0000-0000-0000-000000000001,2022-08-31,9705844.93,41,4572372.71,2821323.73,5133472.22,2312148.4899999998,0.2382222780886733,0.29068295963389146
00000000-0000-0000-0000-000000000001,2022-09-30,4663930.09,35,2255608.83,2786011.9099999997,2408321.26,-377690.6499999999,-0.08098119884125449,0.5973528453982465
00000000-0000-0000-0000-000000000001,2022-10-31,11174840.21,97,5310194.14,2453147.65,5864646.070000001,3411498.4200000013,0.3052838658889424,0.21952418145583485
00000000-0000-0000-0000-000000000001,2022-11-30,7611828.49,86,3669180.6,2210319.36,3942647.89,1732328.5300000003,0.2275837576051323,0.2903795537305912
00000000-0000-0000-0000-000000000001,2022-12-31,12357804.81,83,5947899.18,2689221.1,6409905.630000001,3720684.5300000007,0.30107972954785656,0.21761317170375344
00000000-0000-0000-0000-000000000001,2023-01-31,12374921.88,64,5869713.35,1754427.53,6505208.530000001,4750781.000000001,0.383903918430231,0.14177281658928742
00000000-0000-0000-0000-000000000001,2023-02-28,7512430.5600000005,62,3507626.29,2189729.36,4004804.2700000005,1815074.9100000006,0.24160954241153085,0.2914808120369501
00000000-0000-0000-0000-000000000001,2023-03-31,7804299.94,59,3594207.91,2400427.24,4210092.03,1809664.79,0.23188047664913297,0.30757752244975867
00000000-0000-0000-0000-000000000001,2023-04-30,8201014.85,92,3946241.43,1751654.14,4254773.42,2503119.2800000003,0.305220673999877,0.2135899241787131
00000000-0000-0000-0000-000000000001,2023-05-31,6843002.03,83,3235020.4499999997,2530134.59,3607981.5800000005,1077846.9900000007,0.15751083885035772,0.3697404412431542
00000000-0000-0000-0000-000000000001,2023-06-30,12255659.13,74,5953303.83,2486902.47,6302355.300000001,3815452.8300000005,0.3113217159132918,0.20291870421823652
00000000-0000-0000-0000-000000000001,2023-07-31,6906431.72,57,3461919.79,2236384.7600000002,3444511.9299999997,1208127.1699999995,0.1749278381340458,0.3238118974699717
00000000-0000-0000-0000-000000000001,2023-08-31,3206227.81,40,1587037.97,2672149.4,1619189.84,-1052959.5599999998,-0.32841071264989113,0.83342468419298
00000000-0000-0000-0000-000000000001,2023-09-30,6243175.33,55,2943059.08,2806715.53,3300116.25,493400.7200000002,0.07903041223735746,0.4495653864649673
00000000-0000-0000-0000-000000000001,2023-10-31,11145067.2,91,5206720.42,2579345.9400000004,5938346.779999999,3359000.839999999,0.3013890162995158,0.23143386161009424
00000000-0000-0000-0000-000000000001,2023-11-30,13492496.69,103,6211008.38,2662588.91,7281488.31,4618899.399999999,0.34233096409972136,0.19733848902652576
00000000-0000-0000-0000-000000000001,2023-12-31,12049450.87,112,6047788.76,2739273.29,6001662.109999999,3262388.8199999994,0.2707499997466689,0.2273359441482996
00000000-0000-0000-0000-000000000001,2024-01-31,4259659.89,59,2094433.3399999999,2385169.61,2165226.55,-219943.06000000006,-0.05163394864372613,0.5599436742824085
00000000-0000-0000-0000-000000000001,2024-02-29,6949098.83,61,3465563.71,2157952.38,3483535.12,1325582.7400000002,0.19075606383338775,0.31053701102708303
00000000-0000-0000-0000-000000000001,2024-03-31,14445948.91,98,6863294.989999999,2123309.17,7582653.920000001,5459344.750000001,0.3779152746567481,0.1469830180923712
00000000-0000-0000-0000-000000000001,2024-04-30,9315908.09,82,4419337.63,2609597.55,4896570.46,2286972.91,0.2454911413794337,0.2801227239243834
00000000-0000-0000-0000-000000000001,2024-05-31,8092814.89,92,3908112.0,2638505.28,4184702.8899999997,1546197.6099999999,0.19105807200787214,0.32603059823601127
00000000-0000-0000-0000-000000000001,2024-06-30,9351747.78,87,4345519.27,2194802.5700000003,5006228.51,2811425.9399999995,0.3006310698426471,0.23469437175090285
00000000-0000-0000-0000-000000000001,2024-07-31,7204220.13,51,3558637.3,2275187.79,3645582.83,1370395.04,0.19022115028014838,0.3158131968407801
00000000-0000-0000-0000-000000000001,2024-08-31,9659921.27,59,4678120.2299999995,2509599.16,4981801.04,2472201.88,0.2559236054726148,0.2597949910620752
00000000-0000-0000-0000-000000000001,2024-09-30,5417854.62,60,2647690.0700000003,2390884.0,2770164.55,379280.5499999998,0.07000567135926579,0.4412971863759607
00000000-0000-0000-0000-000000000001,2024-10-31,11446560.76,103,5391155.66,2078359.49,6055405.1,3977045.6099999994,0.34744458998529787,0.18157065109572704
00000000-0000-0000-0000-000000000001,2024-11-30,13461943.76,113,6586109.23,2530671.91,6875834.529999999,4345162.619999999,0.32277379087787833,0.1879871105627023
00000000-0000-0000-0000-000000000001,2024-12-31,10173799.22,99,4886164.46,2486127.84,5287634.760000001,2801506.920000001,0.2753648720030471,0.24436572672995996
00000000-0000-0000-0000-000000000002,2022-01-31,5221241.32,59,2709009.2800000003,2231681.11,2512232.04,280550.93000000017,0.05373261123276335,0.42742347522830065
00000000-0000-0000-0000-000000000002,2022-02-28,6351363.48,44,3324246.68,1689183.36,3027116.8000000003,1337933.4400000002,0.21065294786120478,0.2659560211471317
00000000-0000-0000-0000-000000000002,2022-03-31,6688524.29,46,3197610.1,2333569.74,3490914.19,1157344.4499999997,0.17303434955455618,0.34889156992207027
00000000-0000-0000-0000-000000000002,2022-04-30,5790671.42,60,3077834.54,2484937.66,2712836.88,227899.21999999974,0.03935626863801568,0.42912772626287266
00000000-0000-0000-0000-000000000002,2022-05-31,13679389.19,83,7155110.04,1776776.7,6524279.149999999,4747502.449999999,0.3470551487394299,0.12988713716098313
00000000-0000-0000-0000-000000000002,2022-06-30,6974848.83,65,3159158.58,2463307.09,3815690.25,1352383.1600000001,0.19389426107461602,0.3531699611043756
00000000-0000-0000-0000-000000000002,2022-07-31,7023214.37,44,3869249.02,1888264.84,3153965.35,1265700.51,0.1802166989813811,0.26886048759465675
00000000-0000-0000-0000-000000000002,2022-08-31,4091420.65,68,2008915.05,2389875.64,2082505.5999999999,-307370.04000000027,-0.07512550438928842,0.5841187803556694
00000000-0000-0000-0000-000000000002,2022-09-30,5389616.73,48,2492807.17,2587360.59,2896809.5600000005,309448.97000000067,0.057415765443492056,0.48006393026021343
00000000-0000-0000-0000-000000000002,2022-10-31,10494720.790000001,94,5398832.76,2433277.94,5095888.030000001,2662610.0900000012,0.25370947386585985,0.2318573298604164
00000000-0000-0000-0000-000000000002,2022-11-30,11360047.42,93,5971484.7,2252578.43,5388562.72,3135984.2899999996,0.27605380277541125,0.1982895270343863
00000000-0000-0000-0000-000000000002,2022-12-31,10907494.18,99,5804316.29,2402418.96,5103177.89,2700758.9299999997,0.2476058098616377,0.2202539758769782
00000000-0000-0000-0000-000000000002,2023-01-31,5531775.78,62,2836370.36,2422156.59,2695405.4200000004,273248.83000000054,0.04939622299731037,0.437862394704653
00000000-0000-0000-0000-000000000002,2023-02-28,9622919.540000001,65,5488004.8100000005,1771433.35,4134914.7300000004,2363481.3800000004,0.2456095959418154,0.18408481361987986
00000000-0000-0000-0000-000000000002,2023-03-31,7417841.82,62,4013680.06,2116853.4899999998,3404161.7600000002,1287308.2700000005,0.17354215703672154,0.28537323137472886
00000000-0000-0000-0000-000000000002,2023-04-30,8246730.32,82,4166427.84,2662598.34,4080302.4800000004,1417704.1400000006,0.1719110586848923,0.32286715300276725
00000000-0000-0000-0000-000000000002,2023-05-31,8052053.18,69,4076450.14,2292671.02,3975603.0399999996,1682932.0199999996,0.20900657042108603,0.28473123174280873
00000000-0000-0000-0000-000000000002,2023-06-30,11143897.94,80,5769616.29,2871717.84,5374281.649999999,2502563.8099999996,0.22456808411868853,0.2576941977988
00000000-0000-0000-0000-000000000002,2023-07-31,3615774.02,51,1912893.51,2597689.5,1702880.51,-894808.99,-0.24747370412269293,0.7184324810210346
00000000-0000-0000-0000-000000000002,2023-08-31,3175028.25,50,1597664.18,2711133.3800000004,1577364.07,-1133769.3100000003,-0.35708951880979334,0.8538926795375759
00000000-0000-0000-0000-000000000002,2023-09-30,5269924.12,46,2615769.45,2356652.02,2654154.67,297502.6499999999,0.05645292858600019,0.4471889853321076
00000000-0000-0000-0000-000000000002,2023-10-31,10994981.209999999,100,6148278.9,2199955.5,4846702.309999999,2646746.8099999987,0.24072317718858557,0.20008724507861167
00000000-0000-0000-0000-000000000002,2023-11-30,8291387.56,97,4454636.54,1824295.62,3836751.0199999996,2012455.3999999994,0.2427163590456987,0.22002295837682448
00000000-0000-0000-0000-000000000002,2023-12-31,12574927.49,94,6695942.23,2412769.0,5878985.26,3466216.26,0.2756450295841825,0.19187140458016272
00000000-0000-0000-0000-000000000002,2024-01-31,7111101.930000001,91,3766632.93,2537648.13,3344469.0000000005,806820.8700000006,0.11345933133038363,0.356857229017388
00000000-0000-0000-0000-000000000002,2024-02-29,8531705.58,69,4973600.27,1905866.73,3558105.3100000005,1652238.5800000005,0.19365864943501726,0.22338636889530358
00000000-0000-0000-0000-000000000002,2024-03-31,4437720.68,62,2332529.19,2020524.48,2105191.4899999998,84667.00999999978,0.019078940768304457,0.45530681755301466
00000000-0000-0000-0000-000000000002,2024-04-30,7641900.88,92,4169064.38,2794378.07,3472836.5,678458.4300000002,0.0887813700614238,0.36566531205780306
00000000-0000-0000-0000-000000000002,2024-05-31,8398648.99,101,4252304.5,2554233.36,4146344.49,1592111.1300000004,0.1895675282888564,0.3041243136891711
00000000-0000-0000-0000-000000000002,2024-06-30,11246557.54,106,6146315.73,2468350.27,5100241.809999999,2631891.5399999986,0.23401752319670244,0.2194760717864962
00000000-0000-0000-0000-000000000002,2024-07-31,7317481.8,53,3931757.06,2117596.87,3385724.7399999998,1268127.8699999996,0.1733011307250535,0.289388744362849
00000000-0000-0000-0000-000000000002,2024-08-31,4927852.36,70,2527263.97,2305169.88,2400588.39,95418.51000000024,0.019363102428661284,0.46778387654454806
00000000-0000-0000-0000-000000000002,2024-09-30,6657538.7299999995,54,3530745.29,2392671.01,3126793.4399999995,734122.4299999997,0.11026934423857265,0.3593927286097816
00000000-0000-0000-0000-000000000002,2024-10-31,8998254.2,120,4629746.87,2203315.63,4368507.329999999,2165191.6999999993,0.24062353117341356,0.244860345243414
00000000-0000-0000-0000-000000000002,2024-11-30,12634693.48,101,6787162.11,2238949.56,5847531.37,3608581.81,0.2856089714967901,0.17720648020026206
00000000-0000-0000-0000-000000000002,2024-12-31,12841530.16,116,6497152.24,2078776.71,6344377.92,4265601.21,0.3321723468194541,0.1618792063016889
00000000-0000-0000-0000-000000000003,2022-01-31,7027310.36,56,3732034.62,2273122.73,3295275.74,1022153.0100000002,0.14545437125107993,0.3234698075865259
00000000-0000-0000-0000-000000000003,2022-02-28,5585864.83,43,2800024.37,2277447.08,2785840.46,508393.3799999999,0.09101426466132369,0.40771611009427167
00000000-0000-0000-0000-000000000003,2022-03-31,4201437.05,49,2140434.35,2272451.6,2061002.6999999997,-211448.90000000037,-0.050327756308999175,0.5408748418591682
00000000-0000-0000-0000-000000000003,2022-04-30,6140572.84,66,3167117.71,2607633.83,2973455.13,365821.2999999998,0.05957445820315354,0.4246564445932051
00000000-0000-0000-0000-000000000003,2022-05-31,4801255.5200000005,63,2508328.3,2226781.18,2292927.2200000007,66146.0400000005,0.013776821442738065,0.4637914334540562
00000000-0000-0000-0000-000000000003,2022-06-30,5774990.42,85,3106217.13,2476211.47,2668773.29,192561.81999999983,0.03334409340890298,0.4287819182217795
00000000-0000-0000-0000-000000000003,2022-07-31,3094158.4299999997,43,1577645.72,2182352.11,1516512.7099999997,-665839.4000000001,-0.21519240693825759,0.7053136286883668
00000000-0000-0000-0000-000000000003,2022-08-31,7391333.56,45,3652652.06,2668812.25,3738681.4999999995,1069869.2499999995,0.14474644410446544,0.36107317148327966
00000000-0000-0000-0000-000000000003,2022-09-30,4871049.92,49,2627810.91,2307319.1999999997,2243239.01,-64080.189999999944,-0.013155313752153036,0.4736800562290275
00000000-0000-0000-0000-000000000003,2022-10-31,9870759.95,91,4879509.7,2595763.67,4991250.249999999,2395486.579999999,0.24268512172662038,0.26297505796400206
00000000-0000-0000-0000-000000000003,2022-11-30,11172005.870000001,92,5388338.61,1915560.06,5783667.260000001,3868107.2000000007,0.34623211310575513,0.17146071012581734
00000000-0000-0000-0000-000000000003,2022-12-31,8624862.45,84,4571462.5,2391685.26,4053399.9499999993,1661714.6899999995,0.19266564535182815,0.2773012640914639
00000000-0000-0000-0000-000000000003,2023-01-31,4154168.32,56,2227965.07,2024800.36,1926203.25,-98597.1100000001,-0.023734500483601036,0.48741413540027195
00000000-0000-0000-0000-000000000003,2023-02-28,4498846.72,54,2301184.05,2122465.76,2197662.67,75196.91000000015,0.016714708164140377,0.4717799676446856
00000000-0000-0000-0000-000000000003,2023-03-31,7917512.07,68,3978065.97,2446387.77,3939446.1,1493058.33,0.1885767039948447,0.30898440676453554
00000000-0000-0000-0000-000000000003,2023-04-30,14381540.06,100,7103730.54,2667536.2199999997,7277809.5200000005,4610273.300000001,0.3205688181353229,0.18548334940979885
00000000-0000-0000-0000-000000000003,2023-05-31,7881372.5,86,4108285.62,1821000.07,3773086.88,1952086.8099999998,0.24768361221348184,0.23105113608067632
00000000-0000-0000-0000-000000000003,2023-06-30,6537542.37,71,3374677.71,2032892.14,3162864.66,1129972.5200000003,0.17284362472131867,0.3109566294099597
00000000-0000-0000-0000-000000000003,2023-07-31,6553198.63,47,3185943.84,2390520.44,3367254.79,976734.3500000001,0.14904696242970436,0.3647868125126554
00000000-0000-0000-0000-000000000003,2023-08-31,8866672.98,52,4485719.91,2428983.15,4380953.07,1951969.9200000004,0.2201468267074851,0.27394527298783944
00000000-0000-0000-0000-000000000003,2023-09-30,5289006.57,57,2711339.42,1844559.04,2577667.1500000004,733108.1100000003,0.13860979378590568,0.3487534030421898
00000000-0000-0000-0000-000000000003,2023-10-31,10248096.72,108,5194164.22,3083552.2,5053932.500000001,1970380.3000000007,0.19226792582418178,0.3008902320352027
00000000-0000-0000-0000-000000000003,2023-11-30,9981275.04,114,5120619.56,2180486.33,4860655.4799999995,2680169.1499999994,0.2685197170961837,0.21845769415848101
00000000-0000-0000-0000-000000000003,2023-12-31,8168215.33,105,4210088.07,2303335.17,3958127.26,1654792.0899999999,0.20258918541512053,0.28198756728907143
00000000-0000-0000-0000-000000000003,2024-01-31,8424282.28,57,4094591.67,2167305.46,4329690.609999999,2162385.1499999994,0.2566847926183214,0.2572688554306136
00000000-0000-0000-0000-000000000003,2024-02-29,8430545.54,58,3968418.37,2699756.46,4462127.169999999,1762370.709999999,0.20904586798543043,0.32023508409872137
00000000-0000-0000-0000-000000000003,2024-03-31,9029883.129999999,79,4477918.06,2408142.6,4551965.069999999,2143822.4699999993,0.23741419895874108,0.2666859100312631
00000000-0000-0000-0000-000000000003,2024-04-30,11091084.57,86,5528618.33,2442021.09,5562466.24,3120445.1500000004,0.28134716044275915,0.22017874578338012
00000000-0000-0000-0000-000000000003,2024-05-31,9764503.53,74,4903490.03,2510784.18,4861013.499999999,2350229.319999999,0.24069112298226586,0.2571338289024102
00000000-0000-0000-0000-000000000003,2024-06-30,14654648.85,97,7172898.5,1872543.53,7481750.35,5609206.819999999,0.3827595514170235,0.12777812345875486
00000000-0000-0000-0000-000000000003,2024-07-31,4040147.03,55,2134307.69,2222064.06,1905839.3399999999,-316224.7200000002,-0.07827059699854542,0.5499958401266402
00000000-0000-0000-0000-000000000003,2024-08-31,5608691.7299999995,58,2885736.44,2298529.52,2722955.2899999996,424425.76999999955,0.0756728646236365,0.4098156273602151
00000000-0000-0000-0000-000000000003,2024-09-30,6480196.81,64,3285884.85,2173048.09,3194311.9599999995,1021263.8699999996,0.1575976625314872,0.33533674265056773
00000000-0000-0000-0000-000000000003,2024-10-31,13044417.84,114,6474930.26,2221981.9,6569487.58,4347505.68,0.3332847608322243,0.1703396753503566
00000000-0000-0000-0000-000000000003,2024-11-30,11692976.65,120,5881348.16,2025528.23,5811628.49,3786100.2600000002,0.3237926811390665,0.17322605617278813
00000000-0000-0000-0000-000000000003,2024-12-31,12411208.459999999,123,6283865.15,2400455.9499999997,6127343.309999999,3726887.359999999,0.3002840031259937,0.19341033209911937
