product_id,sku,name_prod,quantity_on_hand,reorder_level,avg_daily_demand,days_of_stock_remaining,predicted_demand_next_month,safety_stock,reorder_point,needs_reorder,suggested_order_qty
0a68f0c4-0046-4bd7-9c1f-c4d3bae18657,ELE-0001,Laptop Pro 15,215,26,0.7461187214611872,288.15789473684214,31.663776,7.8342465753424655,13.057077625570777,0,0.0
0a68f0c4-0046-4bd7-9c1f-c4d3bae18657,ELE-0001,Laptop Pro 15,473,17,0.7461187214611872,365.0,31.663776,7.8342465753424655,13.057077625570777,0,0.0
40dc5713-9c2f-4c64-bbcf-1239b8daddf2,ELE-0002,Wireless Earbuds,172,48,0.7232876712328767,237.80303030303028,15.176792,7.594520547945207,12.657534246575345,0,0.0
6cab6d05-199b-4733-801f-a41bf2896231,ELE-0003,USB-C Hub 7-in-1,310,42,0.6721461187214613,365.0,28.306137,7.057534246575344,11.762557077625573,0,0.0
6cab6d05-199b-4733-801f-a41bf2896231,ELE-0003,USB-C Hub 7-in-1,108,27,0.6721461187214613,160.6793478260869,28.306137,7.057534246575344,11.762557077625573,0,0.0
3733a235-b260-45f7-8a10-d6d44934cd5f,ELE-0004,Mechanical Keyboard,287,45,0.6520547945205479,365.0,26.606173,6.846575342465753,11.410958904109588,0,0.0
3733a235-b260-45f7-8a10-d6d44934cd5f,ELE-0004,Mechanical Keyboard,83,40,0.6520547945205479,127.28991596638656,26.606173,6.846575342465753,11.410958904109588,0,0.0
93726e07-a1a3-453e-a4ef-1200f61b4344,ELE-0005,Webcam 4K,374,24,0.4557077625570777,365.0,30.224827,4.784931506849316,7.97488584474886,0,0.0
93726e07-a1a3-453e-a4ef-1200f61b4344,ELE-0005,Webcam 4K,187,45,0.4557077625570777,365.0,30.224827,4.784931506849316,7.97488584474886,0,0.0
167fb0c2-f440-4584-b3b3-e42fb4d5fbc2,CLO-0006,Mens Polo Shirt,440,45,0.5004566210045662,365.0,31.606417,5.254794520547946,8.75799086757991,0,0.0
c22051fb-624e-4485-ab9d-c543f257b80e,CLO-0007,Womens Kurta,340,36,0.6091324200913243,365.0,35.241905,6.395890410958906,10.659817351598175,0,0.0
c22051fb-624e-4485-ab9d-c543f257b80e,CLO-0007,Womens Kurta,92,50,0.6091324200913243,151.03448275862067,35.241905,6.395890410958906,10.659817351598175,0,0.0
3ccf62ed-4118-4f50-a69b-a839d02609f4,CLO-0008,Denim Jeans,241,44,0.6502283105022831,365.0,25.118137,6.827397260273973,11.378995433789957,0,0.0
aeafadbc-61a0-4dcb-bfac-8056a9cb79ff,CLO-0009,Sports Joggers,325,37,0.4109589041095891,365.0,33.407795,4.315068493150686,7.19178082191781,0,0.0
2606eebf-6b75-4fc3-89b1-7f7728fa7dce,CLO-0010,Winter Jacket,50,39,0.7132420091324202,70.1024327784891,36.435154,7.489041095890412,12.481735159817354,0,0.0
38b11d32-c043-40ef-b693-ab2a60ae5318,HOM-0011,Microwave 20L,135,10,0.560730593607306,240.75732899022796,28.71122,5.887671232876714,9.812785388127857,0,0.0
38b11d32-c043-40ef-b693-ab2a60ae5318,HOM-0011,Microwave 20L,296,27,0.560730593607306,365.0,28.71122,5.887671232876714,9.812785388127857,0,0.0
38b11d32-c043-40ef-b693-ab2a60ae5318,HOM-0011,Microwave 20L,479,34,0.560730593607306,365.0,28.71122,5.887671232876714,9.812785388127857,0,0.0
46f75803-1997-463e-a25a-5b9d15009687,HOM-0012,Air Purifier,158,47,0.6566210045662101,240.62586926286508,27.604101,6.894520547945206,11.490867579908677,0,0.0
46f75803-1997-463e-a25a-5b9d15009687,HOM-0012,Air Purifier,73,20,0.6566210045662101,111.17524339360222,27.604101,6.894520547945206,11.490867579908677,0,0.0
46f75803-1997-463e-a25a-5b9d15009687,HOM-0012,Air Purifier,203,15,0.6566210045662101,309.1585535465925,27.604101,6.894520547945206,11.490867579908677,0,0.0
f98ee275-ada0-4dcc-950f-4a26864725bc,HOM-0013,Electric Kettle,112,18,0.669406392694064,167.31241473396997,30.281246,7.028767123287672,11.714611872146119,0,0.0
f98ee275-ada0-4dcc-950f-4a26864725bc,HOM-0013,Electric Kettle,499,37,0.669406392694064,365.0,30.281246,7.028767123287672,11.714611872146119,0,0.0
f98ee275-ada0-4dcc-950f-4a26864725bc,HOM-0013,Electric Kettle,362,42,0.669406392694064,365.0,30.281246,7.028767123287672,11.714611872146119,0,0.0
9f167431-4fc2-4c8d-b06b-e39ea235151f,HOM-0014,Ceiling Fan 5-blade,225,50,0.01,365.0,,0.10500000000000001,0.17500000000000002,0,
9f167431-4fc2-4c8d-b06b-e39ea235151f,HOM-0014,Ceiling Fan 5-blade,435,38,0.01,365.0,,0.10500000000000001,0.17500000000000002,0,
9f167431-4fc2-4c8d-b06b-e39ea235151f,HOM-0014,Ceiling Fan 5-blade,175,30,0.01,365.0,,0.10500000000000001,0.17500000000000002,0,
613f6443-6cf9-485d-8895-6d88c4313bc9,HOM-0015,Water Purifier RO,285,48,0.5954337899543379,365.0,44.138702,6.252054794520548,10.420091324200914,0,0.0
5a793d9e-2e0f-4408-91a2-ec4759f3124f,FUR-0016,Office Chair Ergonomic,404,18,0.7589041095890412,365.0,31.845335,7.968493150684933,13.280821917808222,0,0.0
20fceb67-8e83-4614-88dc-e8dd306d36b4,FUR-0017,Standing Desk 140cm,293,10,0.5187214611872146,365.0,37.767902,5.446575342465753,9.077625570776256,0,0.0
20fceb67-8e83-4614-88dc-e8dd306d36b4,FUR-0017,Standing Desk 140cm,394,21,0.5187214611872146,365.0,37.767902,5.446575342465753,9.077625570776256,0,0.0
20fceb67-8e83-4614-88dc-e8dd306d36b4,FUR-0017,Standing Desk 140cm,334,41,0.5187214611872146,365.0,37.767902,5.446575342465753,9.077625570776256,0,0.0
4873c777-18c0-46e1-8995-0ad81b840c91,FUR-0018,Bookshelf 5-tier,91,14,0.6940639269406393,131.11184210526315,39.861366,7.287671232876713,12.146118721461189,0,0.0
4873c777-18c0-46e1-8995-0ad81b840c91,FUR-0018,Bookshelf 5-tier,476,38,0.6940639269406393,365.0,39.861366,7.287671232876713,12.146118721461189,0,0.0
4873c777-18c0-46e1-8995-0ad81b840c91,FUR-0018,Bookshelf 5-tier,230,34,0.6940639269406393,331.3815789473684,39.861366,7.287671232876713,12.146118721461189,0,0.0
437d7316-d30f-49da-b174-1510f133a8ae,FUR-0019,Sofa 3-seater,140,10,0.6219178082191782,225.11013215859026,30.292364,6.53013698630137,10.883561643835616,0,0.0
437d7316-d30f-49da-b174-1510f133a8ae,FUR-0019,Sofa 3-seater,286,33,0.6219178082191782,365.0,30.292364,6.53013698630137,10.883561643835616,0,0.0
6b3e9a6d-fc0d-4ed4-9f29-ebe9ba4a5d21,FUR-0020,Dining Table Set,54,24,0.8109589041095892,66.58783783783782,22.066902,8.515068493150686,14.19178082191781,0,0.0
6b3e9a6d-fc0d-4ed4-9f29-ebe9ba4a5d21,FUR-0020,Dining Table Set,438,27,0.8109589041095892,365.0,22.066902,8.515068493150686,14.19178082191781,0,0.0
65185463-9721-480d-87cf-d5fe9d651caf,STA-0021,A4 Paper Ream,96,49,0.6484018264840182,148.05633802816902,28.198997,6.808219178082192,11.34703196347032,0,0.0
35b4790f-35a5-4620-b0a3-99a3af200f08,STA-0022,Whiteboard Marker Set,163,24,0.6383561643835617,255.34334763948496,29.359974,6.7027397260273975,11.17123287671233,0,0.0
35b4790f-35a5-4620-b0a3-99a3af200f08,STA-0022,Whiteboard Marker Set,235,12,0.6383561643835617,365.0,29.359974,6.7027397260273975,11.17123287671233,0,0.0
35b4790f-35a5-4620-b0a3-99a3af200f08,STA-0022,Whiteboard Marker Set,302,48,0.6383561643835617,365.0,29.359974,6.7027397260273975,11.17123287671233,0,0.0
4bb586c3-cd53-40a5-b0a5-56f41ca4da8c,STA-0023,Stapler Heavy Duty,150,50,0.5926940639269407,253.08166409861323,25.874308,6.223287671232876,10.37214611872146,0,0.0
f56c4221-4aa1-46d0-b124-8d9820a24955,STA-0024,File Cabinet A4,495,27,0.6977168949771689,365.0,35.47465,7.326027397260274,12.210045662100457,0,0.0
62f59711-d345-4776-ba1c-9f705b40eefa,STA-0025,Notebook B5 Pack,332,22,0.7059360730593608,365.0,32.92315,7.412328767123288,12.353881278538815,0,0.0
abb65833-1f15-4937-83e0-5ef31b34e28e,FOO-0026,Green Tea 100g,351,18,0.5817351598173516,365.0,24.031832,6.108219178082192,10.180365296803654,0,0.0
2510e254-29c7-413a-8930-064acc23e0c5,FOO-0027,Instant Coffee 200g,182,46,0.01,365.0,,0.10500000000000001,0.17500000000000002,0,
ca8a5f29-d81b-4644-84cd-5891e212a59b,FOO-0028,Mixed Nuts 500g,423,27,0.6392694063926941,365.0,25.35798,6.712328767123289,11.187214611872147,0,0.0
ca8a5f29-d81b-4644-84cd-5891e212a59b,FOO-0028,Mixed Nuts 500g,484,11,0.6392694063926941,365.0,25.35798,6.712328767123289,11.187214611872147,0,0.0
ca8a5f29-d81b-4644-84cd-5891e212a59b,FOO-0028,Mixed Nuts 500g,398,45,0.6392694063926941,365.0,25.35798,6.712328767123289,11.187214611872147,0,0.0
95d1ea10-3387-487c-b9e0-a8e01e78b892,FOO-0029,Protein Bar Box,268,13,0.4621004566210046,365.0,31.975243,4.852054794520548,8.08675799086758,0,0.0
451edece-298d-4392-84a9-ab8704039fc1,FOO-0030,Mineral Water 12pk,482,36,0.669406392694064,365.0,29.268484,7.028767123287672,11.714611872146119,0,0.0
451edece-298d-4392-84a9-ab8704039fc1,FOO-0030,Mineral Water 12pk,112,43,0.669406392694064,167.31241473396997,29.268484,7.028767123287672,11.714611872146119,0,0.0
2b8992f9-b556-4667-844e-ec478a0135db,PHA-0031,Vitamin C Tablets,235,43,0.5817351598173516,365.0,35.32892,6.108219178082192,10.180365296803654,0,0.0
2b8992f9-b556-4667-844e-ec478a0135db,PHA-0031,Vitamin C Tablets,419,24,0.5817351598173516,365.0,35.32892,6.108219178082192,10.180365296803654,0,0.0
9a9249df-4eaf-416a-b512-8b1b80578f21,PHA-0032,Paracetamol Strip,265,44,0.612785388127854,365.0,27.843128,6.434246575342467,10.723744292237445,0,0.0
9a9249df-4eaf-416a-b512-8b1b80578f21,PHA-0032,Paracetamol Strip,211,10,0.612785388127854,344.3293591654247,27.843128,6.434246575342467,10.723744292237445,0,0.0
d05afd37-e653-4cc8-b1b5-698c041ab977,PHA-0033,Hand Sanitizer 500ml,221,15,0.6666666666666667,331.49999999999994,31.979889,7.0,11.666666666666668,0,0.0
6ee3aef9-d63c-4ecf-87d6-e76c2a6a268d,PHA-0034,Digital Thermometer,165,37,0.664840182648402,248.17994505494502,26.4391,6.98082191780822,11.634703196347033,0,0.0
6ee3aef9-d63c-4ecf-87d6-e76c2a6a268d,PHA-0034,Digital Thermometer,177,22,0.664840182648402,266.22939560439556,26.4391,6.98082191780822,11.634703196347033,0,0.0
6ee3aef9-d63c-4ecf-87d6-e76c2a6a268d,PHA-0034,Digital Thermometer,218,29,0.664840182648402,327.8983516483516,26.4391,6.98082191780822,11.634703196347033,0,0.0
abd209ce-eda3-4b78-bcf8-deaf81c37c39,PHA-0035,Blood Glucose Monitor,370,16,0.4675799086757991,365.0,29.445044,4.909589041095891,8.182648401826484,0,0.0
abd209ce-eda3-4b78-bcf8-deaf81c37c39,PHA-0035,Blood Glucose Monitor,295,37,0.4675799086757991,365.0,29.445044,4.909589041095891,8.182648401826484,0,0.0
abd209ce-eda3-4b78-bcf8-deaf81c37c39,PHA-0035,Blood Glucose Monitor,353,50,0.4675799086757991,365.0,29.445044,4.909589041095891,8.182648401826484,0,0.0
aeccf1b7-3de3-4aae-8d4b-ffe77f212bfb,AUT-0036,Engine Oil 5L,176,16,0.6310502283105023,278.9001447178003,32.22452,6.626027397260274,11.043378995433791,0,0.0
aeccf1b7-3de3-4aae-8d4b-ffe77f212bfb,AUT-0036,Engine Oil 5L,172,31,0.6310502283105023,272.561505065123,32.22452,6.626027397260274,11.043378995433791,0,0.0
17bc0382-26c5-4a90-8bdb-59f7d3f963d2,AUT-0037,Brake Pads Set,316,25,0.5214611872146119,365.0,26.639473,5.475342465753425,9.125570776255708,0,0.0
17bc0382-26c5-4a90-8bdb-59f7d3f963d2,AUT-0037,Brake Pads Set,447,48,0.5214611872146119,365.0,26.639473,5.475342465753425,9.125570776255708,0,0.0
45e95b25-0053-4fe3-a4ea-c13ccf3e2124,AUT-0038,Car Battery 65Ah,370,38,0.5662100456621005,365.0,30.153927,5.9452054794520555,9.908675799086758,0,0.0
d4eb0c40-3b3d-4e1f-a672-353879b98b3f,AUT-0039,Wiper Blades Pair,81,12,0.5278538812785388,153.4515570934256,34.175583,5.542465753424658,9.237442922374429,0,0.0
23554f24-8ab0-477e-97f2-40f9e2e9d2ee,AUT-0040,Air Filter,484,14,0.6913242009132421,365.0,24.905752,7.258904109589041,12.098173515981735,0,0.0
23554f24-8ab0-477e-97f2-40f9e2e9d2ee,AUT-0040,Air Filter,81,38,0.6913242009132421,117.16644649933949,24.905752,7.258904109589041,12.098173515981735,0,0.0
6d425cbb-5231-4e6b-ae67-f4894bb3111c,TOY-0041,LEGO City Set,362,50,0.6,365.0,33.607155,6.300000000000001,10.5,0,0.0
6d425cbb-5231-4e6b-ae67-f4894bb3111c,TOY-0041,LEGO City Set,83,16,0.6,138.33333333333334,33.607155,6.300000000000001,10.5,0,0.0
3291ceba-979e-49e9-bedb-4255e6ed5105,TOY-0042,Remote Control Car,76,28,0.01,365.0,,0.10500000000000001,0.17500000000000002,0,
3291ceba-979e-49e9-bedb-4255e6ed5105,TOY-0042,Remote Control Car,255,16,0.01,365.0,,0.10500000000000001,0.17500000000000002,0,
3291ceba-979e-49e9-bedb-4255e6ed5105,TOY-0042,Remote Control Car,169,48,0.01,365.0,,0.10500000000000001,0.17500000000000002,0,
17d20f21-9726-4c5a-91bb-09c90a37808f,TOY-0043,Board Game Family,246,39,0.6191780821917809,365.0,44.374138,6.5013698630137,10.835616438356166,0,0.0
17d20f21-9726-4c5a-91bb-09c90a37808f,TOY-0043,Board Game Family,500,49,0.6191780821917809,365.0,44.374138,6.5013698630137,10.835616438356166,0,0.0
68adf499-c0ed-430f-8ee8-66b9d08b1175,TOY-0044,Puzzle 1000 pieces,383,11,0.6566210045662101,365.0,32.101055,6.894520547945206,11.490867579908677,0,0.0
68adf499-c0ed-430f-8ee8-66b9d08b1175,TOY-0044,Puzzle 1000 pieces,314,31,0.6566210045662101,365.0,32.101055,6.894520547945206,11.490867579908677,0,0.0
223c7f1a-cdf4-4b0c-ba22-3f681d472a04,TOY-0045,Action Figure Set,102,10,0.43561643835616437,234.1509433962264,17.216825,4.573972602739726,7.623287671232877,0,0.0
0b81ca2c-e22b-4b02-955e-9b6498730fe8,SPO-0046,Yoga Mat 6mm,454,22,0.8383561643835618,365.0,30.177446,8.802739726027397,14.67123287671233,0,0.0
0b81ca2c-e22b-4b02-955e-9b6498730fe8,SPO-0046,Yoga Mat 6mm,376,42,0.8383561643835618,365.0,30.177446,8.802739726027397,14.67123287671233,0,0.0
0b81ca2c-e22b-4b02-955e-9b6498730fe8,SPO-0046,Yoga Mat 6mm,231,36,0.8383561643835618,275.5392156862745,30.177446,8.802739726027397,14.67123287671233,0,0.0
4d482624-14a0-462d-a1a3-d37eef1c23f1,SPO-0047,Dumbbell Pair 5kg,367,38,0.5050228310502284,365.0,26.436563,5.302739726027398,8.837899543378997,0,0.0
4d482624-14a0-462d-a1a3-d37eef1c23f1,SPO-0047,Dumbbell Pair 5kg,174,18,0.5050228310502284,344.53887884267624,26.436563,5.302739726027398,8.837899543378997,0,0.0
4d482624-14a0-462d-a1a3-d37eef1c23f1,SPO-0047,Dumbbell Pair 5kg,80,18,0.5050228310502284,158.40867992766724,26.436563,5.302739726027398,8.837899543378997,0,0.0
927a9643-e61f-4abf-af7f-7c538958dab2,SPO-0048,Resistance Band Set,273,42,0.628310502283105,365.0,30.240696,6.597260273972603,10.995433789954339,0,0.0
927a9643-e61f-4abf-af7f-7c538958dab2,SPO-0048,Resistance Band Set,209,47,0.628310502283105,332.6380813953488,30.240696,6.597260273972603,10.995433789954339,0,0.0
927a9643-e61f-4abf-af7f-7c538958dab2,SPO-0048,Resistance Band Set,125,40,0.628310502283105,198.94622093023256,30.240696,6.597260273972603,10.995433789954339,0,0.0
b53dabc8-da24-4aef-92af-c502ae7d9275,SPO-0049,Jump Rope Speed,225,28,0.7698630136986303,292.25978647686827,26.872131,8.083561643835617,13.472602739726028,0,0.0
b53dabc8-da24-4aef-92af-c502ae7d9275,SPO-0049,Jump Rope Speed,54,43,0.7698630136986303,70.14234875444838,26.872131,8.083561643835617,13.472602739726028,0,0.0
b53dabc8-da24-4aef-92af-c502ae7d9275,SPO-0049,Jump Rope Speed,79,25,0.7698630136986303,102.61565836298931,26.872131,8.083561643835617,13.472602739726028,0,0.0
44d57250-3035-4464-8b48-ce4d2ea55d0e,SPO-0050,Gym Gloves,226,22,0.6611872146118722,341.8093922651933,33.36168,6.942465753424658,11.570776255707763,0,0.0
44d57250-3035-4464-8b48-ce4d2ea55d0e,SPO-0050,Gym Gloves,377,22,0.6611872146118722,365.0,33.36168,6.942465753424658,11.570776255707763,0,0.0
6d3d8f6e-12ca-4780-a42d-ca47215411e7,BEA-0051,Shampoo 400ml,146,40,0.5479452054794521,266.45,38.05043,5.753424657534247,9.589041095890412,0,0.0
6d3d8f6e-12ca-4780-a42d-ca47215411e7,BEA-0051,Shampoo 400ml,357,31,0.5479452054794521,365.0,38.05043,5.753424657534247,9.589041095890412,0,0.0
e726516f-6d38-492e-bf70-30b475b7822b,BEA-0052,Face Serum 30ml,203,36,0.7753424657534247,261.81978798586573,35.150387,8.14109589041096,13.568493150684933,0,0.0
e726516f-6d38-492e-bf70-30b475b7822b,BEA-0052,Face Serum 30ml,133,16,0.7753424657534247,171.53710247349824,35.150387,8.14109589041096,13.568493150684933,0,0.0
e726516f-6d38-492e-bf70-30b475b7822b,BEA-0052,Face Serum 30ml,498,12,0.7753424657534247,365.0,35.150387,8.14109589041096,13.568493150684933,0,0.0
0cf8bc81-3e95-427a-9595-17c5eca46d07,BEA-0053,Sunscreen SPF50,51,50,0.7342465753424658,69.4589552238806,29.989443,7.709589041095891,12.849315068493151,0,0.0
2defa1c3-d5dd-466a-8ac5-9d631e118409,BEA-0054,Electric Toothbrush,167,39,0.7415525114155253,225.2032019704433,34.407253,7.786301369863015,12.977168949771691,0,0.0
2defa1c3-d5dd-466a-8ac5-9d631e118409,BEA-0054,Electric Toothbrush,172,40,0.7415525114155253,231.94581280788174,34.407253,7.786301369863015,12.977168949771691,0,0.0
2defa1c3-d5dd-466a-8ac5-9d631e118409,BEA-0054,Electric Toothbrush,463,34,0.7415525114155253,365.0,34.407253,7.786301369863015,12.977168949771691,0,0.0
9fad937c-bba8-47c5-82de-3ebdfe76cc0d,BEA-0055,Perfume 50ml EDP,144,10,0.5963470319634704,241.47013782542112,35.65683,6.261643835616439,10.43607305936073,0,0.0
9fad937c-bba8-47c5-82de-3ebdfe76cc0d,BEA-0055,Perfume 50ml EDP,55,14,0.5963470319634704,92.2281776416539,35.65683,6.261643835616439,10.43607305936073,0,0.0
daf54a69-f33b-4f46-b115-7c013ff617f2,BOO-0056,Python Data Science,334,17,0.011872146118721462,365.0,,0.12465753424657534,0.2077625570776256,0,
2eb29e57-c097-4dc3-9d1c-6584cb47647d,BOO-0057,Business Strategy,275,22,0.6986301369863014,365.0,27.762959,7.3356164383561655,12.226027397260275,0,0.0
2eb29e57-c097-4dc3-9d1c-6584cb47647d,BOO-0057,Business Strategy,72,11,0.6986301369863014,103.05882352941177,27.762959,7.3356164383561655,12.226027397260275,0,0.0
30d7276f-364f-4360-ac7e-3f10f5f66222,BOO-0058,Machine Learning A-Z,195,21,0.7378995433789955,264.2636138613861,36.01284,7.7479452054794535,12.913242009132421,0,0.0
85c1e8e5-6d70-462f-a4fb-60888d1e0b4d,BOO-0059,Financial Modeling,418,21,0.6246575342465753,365.0,24.936457,6.558904109589042,10.93150684931507,0,0.0
85c1e8e5-6d70-462f-a4fb-60888d1e0b4d,BOO-0059,Financial Modeling,483,45,0.6246575342465753,365.0,24.936457,6.558904109589042,10.93150684931507,0,0.0
e65e182e-8956-4759-86ae-bd82ac92d30b,BOO-0060,Management Accounting,150,11,0.560730593607306,267.5081433224755,26.4661,5.887671232876714,9.812785388127857,0,0.0
55286215-853a-4600-9247-207fcb9a919f,HAR-0061,Cordless Drill 18V,101,11,0.6794520547945205,148.6491935483871,25.934755,7.134246575342466,11.89041095890411,0,0.0
55286215-853a-4600-9247-207fcb9a919f,HAR-0061,Cordless Drill 18V,244,17,0.6794520547945205,359.11290322580646,25.934755,7.134246575342466,11.89041095890411,0,0.0
96234a43-181f-4a91-8bfa-4e50782f0bb2,HAR-0062,Angle Grinder 115mm,206,39,0.6849315068493151,300.76,17.583023,7.191780821917809,11.986301369863014,0,0.0
64a2b7bd-a93d-473e-b30e-1716e2d0677a,HAR-0063,Measuring Tape 10m,464,33,0.6328767123287672,365.0,40.92471,6.645205479452056,11.075342465753426,0,0.0
64a2b7bd-a93d-473e-b30e-1716e2d0677a,HAR-0063,Measuring Tape 10m,319,49,0.6328767123287672,365.0,40.92471,6.645205479452056,11.075342465753426,0,0.0
e2803781-b7dd-42dd-8886-01955dc4bf3a,HAR-0064,Socket Wrench Set,83,17,0.5616438356164384,147.78048780487805,42.03129,5.897260273972603,9.828767123287673,0,0.0
e2803781-b7dd-42dd-8886-01955dc4bf3a,HAR-0064,Socket Wrench Set,116,22,0.5616438356164384,206.53658536585365,42.03129,5.897260273972603,9.828767123287673,0,0.0
e2803781-b7dd-42dd-8886-01955dc4bf3a,HAR-0064,Socket Wrench Set,322,34,0.5616438356164384,365.0,42.03129,5.897260273972603,9.828767123287673,0,0.0
c0c5bab9-e34d-4587-b949-2136a4132600,HAR-0065,Safety Goggles,356,37,0.6977168949771689,365.0,28.173996,7.326027397260274,12.210045662100457,0,0.0
c0c5bab9-e34d-4587-b949-2136a4132600,HAR-0065,Safety Goggles,73,49,0.6977168949771689,104.62696335078535,28.173996,7.326027397260274,12.210045662100457,0,0.0
e5d3c72d-3d83-493b-8dfd-4540d5d9811d,PAC-0066,Bubble Wrap Roll 50m,200,19,0.7168949771689499,278.98089171974516,29.335123,7.527397260273974,12.545662100456623,0,0.0
e5d3c72d-3d83-493b-8dfd-4540d5d9811d,PAC-0066,Bubble Wrap Roll 50m,176,13,0.7168949771689499,245.50318471337576,29.335123,7.527397260273974,12.545662100456623,0,0.0
e5d3c72d-3d83-493b-8dfd-4540d5d9811d,PAC-0066,Bubble Wrap Roll 50m,496,18,0.7168949771689499,365.0,29.335123,7.527397260273974,12.545662100456623,0,0.0
ab85583e-7941-4515-9e42-d6f584bf9655,PAC-0067,Cardboard Box 40x30,422,15,0.6392694063926941,365.0,40.72427,6.712328767123289,11.187214611872147,0,0.0
56bf461e-bcf9-4686-bc39-3981b7a25916,PAC-0068,Stretch Wrap 500m,364,14,0.04109589041095891,365.0,,0.43150684931506855,0.7191780821917809,0,
56bf461e-bcf9-4686-bc39-3981b7a25916,PAC-0068,Stretch Wrap 500m,310,34,0.04109589041095891,365.0,,0.43150684931506855,0.7191780821917809,0,
56bf461e-bcf9-4686-bc39-3981b7a25916,PAC-0068,Stretch Wrap 500m,305,43,0.04109589041095891,365.0,,0.43150684931506855,0.7191780821917809,0,
c60b7484-6afe-4af4-8ee3-2415ae29ef8f,PAC-0069,Packing Tape 12pk,214,33,0.5269406392694064,365.0,22.851768,5.5328767123287665,9.221461187214611,0,0.0
cd2baffd-7a49-4d4b-814f-10213646716c,PAC-0070,Foam Sheets 5mm,303,40,0.5853881278538813,365.0,31.230068,6.146575342465754,10.244292237442924,0,0.0
cd2baffd-7a49-4d4b-814f-10213646716c,PAC-0070,Foam Sheets 5mm,347,35,0.5853881278538813,365.0,31.230068,6.146575342465754,10.244292237442924,0,0.0
cd2baffd-7a49-4d4b-814f-10213646716c,PAC-0070,Foam Sheets 5mm,156,24,0.5853881278538813,266.4898595943838,31.230068,6.146575342465754,10.244292237442924,0,0.0
9732d3ea-4429-460e-aba3-60137c8fe47a,RAW-0071,Steel Rod 12mm 6m,491,25,0.612785388127854,365.0,28.623621,6.434246575342467,10.723744292237445,0,0.0
9732d3ea-4429-460e-aba3-60137c8fe47a,RAW-0071,Steel Rod 12mm 6m,161,29,0.612785388127854,262.7347242921013,28.623621,6.434246575342467,10.723744292237445,0,0.0
374db197-cf73-48e6-b713-f9f48456b58b,RAW-0072,Copper Wire 1.5mm 100m,342,20,0.6529680365296804,365.0,27.421614,6.856164383561644,11.426940639269407,0,0.0
374db197-cf73-48e6-b713-f9f48456b58b,RAW-0072,Copper Wire 1.5mm 100m,180,45,0.6529680365296804,275.6643356643357,27.421614,6.856164383561644,11.426940639269407,0,0.0
8c9fb99e-40cd-4fe2-a980-02ec36269a99,RAW-0073,Aluminium Sheet 1mx2m,434,15,0.6246575342465753,365.0,25.394617,6.558904109589042,10.93150684931507,0,0.0
924ff049-28ae-46f8-a62f-9038e512c2c9,RAW-0074,PVC Pipe 110mm 3m,315,32,0.526027397260274,365.0,20.673878,5.523287671232877,9.205479452054796,0,0.0
924ff049-28ae-46f8-a62f-9038e512c2c9,RAW-0074,PVC Pipe 110mm 3m,348,12,0.526027397260274,365.0,20.673878,5.523287671232877,9.205479452054796,0,0.0
90944231-c618-4ba0-8126-57f7a3e5ddb1,RAW-0075,Epoxy Resin 1kg,368,31,0.7315068493150686,365.0,37.456203,7.68082191780822,12.8013698630137,0,0.0
90944231-c618-4ba0-8126-57f7a3e5ddb1,RAW-0075,Epoxy Resin 1kg,280,39,0.7315068493150686,365.0,37.456203,7.68082191780822,12.8013698630137,0,0.0
90944231-c618-4ba0-8126-57f7a3e5ddb1,RAW-0075,Epoxy Resin 1kg,259,33,0.7315068493150686,354.06367041198496,37.456203,7.68082191780822,12.8013698630137,0,0.0
e1273ab0-7e90-4cbe-ab27-01dc4adf8162,CHE-0076,Caustic Soda 25kg,189,34,0.6511415525114156,290.2594670406732,25.058271,6.836986301369864,11.394977168949772,0,0.0
e1273ab0-7e90-4cbe-ab27-01dc4adf8162,CHE-0076,Caustic Soda 25kg,141,38,0.6511415525114156,216.54277699859745,25.058271,6.836986301369864,11.394977168949772,0,0.0
71f624c0-faf1-4a0e-b0ca-b1ecab4e3833,CHE-0077,Hydrogen Peroxide 5L,380,14,0.8292237442922376,365.0,42.26476,8.706849315068494,14.511415525114156,0,0.0
71f624c0-faf1-4a0e-b0ca-b1ecab4e3833,CHE-0077,Hydrogen Peroxide 5L,92,28,0.8292237442922376,110.94713656387664,42.26476,8.706849315068494,14.511415525114156,0,0.0
4230d32a-2387-4fc6-b9b4-6443fd220cdf,CHE-0078,Acetone 5L,166,16,0.6219178082191782,266.9162995594713,32.34414,6.53013698630137,10.883561643835616,0,0.0
4230d32a-2387-4fc6-b9b4-6443fd220cdf,CHE-0078,Acetone 5L,86,33,0.6219178082191782,138.28193832599118,32.34414,6.53013698630137,10.883561643835616,0,0.0
f61f786d-bfbe-4302-9524-3043687e61d5,CHE-0079,Isopropanol 5L,152,31,0.6210045662100457,244.7647058823529,30.072285,6.52054794520548,10.8675799086758,0,0.0
f61f786d-bfbe-4302-9524-3043687e61d5,CHE-0079,Isopropanol 5L,395,31,0.6210045662100457,365.0,30.072285,6.52054794520548,10.8675799086758,0,0.0
f61f786d-bfbe-4302-9524-3043687e61d5,CHE-0079,Isopropanol 5L,204,27,0.6210045662100457,328.49999999999994,30.072285,6.52054794520548,10.8675799086758,0,0.0
58f743f3-4320-4cea-a592-1c4e32c5a48e,CHE-0080,Sodium Carbonate 50kg,359,18,0.5196347031963471,365.0,25.257275,5.456164383561644,9.093607305936073,0,0.0
58f743f3-4320-4cea-a592-1c4e32c5a48e,CHE-0080,Sodium Carbonate 50kg,54,29,0.5196347031963471,103.91915641476274,25.257275,5.456164383561644,9.093607305936073,0,0.0
58f743f3-4320-4cea-a592-1c4e32c5a48e,CHE-0080,Sodium Carbonate 50kg,471,32,0.5196347031963471,365.0,25.257275,5.456164383561644,9.093607305936073,0,0.0
fac6127a-5487-4c5c-a7ea-bb2042509896,ELE-0081,Cable 1.5mm2 100m,470,47,0.6547945205479452,365.0,24.052626,6.875342465753425,11.458904109589042,0,0.0
fac6127a-5487-4c5c-a7ea-bb2042509896,ELE-0081,Cable 1.5mm2 100m,291,42,0.6547945205479452,365.0,24.052626,6.875342465753425,11.458904109589042,0,0.0
c43f017f-7168-44b9-a220-61235d3e7fc6,ELE-0082,MCB 32A,166,24,0.5214611872146119,318.3362521891419,30.40211,5.475342465753425,9.125570776255708,0,0.0
c43f017f-7168-44b9-a220-61235d3e7fc6,ELE-0082,MCB 32A,292,24,0.5214611872146119,365.0,30.40211,5.475342465753425,9.125570776255708,0,0.0
ffaeda83-1622-469b-abf3-ee76b852e44d,ELE-0083,Distribution Board 8way,466,39,0.7123287671232877,365.0,32.450016,7.479452054794521,12.465753424657535,0,0.0
ffaeda83-1622-469b-abf3-ee76b852e44d,ELE-0083,Distribution Board 8way,455,15,0.7123287671232877,365.0,32.450016,7.479452054794521,12.465753424657535,0,0.0
ffaeda83-1622-469b-abf3-ee76b852e44d,ELE-0083,Distribution Board 8way,483,22,0.7123287671232877,365.0,32.450016,7.479452054794521,12.465753424657535,0,0.0
d549ed7a-7066-4bff-865b-cb96022a4063,ELE-0084,LED Bulb 9W 6pk,263,23,0.6703196347031964,365.0,36.533985,7.038356164383562,11.730593607305938,0,0.0
d549ed7a-7066-4bff-865b-cb96022a4063,ELE-0084,LED Bulb 9W 6pk,280,45,0.6703196347031964,365.0,36.533985,7.038356164383562,11.730593607305938,0,0.0
d549ed7a-7066-4bff-865b-cb96022a4063,ELE-0084,LED Bulb 9W 6pk,241,18,0.6703196347031964,359.52997275204353,36.533985,7.038356164383562,11.730593607305938,0,0.0
ac08b04c-2866-45ef-aa72-41e390c55378,ELE-0085,Extension Cord 5m 4way,427,10,0.5844748858447489,365.0,30.259647,6.1369863013698644,10.228310502283108,0,0.0
ac08b04c-2866-45ef-aa72-41e390c55378,ELE-0085,Extension Cord 5m 4way,464,32,0.5844748858447489,365.0,30.259647,6.1369863013698644,10.228310502283108,0,0.0
2f8623bd-f52c-49b7-a825-da00b11cedbc,AGR-0086,Fertilizer NPK 50kg,264,37,0.7963470319634703,331.5137614678899,39.361576,8.361643835616439,13.936073059360732,0,0.0
b2720e94-d455-49bf-985f-d012a278f2a4,AGR-0087,Drip Irrigation Kit,325,29,0.5378995433789955,365.0,33.533546,5.647945205479452,9.413242009132421,0,0.0
b2720e94-d455-49bf-985f-d012a278f2a4,AGR-0087,Drip Irrigation Kit,350,11,0.5378995433789955,365.0,33.533546,5.647945205479452,9.413242009132421,0,0.0
b2720e94-d455-49bf-985f-d012a278f2a4,AGR-0087,Drip Irrigation Kit,121,19,0.5378995433789955,224.9490662139219,33.533546,5.647945205479452,9.413242009132421,0,0.0
520f24dd-6e33-4262-b2f4-2b6446c450c1,AGR-0088,Pesticide Spray 1L,372,48,0.6639269406392695,365.0,35.792236,6.97123287671233,11.618721461187217,0,0.0
520f24dd-6e33-4262-b2f4-2b6446c450c1,AGR-0088,Pesticide Spray 1L,245,23,0.6639269406392695,365.0,35.792236,6.97123287671233,11.618721461187217,0,0.0
520f24dd-6e33-4262-b2f4-2b6446c450c1,AGR-0088,Pesticide Spray 1L,82,44,0.6639269406392695,123.50756533700135,35.792236,6.97123287671233,11.618721461187217,0,0.0
6fc7cdff-dbab-44a7-a92b-7f995b8da53d,AGR-0089,Greenhouse Net 50m,293,16,0.5415525114155252,365.0,18.121315,5.686301369863014,9.477168949771691,0,0.0
09847cdd-7322-4e6e-b847-99bf0ef32825,AGR-0090,Seed Tray 72-cell,281,50,0.5534246575342466,365.0,30.64512,5.810958904109589,9.684931506849315,0,0.0
09847cdd-7322-4e6e-b847-99bf0ef32825,AGR-0090,Seed Tray 72-cell,97,20,0.5534246575342466,175.27227722772275,30.64512,5.810958904109589,9.684931506849315,0,0.0
09847cdd-7322-4e6e-b847-99bf0ef32825,AGR-0090,Seed Tray 72-cell,395,45,0.5534246575342466,365.0,30.64512,5.810958904109589,9.684931506849315,0,0.0
4e1754f0-2d41-4b0e-90c9-df22970bcba3,CLE-0091,Floor Cleaner 5L,473,48,0.6155251141552512,365.0,31.971714,6.463013698630138,10.771689497716896,0,0.0
778f3133-33ce-407c-8d4d-5bbc4f2f1768,CLE-0092,Disinfectant 5L,145,22,0.6840182648401827,211.9826435246996,31.5716,7.182191780821919,11.970319634703198,0,0.0
616347f8-352e-430e-a925-3da822f2fb86,CLE-0093,Microfibre Cloth 10pk,195,23,0.6867579908675799,283.94281914893617,30.97174,7.210958904109589,12.018264840182649,0,0.0
616347f8-352e-430e-a925-3da822f2fb86,CLE-0093,Microfibre Cloth 10pk,199,43,0.6867579908675799,289.76728723404256,30.97174,7.210958904109589,12.018264840182649,0,0.0
c4a84943-18be-47f1-a6fc-4f23d8988ed4,CLE-0094,Mop & Bucket Set,79,33,0.7963470319634703,99.20298165137615,29.494522,8.361643835616439,13.936073059360732,0,0.0
c4a84943-18be-47f1-a6fc-4f23d8988ed4,CLE-0094,Mop & Bucket Set,137,30,0.7963470319634703,172.0355504587156,29.494522,8.361643835616439,13.936073059360732,0,0.0
994ec596-4ee2-4dc9-bd25-dff39bf77520,CLE-0095,Industrial Vacuum,130,17,0.5881278538812786,221.04037267080741,33.035164,6.175342465753426,10.292237442922376,0,0.0
994ec596-4ee2-4dc9-bd25-dff39bf77520,CLE-0095,Industrial Vacuum,324,36,0.5881278538812786,365.0,33.035164,6.175342465753426,10.292237442922376,0,0.0
79f083f3-ec93-412f-8f6e-b560ab09afd3,NET-0096,Router WiFi6,85,34,0.6182648401826485,137.4815361890694,21.720465,6.491780821917809,10.819634703196348,0,0.0
79f083f3-ec93-412f-8f6e-b560ab09afd3,NET-0096,Router WiFi6,116,23,0.6182648401826485,187.62186115214178,21.720465,6.491780821917809,10.819634703196348,0,0.0
79f083f3-ec93-412f-8f6e-b560ab09afd3,NET-0096,Router WiFi6,271,40,0.6182648401826485,365.0,21.720465,6.491780821917809,10.819634703196348,0,0.0
2cd5237e-1b3c-4eb9-a639-f8d3ab030d40,NET-0097,Network Switch 24port,344,29,0.01,365.0,,0.10500000000000001,0.17500000000000002,0,
2cd5237e-1b3c-4eb9-a639-f8d3ab030d40,NET-0097,Network Switch 24port,307,39,0.01,365.0,,0.10500000000000001,0.17500000000000002,0,
2cd5237e-1b3c-4eb9-a639-f8d3ab030d40,NET-0097,Network Switch 24port,153,10,0.01,365.0,,0.10500000000000001,0.17500000000000002,0,
a230a510-f18a-4dbc-97c2-6493da50dc95,NET-0098,Cat6 Cable 305m,82,35,0.5351598173515982,153.22525597269623,37.618973,5.619178082191782,9.36529680365297,0,0.0
a230a510-f18a-4dbc-97c2-6493da50dc95,NET-0098,Cat6 Cable 305m,319,31,0.5351598173515982,365.0,37.618973,5.619178082191782,9.36529680365297,0,0.0
f5fc8474-0f63-4350-ad4d-3e05cbe1291b,NET-0099,Patch Panel 24port,286,46,0.5726027397260275,365.0,32.898594,6.012328767123288,10.020547945205479,0,0.0
f5fc8474-0f63-4350-ad4d-3e05cbe1291b,NET-0099,Patch Panel 24port,427,15,0.5726027397260275,365.0,32.898594,6.012328767123288,10.020547945205479,0,0.0
e79253ed-3a72-4a75-a245-459ee1fc1e1d,NET-0100,Network Rack 9U,283,32,0.6721461187214613,365.0,26.58131,7.057534246575344,11.762557077625573,0,0.0
e79253ed-3a72-4a75-a245-459ee1fc1e1d,NET-0100,Network Rack 9U,250,49,0.6721461187214613,365.0,26.58131,7.057534246575344,11.762557077625573,0,0.0
e79253ed-3a72-4a75-a245-459ee1fc1e1d,NET-0100,Network Rack 9U,262,25,0.6721461187214613,365.0,26.58131,7.057534246575344,11.762557077625573,0,0.0
451a830b-74c3-4c82-b3e3-35a007108fd5,ELE-0001,Laptop Pro 15,425,37,0.5771689497716895,365.0,31.705553,6.06027397260274,10.100456621004568,0,0.0
451a830b-74c3-4c82-b3e3-35a007108fd5,ELE-0001,Laptop Pro 15,246,21,0.5771689497716895,365.0,31.705553,6.06027397260274,10.100456621004568,0,0.0
451a830b-74c3-4c82-b3e3-35a007108fd5,ELE-0001,Laptop Pro 15,251,12,0.5771689497716895,365.0,31.705553,6.06027397260274,10.100456621004568,0,0.0
dc8bc93d-6732-47e7-8a18-d2bab937e0a6,ELE-0002,Wireless Earbuds,190,50,0.6383561643835617,297.63948497854074,35.397957,6.7027397260273975,11.17123287671233,0,0.0
729693d7-2960-451e-86e5-257f31d0ac51,ELE-0003,USB-C Hub 7-in-1,84,23,0.6876712328767124,122.15139442231074,28.345905,7.22054794520548,12.034246575342467,0,0.0
729693d7-2960-451e-86e5-257f31d0ac51,ELE-0003,USB-C Hub 7-in-1,260,45,0.6876712328767124,365.0,28.345905,7.22054794520548,12.034246575342467,0,0.0
729693d7-2960-451e-86e5-257f31d0ac51,ELE-0003,USB-C Hub 7-in-1,238,14,0.6876712328767124,346.0956175298804,28.345905,7.22054794520548,12.034246575342467,0,0.0
7dff0732-937d-4b44-b66e-e7e97c0993a5,ELE-0004,Mechanical Keyboard,442,30,0.7232876712328767,365.0,24.76827,7.594520547945207,12.657534246575345,0,0.0
7dff0732-937d-4b44-b66e-e7e97c0993a5,ELE-0004,Mechanical Keyboard,280,20,0.7232876712328767,365.0,24.76827,7.594520547945207,12.657534246575345,0,0.0
7dff0732-937d-4b44-b66e-e7e97c0993a5,ELE-0004,Mechanical Keyboard,156,42,0.7232876712328767,215.6818181818182,24.76827,7.594520547945207,12.657534246575345,0,0.0
f96de01a-f1c4-4d61-9c4a-db8b5ccbb7ab,ELE-0005,Webcam 4K,63,14,0.647488584474886,97.2990126939351,38.086777,6.7986301369863025,11.331050228310504,0,0.0
f96de01a-f1c4-4d61-9c4a-db8b5ccbb7ab,ELE-0005,Webcam 4K,245,31,0.647488584474886,365.0,38.086777,6.7986301369863025,11.331050228310504,0,0.0
ee2f94ca-5305-4a9e-91ee-cf8fcdaca02e,CLO-0006,Mens Polo Shirt,253,12,0.6657534246575343,365.0,40.266514,6.99041095890411,11.650684931506849,0,0.0
0c05f074-6565-47ba-a6e2-7dec9364d060,CLO-0007,Womens Kurta,108,18,0.5315068493150685,203.19587628865978,33.138203,5.58082191780822,9.3013698630137,0,0.0
0c05f074-6565-47ba-a6e2-7dec9364d060,CLO-0007,Womens Kurta,393,39,0.5315068493150685,365.0,33.138203,5.58082191780822,9.3013698630137,0,0.0
9d41a7c0-7270-4cba-b4a8-440ae0580451,CLO-0008,Denim Jeans,84,15,0.5378995433789955,156.1629881154499,25.66605,5.647945205479452,9.413242009132421,0,0.0
9d41a7c0-7270-4cba-b4a8-440ae0580451,CLO-0008,Denim Jeans,415,38,0.5378995433789955,365.0,25.66605,5.647945205479452,9.413242009132421,0,0.0
3438e861-d142-4b94-abcc-c9070062d756,CLO-0009,Sports Joggers,470,27,0.01,365.0,,0.10500000000000001,0.17500000000000002,0,
3438e861-d142-4b94-abcc-c9070062d756,CLO-0009,Sports Joggers,137,11,0.01,365.0,,0.10500000000000001,0.17500000000000002,0,
a2b9d406-2a48-49a3-9a4d-fd0154fb93f0,CLO-0010,Winter Jacket,200,17,0.6337899543378995,315.5619596541787,27.984928,6.654794520547945,11.091324200913242,0,0.0
51f7c243-3b83-415a-a943-0a9a6431ce7d,HOM-0011,Microwave 20L,89,10,0.5963470319634704,149.24196018376722,32.51477,6.261643835616439,10.43607305936073,0,0.0
14734e34-9f7a-4207-b247-5d966fc8612f,HOM-0012,Air Purifier,275,32,0.8566210045662102,321.0287846481876,25.652155,8.994520547945207,14.990867579908677,0,0.0
bc3a6de5-8832-49cf-8809-2fc09b203f4b,HOM-0013,Electric Kettle,415,12,0.06757990867579909,365.0,,0.7095890410958905,1.182648401826484,0,
13df3b64-d3a9-4406-a253-f069392c7d7a,HOM-0014,Ceiling Fan 5-blade,406,13,0.01,365.0,,0.10500000000000001,0.17500000000000002,0,
13df3b64-d3a9-4406-a253-f069392c7d7a,HOM-0014,Ceiling Fan 5-blade,249,29,0.01,365.0,,0.10500000000000001,0.17500000000000002,0,
3903ee7b-8308-4a7a-b59c-739db2f0a93f,HOM-0015,Water Purifier RO,356,10,0.7324200913242009,365.0,34.916927,7.69041095890411,12.817351598173516,0,0.0
07fcdeee-418d-4c03-9755-c1474d974d9f,FUR-0016,Office Chair Ergonomic,442,22,0.6849315068493151,365.0,34.301266,7.191780821917809,11.986301369863014,0,0.0
07fcdeee-418d-4c03-9755-c1474d974d9f,FUR-0016,Office Chair Ergonomic,241,25,0.6849315068493151,351.85999999999996,34.301266,7.191780821917809,11.986301369863014,0,0.0
088cc24b-3a3a-465f-ad62-04703b90faab,FUR-0017,Standing Desk 140cm,58,36,0.6100456621004566,95.07485029940119,34.679127,6.405479452054795,10.67579908675799,0,0.0
0709044b-f6f6-40ec-8665-2a4af08a9225,FUR-0018,Bookshelf 5-tier,222,22,0.7187214611872147,308.8818297331639,28.577726,7.546575342465754,12.577625570776256,0,0.0
164e9747-efe6-4c5e-960f-5d3229d4c884,FUR-0019,Sofa 3-seater,99,20,0.6831050228310502,144.9264705882353,35.14814,7.1726027397260275,11.954337899543379,0,0.0
2fa1495e-2842-4def-97e9-f0ae8bf630ca,FUR-0020,Dining Table Set,262,42,0.5095890410958904,365.0,32.039864,5.35068493150685,8.917808219178083,0,0.0
80fff6c2-4945-4865-b9c2-cff28f93effc,STA-0021,A4 Paper Ream,215,45,0.5799086757990868,365.0,30.178785,6.089041095890412,10.148401826484019,0,0.0
80fff6c2-4945-4865-b9c2-cff28f93effc,STA-0021,A4 Paper Ream,369,23,0.5799086757990868,365.0,30.178785,6.089041095890412,10.148401826484019,0,0.0
28664619-ff24-4694-b930-1a5dbe6091f1,STA-0022,Whiteboard Marker Set,111,24,0.5789954337899543,191.71135646687696,33.61194,6.079452054794521,10.132420091324201,0,0.0
28664619-ff24-4694-b930-1a5dbe6091f1,STA-0022,Whiteboard Marker Set,104,32,0.5789954337899543,179.62145110410094,33.61194,6.079452054794521,10.132420091324201,0,0.0
4070bc47-530a-4ef9-9755-063a0fb7b092,STA-0023,Stapler Heavy Duty,57,35,0.01,365.0,,0.10500000000000001,0.17500000000000002,0,
2ed0ec87-124f-46cc-9a55-8894981c7536,STA-0024,File Cabinet A4,249,23,0.6219178082191782,365.0,28.774715,6.53013698630137,10.883561643835616,0,0.0
e538f647-8acc-4b56-b553-38ba907d2961,STA-0025,Notebook B5 Pack,83,27,0.673972602739726,123.15040650406505,30.629986,7.076712328767124,11.794520547945208,0,0.0
15c9839c-062e-403b-8fa0-6bdd223273c1,FOO-0026,Green Tea 100g,84,23,0.5552511415525114,151.2828947368421,29.859854,5.830136986301371,9.716894977168952,0,0.0
a7c78358-cfd6-42ae-8abf-d274b0635e4e,FOO-0027,Instant Coffee 200g,442,48,0.8237442922374429,365.0,30.827572,8.649315068493152,14.415525114155253,0,0.0
a7c78358-cfd6-42ae-8abf-d274b0635e4e,FOO-0027,Instant Coffee 200g,102,44,0.8237442922374429,123.82483370288249,30.827572,8.649315068493152,14.415525114155253,0,0.0
e684455d-3e26-40f5-ba9e-95fd0a57c1e0,FOO-0028,Mixed Nuts 500g,98,48,0.6867579908675799,142.6994680851064,28.203053,7.210958904109589,12.018264840182649,0,0.0
e684455d-3e26-40f5-ba9e-95fd0a57c1e0,FOO-0028,Mixed Nuts 500g,373,34,0.6867579908675799,365.0,28.203053,7.210958904109589,12.018264840182649,0,0.0
168ba32d-8e42-491c-9b74-57ef541328c4,FOO-0029,Protein Bar Box,139,50,0.5926940639269407,234.52234206471493,26.848778,6.223287671232876,10.37214611872146,0,0.0
168ba32d-8e42-491c-9b74-57ef541328c4,FOO-0029,Protein Bar Box,485,40,0.5926940639269407,365.0,26.848778,6.223287671232876,10.37214611872146,0,0.0
765d48f9-55e1-4afb-9861-bad8aadbf156,FOO-0030,Mineral Water 12pk,59,48,0.6894977168949773,85.56953642384104,29.302477,7.2397260273972615,12.066210045662103,0,0.0
765d48f9-55e1-4afb-9861-bad8aadbf156,FOO-0030,Mineral Water 12pk,245,42,0.6894977168949773,355.3311258278145,29.302477,7.2397260273972615,12.066210045662103,0,0.0
0257b008-13d2-4282-9e0c-4cc89e42e37d,PHA-0031,Vitamin C Tablets,350,10,0.5424657534246575,365.0,26.236162,5.695890410958904,9.493150684931507,0,0.0
0257b008-13d2-4282-9e0c-4cc89e42e37d,PHA-0031,Vitamin C Tablets,60,49,0.5424657534246575,110.60606060606061,26.236162,5.695890410958904,9.493150684931507,0,0.0
0257b008-13d2-4282-9e0c-4cc89e42e37d,PHA-0031,Vitamin C Tablets,208,25,0.5424657534246575,365.0,26.236162,5.695890410958904,9.493150684931507,0,0.0
f8e1ed7d-720a-4c72-8d8b-69736c725d37,PHA-0032,Paracetamol Strip,367,15,0.6593607305936073,365.0,27.792282,6.9232876712328775,11.538812785388128,0,0.0
a041a7be-5532-45cd-a918-2db954a57ac1,PHA-0033,Hand Sanitizer 500ml,241,41,0.6593607305936073,365.0,30.434202,6.9232876712328775,11.538812785388128,0,0.0
8dcf7b02-2406-43bb-8a6a-998d4df436f8,PHA-0034,Digital Thermometer,127,34,0.6757990867579908,187.92567567567568,40.9676,7.095890410958904,11.82648401826484,0,0.0
6b475483-1625-4f2c-b117-351cf1655410,PHA-0035,Blood Glucose Monitor,69,25,0.6621004566210046,104.21379310344827,29.744286,6.9520547945205475,11.586757990867579,0,0.0
6b475483-1625-4f2c-b117-351cf1655410,PHA-0035,Blood Glucose Monitor,428,31,0.6621004566210046,365.0,29.744286,6.9520547945205475,11.586757990867579,0,0.0
6b475483-1625-4f2c-b117-351cf1655410,PHA-0035,Blood Glucose Monitor,192,30,0.6621004566210046,289.9862068965517,29.744286,6.9520547945205475,11.586757990867579,0,0.0
ddf8f739-f37c-408f-a2b1-4f8d4127d422,AUT-0036,Engine Oil 5L,455,36,0.7826484018264841,365.0,33.16061,8.217808219178083,13.696347031963473,0,0.0
ddf8f739-f37c-408f-a2b1-4f8d4127d422,AUT-0036,Engine Oil 5L,434,11,0.7826484018264841,365.0,33.16061,8.217808219178083,13.696347031963473,0,0.0
ddf8f739-f37c-408f-a2b1-4f8d4127d422,AUT-0036,Engine Oil 5L,483,31,0.7826484018264841,365.0,33.16061,8.217808219178083,13.696347031963473,0,0.0
1360ad3c-8e40-4cc2-bd36-fbe041a68aa3,AUT-0037,Brake Pads Set,155,44,0.6246575342465753,248.1359649122807,37.136047,6.558904109589042,10.93150684931507,0,0.0
e51e77e7-dd7b-4b92-bb09-9b63885b9ee3,AUT-0038,Car Battery 65Ah,177,24,0.01,365.0,,0.10500000000000001,0.17500000000000002,0,
e51e77e7-dd7b-4b92-bb09-9b63885b9ee3,AUT-0038,Car Battery 65Ah,316,30,0.01,365.0,,0.10500000000000001,0.17500000000000002,0,
e51e77e7-dd7b-4b92-bb09-9b63885b9ee3,AUT-0038,Car Battery 65Ah,276,50,0.01,365.0,,0.10500000000000001,0.17500000000000002,0,
00ede939-073c-446d-8072-4a605f0a5e70,AUT-0039,Wiper Blades Pair,495,41,0.021917808219178082,365.0,,0.23013698630136986,0.3835616438356164,0,
8131c7ee-af84-4d9e-9b47-bf8565df23fb,AUT-0040,Air Filter,76,50,0.007305936073059361,365.0,,0.07671232876712329,0.1278538812785388,0,
dc9a1aa5-fde8-4582-b113-bd697b75593a,TOY-0041,LEGO City Set,114,15,0.6511415525114156,175.07713884992987,33.343468,6.836986301369864,11.394977168949772,0,0.0
a309c1dc-5aa3-4dbd-b16e-08fef8debb43,TOY-0042,Remote Control Car,331,23,0.5808219178082192,365.0,29.833456,6.098630136986302,10.164383561643838,0,0.0
a309c1dc-5aa3-4dbd-b16e-08fef8debb43,TOY-0042,Remote Control Car,309,15,0.5808219178082192,365.0,29.833456,6.098630136986302,10.164383561643838,0,0.0
a309c1dc-5aa3-4dbd-b16e-08fef8debb43,TOY-0042,Remote Control Car,421,39,0.5808219178082192,365.0,29.833456,6.098630136986302,10.164383561643838,0,0.0
f0541c66-02a9-4f29-8b7b-978bd961c099,TOY-0043,Board Game Family,419,22,0.634703196347032,365.0,26.098152,6.664383561643836,11.107305936073061,0,0.0
00838c15-5890-4bdb-bd1a-420d14f3d80a,TOY-0044,Puzzle 1000 pieces,140,48,0.7881278538812786,177.6361529548088,43.43877,8.275342465753425,13.792237442922374,0,0.0
00838c15-5890-4bdb-bd1a-420d14f3d80a,TOY-0044,Puzzle 1000 pieces,205,28,0.7881278538812786,260.1100811123986,43.43877,8.275342465753425,13.792237442922374,0,0.0
2b459446-db1d-415c-8375-51e0682d2aff,TOY-0045,Action Figure Set,153,27,0.7022831050228311,217.86085825747722,28.72486,7.373972602739727,12.289954337899545,0,0.0
2b459446-db1d-415c-8375-51e0682d2aff,TOY-0045,Action Figure Set,90,33,0.7022831050228311,128.15344603381013,28.72486,7.373972602739727,12.289954337899545,0,0.0
2b459446-db1d-415c-8375-51e0682d2aff,TOY-0045,Action Figure Set,243,20,0.7022831050228311,346.0143042912874,28.72486,7.373972602739727,12.289954337899545,0,0.0
a06f1df5-be73-410d-8c85-d463df710286,SPO-0046,Yoga Mat 6mm,266,42,0.7141552511415525,365.0,17.137424,7.498630136986302,12.49771689497717,0,0.0
a06f1df5-be73-410d-8c85-d463df710286,SPO-0046,Yoga Mat 6mm,439,19,0.7141552511415525,365.0,17.137424,7.498630136986302,12.49771689497717,0,0.0
041545d2-8183-4673-858f-240559cd6542,SPO-0047,Dumbbell Pair 5kg,440,34,0.710502283105023,365.0,35.169212,7.4602739726027405,12.4337899543379,0,0.0
e8818356-c705-4504-b056-4d518099ac1f,SPO-0048,Resistance Band Set,438,29,0.6849315068493151,365.0,30.73829,7.191780821917809,11.986301369863014,0,0.0
36fcfa46-2e95-4e66-beeb-6a3e49bb3f2f,SPO-0049,Jump Rope Speed,422,21,0.01,365.0,,0.10500000000000001,0.17500000000000002,0,
36fcfa46-2e95-4e66-beeb-6a3e49bb3f2f,SPO-0049,Jump Rope Speed,244,39,0.01,365.0,,0.10500000000000001,0.17500000000000002,0,
36fcfa46-2e95-4e66-beeb-6a3e49bb3f2f,SPO-0049,Jump Rope Speed,282,28,0.01,365.0,,0.10500000000000001,0.17500000000000002,0,
7b28a0f8-13c6-4dab-9a76-c4590d89acba,SPO-0050,Gym Gloves,360,40,0.5808219178082192,365.0,32.489243,6.098630136986302,10.164383561643838,0,0.0
7b28a0f8-13c6-4dab-9a76-c4590d89acba,SPO-0050,Gym Gloves,220,18,0.5808219178082192,365.0,32.489243,6.098630136986302,10.164383561643838,0,0.0
7b28a0f8-13c6-4dab-9a76-c4590d89acba,SPO-0050,Gym Gloves,150,19,0.5808219178082192,258.25471698113205,32.489243,6.098630136986302,10.164383561643838,0,0.0
85a27422-3d2d-415f-a2ed-46b9c2024e8a,BEA-0051,Shampoo 400ml,56,42,0.754337899543379,74.23728813559322,34.507603,7.92054794520548,13.200913242009133,0,0.0
58a47ebd-7b4d-4e0c-b52a-1fe0fc047592,BEA-0052,Face Serum 30ml,257,36,0.6392694063926941,365.0,23.18369,6.712328767123289,11.187214611872147,0,0.0
58a47ebd-7b4d-4e0c-b52a-1fe0fc047592,BEA-0052,Face Serum 30ml,430,33,0.6392694063926941,365.0,23.18369,6.712328767123289,11.187214611872147,0,0.0
e5bbbba8-1298-4abc-9a8b-ef824b3e89bc,BEA-0053,Sunscreen SPF50,207,47,0.8155251141552512,253.8241881298992,23.665112,8.563013698630137,14.271689497716896,0,0.0
e5bbbba8-1298-4abc-9a8b-ef824b3e89bc,BEA-0053,Sunscreen SPF50,259,12,0.8155251141552512,317.5867861142217,23.665112,8.563013698630137,14.271689497716896,0,0.0
2c02c0be-d80b-4095-915c-0b5a0400b506,BEA-0054,Electric Toothbrush,339,20,0.8118721461187215,365.0,28.825077,8.524657534246575,14.207762557077626,0,0.0
2c02c0be-d80b-4095-915c-0b5a0400b506,BEA-0054,Electric Toothbrush,440,37,0.8118721461187215,365.0,28.825077,8.524657534246575,14.207762557077626,0,0.0
a6554f7a-700f-410a-a605-462abe79814a,BEA-0055,Perfume 50ml EDP,228,42,0.7141552511415525,319.2583120204603,30.078232,7.498630136986302,12.49771689497717,0,0.0
a6554f7a-700f-410a-a605-462abe79814a,BEA-0055,Perfume 50ml EDP,375,33,0.7141552511415525,365.0,30.078232,7.498630136986302,12.49771689497717,0,0.0
a6554f7a-700f-410a-a605-462abe79814a,BEA-0055,Perfume 50ml EDP,383,34,0.7141552511415525,365.0,30.078232,7.498630136986302,12.49771689497717,0,0.0
5d9bf8bc-47e8-480b-9014-1cd9fc45a9c4,BOO-0056,Python Data Science,176,25,0.767123287671233,229.42857142857142,29.007622,8.054794520547945,13.424657534246576,0,0.0
5d9bf8bc-47e8-480b-9014-1cd9fc45a9c4,BOO-0056,Python Data Science,67,33,0.767123287671233,87.33928571428571,29.007622,8.054794520547945,13.424657534246576,0,0.0
5d9bf8bc-47e8-480b-9014-1cd9fc45a9c4,BOO-0056,Python Data Science,407,19,0.767123287671233,365.0,29.007622,8.054794520547945,13.424657534246576,0,0.0
a704fc2e-b4e7-4ca4-b48f-749a867e4173,BOO-0057,Business Strategy,283,19,0.8337899543378996,339.4140197152245,24.255812,8.754794520547946,14.591324200913244,0,0.0
a704fc2e-b4e7-4ca4-b48f-749a867e4173,BOO-0057,Business Strategy,176,48,0.8337899543378996,211.08433734939757,24.255812,8.754794520547946,14.591324200913244,0,0.0
a704fc2e-b4e7-4ca4-b48f-749a867e4173,BOO-0057,Business Strategy,56,17,0.8337899543378996,67.16319824753559,24.255812,8.754794520547946,14.591324200913244,0,0.0
f7aca668-829b-4b56-9d65-bce00d23e11b,BOO-0058,Machine Learning A-Z,414,34,0.6136986301369863,365.0,38.504887,6.443835616438356,10.73972602739726,0,0.0
f7aca668-829b-4b56-9d65-bce00d23e11b,BOO-0058,Machine Learning A-Z,411,47,0.6136986301369863,365.0,38.504887,6.443835616438356,10.73972602739726,0,0.0
f7aca668-829b-4b56-9d65-bce00d23e11b,BOO-0058,Machine Learning A-Z,315,22,0.6136986301369863,365.0,38.504887,6.443835616438356,10.73972602739726,0,0.0
17e6d579-beb4-4588-b8a0-bb101da944ac,BOO-0059,Financial Modeling,474,37,0.6611872146118722,365.0,21.366995,6.942465753424658,11.570776255707763,0,0.0
a83d72ad-c7a6-4895-99e4-e9c92be3bd1d,BOO-0060,Management Accounting,204,42,0.4675799086757991,365.0,25.343262,4.909589041095891,8.182648401826484,0,0.0
a83d72ad-c7a6-4895-99e4-e9c92be3bd1d,BOO-0060,Management Accounting,350,29,0.4675799086757991,365.0,25.343262,4.909589041095891,8.182648401826484,0,0.0
a83d72ad-c7a6-4895-99e4-e9c92be3bd1d,BOO-0060,Management Accounting,435,15,0.4675799086757991,365.0,25.343262,4.909589041095891,8.182648401826484,0,0.0
6f638e12-4a21-461f-9f90-a69409c37bb2,HAR-0061,Cordless Drill 18V,343,32,0.01,365.0,,0.10500000000000001,0.17500000000000002,0,
6f638e12-4a21-461f-9f90-a69409c37bb2,HAR-0061,Cordless Drill 18V,187,23,0.01,365.0,,0.10500000000000001,0.17500000000000002,0,
6f638e12-4a21-461f-9f90-a69409c37bb2,HAR-0061,Cordless Drill 18V,407,29,0.01,365.0,,0.10500000000000001,0.17500000000000002,0,
fb0c89b5-9e5c-4ad9-a903-a60bd28b92ee,HAR-0062,Angle Grinder 115mm,467,41,0.8566210045662102,365.0,31.411442,8.994520547945207,14.990867579908677,0,0.0
4b080d0f-0274-4f84-bab2-f20890b76d3c,HAR-0063,Measuring Tape 10m,85,36,0.5698630136986302,149.1586538461538,39.265858,5.983561643835618,9.972602739726028,0,0.0
ef84c682-cb00-443f-b43b-03058e6f44c3,HAR-0064,Socket Wrench Set,197,37,0.8283105022831051,237.8335170893054,27.93984,8.697260273972603,14.495433789954339,0,0.0
ef84c682-cb00-443f-b43b-03058e6f44c3,HAR-0064,Socket Wrench Set,140,33,0.8283105022831051,169.01874310915102,27.93984,8.697260273972603,14.495433789954339,0,0.0
ef84c682-cb00-443f-b43b-03058e6f44c3,HAR-0064,Socket Wrench Set,410,18,0.8283105022831051,365.0,27.93984,8.697260273972603,14.495433789954339,0,0.0
cee3d979-7d6c-4600-9f12-4b4db3adf7b1,HAR-0065,Safety Goggles,143,42,0.680365296803653,210.18120805369128,23.042112,7.1438356164383565,11.906392694063928,0,0.0
cee3d979-7d6c-4600-9f12-4b4db3adf7b1,HAR-0065,Safety Goggles,280,46,0.680365296803653,365.0,23.042112,7.1438356164383565,11.906392694063928,0,0.0
c9cc4c81-e01b-4e78-9738-61d08fd53dcc,PAC-0066,Bubble Wrap Roll 50m,152,13,0.01,365.0,,0.10500000000000001,0.17500000000000002,0,
2dd345c5-2fd1-410e-be08-d76851dd1383,PAC-0067,Cardboard Box 40x30,182,36,0.005479452054794521,365.0,,0.057534246575342465,0.0958904109589041,0,
ff653d54-683d-418a-9c52-7add77d080c7,PAC-0068,Stretch Wrap 500m,369,16,0.7287671232876712,365.0,33.79624,7.652054794520549,12.753424657534246,0,0.0
ff653d54-683d-418a-9c52-7add77d080c7,PAC-0068,Stretch Wrap 500m,90,28,0.7287671232876712,123.49624060150376,33.79624,7.652054794520549,12.753424657534246,0,0.0
ff653d54-683d-418a-9c52-7add77d080c7,PAC-0068,Stretch Wrap 500m,243,17,0.7287671232876712,333.4398496240602,33.79624,7.652054794520549,12.753424657534246,0,0.0
4082492b-d30c-4b46-8d3c-88e20224cecf,PAC-0069,Packing Tape 12pk,225,11,0.6639269406392695,338.8927097661623,18.773335,6.97123287671233,11.618721461187217,0,0.0
fed431d2-bca8-41f0-8541-b746582a4a15,PAC-0070,Foam Sheets 5mm,298,16,0.7497716894977169,365.0,31.8569,7.872602739726028,13.121004566210047,0,0.0
fed431d2-bca8-41f0-8541-b746582a4a15,PAC-0070,Foam Sheets 5mm,81,27,0.7497716894977169,108.03288672350791,31.8569,7.872602739726028,13.121004566210047,0,0.0
9ea7c217-eace-4875-9bde-db30c286656d,RAW-0071,Steel Rod 12mm 6m,348,12,0.6986301369863014,365.0,27.117422,7.3356164383561655,12.226027397260275,0,0.0
9ea7c217-eace-4875-9bde-db30c286656d,RAW-0071,Steel Rod 12mm 6m,158,43,0.6986301369863014,226.15686274509804,27.117422,7.3356164383561655,12.226027397260275,0,0.0
9ea7c217-eace-4875-9bde-db30c286656d,RAW-0071,Steel Rod 12mm 6m,242,48,0.6986301369863014,346.3921568627451,27.117422,7.3356164383561655,12.226027397260275,0,0.0
062f4232-dde5-4162-a676-8efc5ba4b082,RAW-0072,Copper Wire 1.5mm 100m,292,31,0.7488584474885845,365.0,27.840755,7.863013698630138,13.105022831050231,0,0.0
062f4232-dde5-4162-a676-8efc5ba4b082,RAW-0072,Copper Wire 1.5mm 100m,222,33,0.7488584474885845,296.4512195121951,27.840755,7.863013698630138,13.105022831050231,0,0.0
d0419f61-bff9-4cce-89cb-8694555f3dc4,RAW-0073,Aluminium Sheet 1mx2m,468,25,0.7296803652968037,365.0,32.76906,7.661643835616439,12.769406392694066,0,0.0
d0419f61-bff9-4cce-89cb-8694555f3dc4,RAW-0073,Aluminium Sheet 1mx2m,390,35,0.7296803652968037,365.0,32.76906,7.661643835616439,12.769406392694066,0,0.0
b4617aaf-834d-41d3-a2f3-c92322c625ab,RAW-0074,PVC Pipe 110mm 3m,79,32,0.6027397260273972,131.0681818181818,29.153744,6.328767123287671,10.54794520547945,0,0.0
b4617aaf-834d-41d3-a2f3-c92322c625ab,RAW-0074,PVC Pipe 110mm 3m,462,16,0.6027397260273972,365.0,29.153744,6.328767123287671,10.54794520547945,0,0.0
b4617aaf-834d-41d3-a2f3-c92322c625ab,RAW-0074,PVC Pipe 110mm 3m,283,35,0.6027397260273972,365.0,29.153744,6.328767123287671,10.54794520547945,0,0.0
901933a7-9c8b-4c91-90a7-9d99e2ecb51e,RAW-0075,Epoxy Resin 1kg,358,17,0.5908675799086759,365.0,32.45451,6.204109589041097,10.340182648401829,0,0.0
fed134d3-7744-4a01-9063-4716a7e69335,CHE-0076,Caustic Soda 25kg,434,25,0.7132420091324202,365.0,25.662565,7.489041095890412,12.481735159817354,0,0.0
fed134d3-7744-4a01-9063-4716a7e69335,CHE-0076,Caustic Soda 25kg,281,49,0.7132420091324202,365.0,25.662565,7.489041095890412,12.481735159817354,0,0.0
fed134d3-7744-4a01-9063-4716a7e69335,CHE-0076,Caustic Soda 25kg,313,36,0.7132420091324202,365.0,25.662565,7.489041095890412,12.481735159817354,0,0.0
8fcabcda-6030-4dc7-a86a-a2a05b666573,CHE-0077,Hydrogen Peroxide 5L,376,30,0.5031963470319635,365.0,35.220947,5.2835616438356166,8.80593607305936,0,0.0
e93ea70c-701d-4843-b874-8a06903856e2,CHE-0078,Acetone 5L,234,12,0.5625570776255708,365.0,25.101826,5.906849315068493,9.844748858447488,0,0.0
e93ea70c-701d-4843-b874-8a06903856e2,CHE-0078,Acetone 5L,397,38,0.5625570776255708,365.0,25.101826,5.906849315068493,9.844748858447488,0,0.0
e93ea70c-701d-4843-b874-8a06903856e2,CHE-0078,Acetone 5L,360,41,0.5625570776255708,365.0,25.101826,5.906849315068493,9.844748858447488,0,0.0
fc712a28-28df-41e5-a702-13eaf57e66da,CHE-0079,Isopropanol 5L,363,15,0.673972602739726,365.0,27.988583,7.076712328767124,11.794520547945208,0,0.0
fc712a28-28df-41e5-a702-13eaf57e66da,CHE-0079,Isopropanol 5L,269,40,0.673972602739726,365.0,27.988583,7.076712328767124,11.794520547945208,0,0.0
fc712a28-28df-41e5-a702-13eaf57e66da,CHE-0079,Isopropanol 5L,425,34,0.673972602739726,365.0,27.988583,7.076712328767124,11.794520547945208,0,0.0
c3034392-46c0-4de7-a693-1ab0b84f702a,CHE-0080,Sodium Carbonate 50kg,149,19,0.7242009132420092,205.74401008827238,30.363651,7.604109589041097,12.67351598173516,0,0.0
c3034392-46c0-4de7-a693-1ab0b84f702a,CHE-0080,Sodium Carbonate 50kg,115,41,0.7242009132420092,158.79571248423707,30.363651,7.604109589041097,12.67351598173516,0,0.0
c3034392-46c0-4de7-a693-1ab0b84f702a,CHE-0080,Sodium Carbonate 50kg,204,45,0.7242009132420092,281.6897856242118,30.363651,7.604109589041097,12.67351598173516,0,0.0
eba20569-8673-43b9-b7b0-b4d93a0ca3c1,ELE-0081,Cable 1.5mm2 100m,278,17,0.7826484018264841,355.20420070011664,34.748497,8.217808219178083,13.696347031963473,0,0.0
f223efa7-fbe6-41a6-9dcd-04d5ebc9135d,ELE-0082,MCB 32A,326,25,0.49041095890410963,365.0,29.884832,5.149315068493151,8.582191780821919,0,0.0
f223efa7-fbe6-41a6-9dcd-04d5ebc9135d,ELE-0082,MCB 32A,158,20,0.49041095890410963,322.1787709497207,29.884832,5.149315068493151,8.582191780821919,0,0.0
f223efa7-fbe6-41a6-9dcd-04d5ebc9135d,ELE-0082,MCB 32A,104,37,0.49041095890410963,212.06703910614524,29.884832,5.149315068493151,8.582191780821919,0,0.0
84dd0a72-73a2-4ea0-8d52-b06fb2e593ff,ELE-0083,Distribution Board 8way,217,34,0.5954337899543379,364.44018404907973,38.45048,6.252054794520548,10.420091324200914,0,0.0
e259aa2b-f987-4681-9d87-a00ba94312e3,ELE-0084,LED Bulb 9W 6pk,418,26,0.6292237442922375,365.0,27.30254,6.606849315068494,11.011415525114156,0,0.0
c87f3c25-eddf-4b9e-a319-3b7deb6830a5,ELE-0085,Extension Cord 5m 4way,113,18,0.6401826484018266,176.51212553495003,31.591791,6.721917808219179,11.203196347031966,0,0.0
c87f3c25-eddf-4b9e-a319-3b7deb6830a5,ELE-0085,Extension Cord 5m 4way,96,31,0.6401826484018266,149.95720399429385,31.591791,6.721917808219179,11.203196347031966,0,0.0
c87f3c25-eddf-4b9e-a319-3b7deb6830a5,ELE-0085,Extension Cord 5m 4way,344,48,0.6401826484018266,365.0,31.591791,6.721917808219179,11.203196347031966,0,0.0
b717d59b-5114-4a6f-9c47-4a9fdf1e17ac,AGR-0086,Fertilizer NPK 50kg,225,34,0.6940639269406393,324.17763157894734,31.190847,7.287671232876713,12.146118721461189,0,0.0
b717d59b-5114-4a6f-9c47-4a9fdf1e17ac,AGR-0086,Fertilizer NPK 50kg,384,45,0.6940639269406393,365.0,31.190847,7.287671232876713,12.146118721461189,0,0.0
b717d59b-5114-4a6f-9c47-4a9fdf1e17ac,AGR-0086,Fertilizer NPK 50kg,463,24,0.6940639269406393,365.0,31.190847,7.287671232876713,12.146118721461189,0,0.0
5339f8f9-628b-4553-aba6-c933b58891f6,AGR-0087,Drip Irrigation Kit,109,28,0.8575342465753425,127.10862619808306,36.08133,9.004109589041096,15.006849315068493,0,0.0
5339f8f9-628b-4553-aba6-c933b58891f6,AGR-0087,Drip Irrigation Kit,107,15,0.8575342465753425,124.77635782747603,36.08133,9.004109589041096,15.006849315068493,0,0.0
e366f76e-01bb-4b12-89e3-a3ebacf86d96,AGR-0088,Pesticide Spray 1L,353,22,0.6511415525114156,365.0,36.120956,6.836986301369864,11.394977168949772,0,0.0
e366f76e-01bb-4b12-89e3-a3ebacf86d96,AGR-0088,Pesticide Spray 1L,343,33,0.6511415525114156,365.0,36.120956,6.836986301369864,11.394977168949772,0,0.0
e366f76e-01bb-4b12-89e3-a3ebacf86d96,AGR-0088,Pesticide Spray 1L,486,30,0.6511415525114156,365.0,36.120956,6.836986301369864,11.394977168949772,0,0.0
cdc27fd2-ac6d-4a61-9f00-82f939c8b945,AGR-0089,Greenhouse Net 50m,427,10,0.6840182648401827,365.0,34.39536,7.182191780821919,11.970319634703198,0,0.0
cdc27fd2-ac6d-4a61-9f00-82f939c8b945,AGR-0089,Greenhouse Net 50m,81,47,0.6840182648401827,118.41789052069426,34.39536,7.182191780821919,11.970319634703198,0,0.0
cdc27fd2-ac6d-4a61-9f00-82f939c8b945,AGR-0089,Greenhouse Net 50m,483,34,0.6840182648401827,365.0,34.39536,7.182191780821919,11.970319634703198,0,0.0
15446c91-e271-412f-a45d-c7e4d5cd3a02,AGR-0090,Seed Tray 72-cell,444,33,0.5853881278538813,365.0,32.73586,6.146575342465754,10.244292237442924,0,0.0
15446c91-e271-412f-a45d-c7e4d5cd3a02,AGR-0090,Seed Tray 72-cell,316,48,0.5853881278538813,365.0,32.73586,6.146575342465754,10.244292237442924,0,0.0
7984bb8a-903a-4d97-9d87-764c832df283,CLE-0091,Floor Cleaner 5L,252,10,0.6210045662100457,365.0,36.09341,6.52054794520548,10.8675799086758,0,0.0
c6f727ad-b92d-461b-9993-3290a631f397,CLE-0092,Disinfectant 5L,124,28,0.6566210045662101,188.84561891515995,30.740808,6.894520547945206,11.490867579908677,0,0.0
c6f727ad-b92d-461b-9993-3290a631f397,CLE-0092,Disinfectant 5L,305,39,0.6566210045662101,365.0,30.740808,6.894520547945206,11.490867579908677,0,0.0
c3256a7c-b886-4192-bfce-03454079660f,CLE-0093,Microfibre Cloth 10pk,195,19,0.6675799086757992,292.09986320109437,37.952003,7.009589041095891,11.682648401826485,0,0.0
c3256a7c-b886-4192-bfce-03454079660f,CLE-0093,Microfibre Cloth 10pk,356,30,0.6675799086757992,365.0,37.952003,7.009589041095891,11.682648401826485,0,0.0
c3256a7c-b886-4192-bfce-03454079660f,CLE-0093,Microfibre Cloth 10pk,307,17,0.6675799086757992,365.0,37.952003,7.009589041095891,11.682648401826485,0,0.0
7c291bd7-b4c6-4bd2-934f-cbc5fca7bfd2,CLE-0094,Mop & Bucket Set,343,40,0.617351598173516,365.0,33.609707,6.482191780821918,10.80365296803653,0,0.0
7c291bd7-b4c6-4bd2-934f-cbc5fca7bfd2,CLE-0094,Mop & Bucket Set,303,28,0.617351598173516,365.0,33.609707,6.482191780821918,10.80365296803653,0,0.0
7c291bd7-b4c6-4bd2-934f-cbc5fca7bfd2,CLE-0094,Mop & Bucket Set,80,31,0.617351598173516,129.58579881656803,33.609707,6.482191780821918,10.80365296803653,0,0.0
146339ea-a7c8-489b-a2df-fa14465238ec,CLE-0095,Industrial Vacuum,157,24,0.6657534246575343,235.8230452674897,29.227324,6.99041095890411,11.650684931506849,0,0.0
146339ea-a7c8-489b-a2df-fa14465238ec,CLE-0095,Industrial Vacuum,493,21,0.6657534246575343,365.0,29.227324,6.99041095890411,11.650684931506849,0,0.0
146339ea-a7c8-489b-a2df-fa14465238ec,CLE-0095,Industrial Vacuum,422,35,0.6657534246575343,365.0,29.227324,6.99041095890411,11.650684931506849,0,0.0
5cb997d2-024e-4704-bce4-ceac8e358957,NET-0096,Router WiFi6,484,20,0.7515981735159818,365.0,28.263935,7.891780821917809,13.152968036529682,0,0.0
5cb997d2-024e-4704-bce4-ceac8e358957,NET-0096,Router WiFi6,330,35,0.7515981735159818,365.0,28.263935,7.891780821917809,13.152968036529682,0,0.0
5cb997d2-024e-4704-bce4-ceac8e358957,NET-0096,Router WiFi6,266,40,0.7515981735159818,353.9125151883353,28.263935,7.891780821917809,13.152968036529682,0,0.0
47f6d59c-49f2-4d57-8d50-1ebd352191a9,NET-0097,Network Switch 24port,250,14,0.5735159817351599,365.0,30.854662,6.021917808219179,10.036529680365298,0,0.0
47f6d59c-49f2-4d57-8d50-1ebd352191a9,NET-0097,Network Switch 24port,194,22,0.5735159817351599,338.264331210191,30.854662,6.021917808219179,10.036529680365298,0,0.0
a7ff40fa-79b0-4ac3-9abc-66b399dabd0b,NET-0098,Cat6 Cable 305m,117,30,0.6045662100456621,193.52719033232628,26.883518,6.347945205479453,10.57990867579909,0,0.0
33aff7d7-1dbe-4210-af01-5b0e248a45d2,NET-0099,Patch Panel 24port,205,39,0.6511415525114156,314.83169705469845,39.494164,6.836986301369864,11.394977168949772,0,0.0
33aff7d7-1dbe-4210-af01-5b0e248a45d2,NET-0099,Patch Panel 24port,345,18,0.6511415525114156,365.0,39.494164,6.836986301369864,11.394977168949772,0,0.0
33aff7d7-1dbe-4210-af01-5b0e248a45d2,NET-0099,Patch Panel 24port,406,40,0.6511415525114156,365.0,39.494164,6.836986301369864,11.394977168949772,0,0.0
ff17e11c-7dcc-4f6c-9f58-291256896ee2,NET-0100,Network Rack 9U,157,23,0.7662100456621006,204.90464839094156,30.126373,8.045205479452056,13.40867579908676,0,0.0
36bbdbfe-8537-483e-9c36-96c6ec93bc9d,ELE-0001,Laptop Pro 15,383,10,0.6575342465753425,365.0,29.466043,6.904109589041097,11.506849315068495,0,0.0
36bbdbfe-8537-483e-9c36-96c6ec93bc9d,ELE-0001,Laptop Pro 15,421,46,0.6575342465753425,365.0,29.466043,6.904109589041097,11.506849315068495,0,0.0
36bbdbfe-8537-483e-9c36-96c6ec93bc9d,ELE-0001,Laptop Pro 15,397,19,0.6575342465753425,365.0,29.466043,6.904109589041097,11.506849315068495,0,0.0
a65cbc0c-df3f-433a-a37f-a44650deedaf,ELE-0002,Wireless Earbuds,397,20,0.45753424657534253,365.0,24.97141,4.804109589041096,8.006849315068493,0,0.0
a65cbc0c-df3f-433a-a37f-a44650deedaf,ELE-0002,Wireless Earbuds,99,32,0.45753424657534253,216.377245508982,24.97141,4.804109589041096,8.006849315068493,0,0.0
7ece1a16-3f14-40d0-92be-b7ea1f1db388,ELE-0003,USB-C Hub 7-in-1,76,17,0.6484018264840182,117.21126760563381,38.855286,6.808219178082192,11.34703196347032,0,0.0
db004662-ba52-4929-bb75-9c00bf1a1365,ELE-0004,Mechanical Keyboard,272,19,0.6767123287671233,365.0,27.54567,7.105479452054794,11.842465753424658,0,0.0
db004662-ba52-4929-bb75-9c00bf1a1365,ELE-0004,Mechanical Keyboard,175,12,0.6767123287671233,258.60323886639674,27.54567,7.105479452054794,11.842465753424658,0,0.0
db004662-ba52-4929-bb75-9c00bf1a1365,ELE-0004,Mechanical Keyboard,173,35,0.6767123287671233,255.64777327935224,27.54567,7.105479452054794,11.842465753424658,0,0.0
6105276d-869b-4e00-8106-14aa06599c99,ELE-0005,Webcam 4K,402,48,0.5981735159817353,365.0,30.293102,6.28082191780822,10.468036529680367,0,0.0
6105276d-869b-4e00-8106-14aa06599c99,ELE-0005,Webcam 4K,384,34,0.5981735159817353,365.0,30.293102,6.28082191780822,10.468036529680367,0,0.0
0c56b02e-618c-4667-9e74-c04be80d5bb6,CLO-0006,Mens Polo Shirt,492,34,0.5662100456621005,365.0,28.308578,5.9452054794520555,9.908675799086758,0,0.0
0c56b02e-618c-4667-9e74-c04be80d5bb6,CLO-0006,Mens Polo Shirt,373,38,0.5662100456621005,365.0,28.308578,5.9452054794520555,9.908675799086758,0,0.0
b4cd3b6d-8811-402d-9c4e-48c80c58ee3d,CLO-0007,Womens Kurta,111,17,0.6757990867579908,164.25,29.484941,7.095890410958904,11.82648401826484,0,0.0
ebda3fd8-fe10-4f44-aefa-20e53d198872,CLO-0008,Denim Jeans,300,42,0.7488584474885845,365.0,32.043556,7.863013698630138,13.105022831050231,0,0.0
ce975174-feee-4cc8-8f12-ecd116557c27,CLO-0009,Sports Joggers,350,46,0.6392694063926941,365.0,30.200476,6.712328767123289,11.187214611872147,0,0.0
8c417c71-eb82-4dbc-a0ca-764f1fcea7da,CLO-0010,Winter Jacket,405,16,0.6949771689497718,365.0,36.90187,7.297260273972603,12.162100456621005,0,0.0
8c417c71-eb82-4dbc-a0ca-764f1fcea7da,CLO-0010,Winter Jacket,246,40,0.6949771689497718,353.9684625492772,36.90187,7.297260273972603,12.162100456621005,0,0.0
22a838e8-32a0-4c2b-bd3f-a05974078d0e,HOM-0011,Microwave 20L,342,18,0.6849315068493151,365.0,37.13239,7.191780821917809,11.986301369863014,0,0.0
22a838e8-32a0-4c2b-bd3f-a05974078d0e,HOM-0011,Microwave 20L,216,14,0.6849315068493151,315.35999999999996,37.13239,7.191780821917809,11.986301369863014,0,0.0
de23341a-1818-4566-95e9-37a6927002d2,HOM-0012,Air Purifier,466,11,0.03744292237442922,365.0,,0.39315068493150684,0.6552511415525114,0,
de23341a-1818-4566-95e9-37a6927002d2,HOM-0012,Air Purifier,334,44,0.03744292237442922,365.0,,0.39315068493150684,0.6552511415525114,0,
90cd1bcf-6e90-4742-8acb-e8071474108b,HOM-0013,Electric Kettle,315,47,0.6776255707762557,365.0,39.518032,7.115068493150686,11.858447488584476,0,0.0
34019bcc-b158-475b-8c84-db33f9f1767a,HOM-0014,Ceiling Fan 5-blade,387,17,0.6621004566210046,365.0,32.36226,6.9520547945205475,11.586757990867579,0,0.0
efbe6cb8-c319-4d98-aad1-c9e5c1498c55,HOM-0015,Water Purifier RO,405,21,0.14885844748858448,365.0,22.926815,1.563013698630137,2.6050228310502286,0,0.0
efbe6cb8-c319-4d98-aad1-c9e5c1498c55,HOM-0015,Water Purifier RO,334,38,0.14885844748858448,365.0,22.926815,1.563013698630137,2.6050228310502286,0,0.0
efbe6cb8-c319-4d98-aad1-c9e5c1498c55,HOM-0015,Water Purifier RO,112,12,0.14885844748858448,365.0,22.926815,1.563013698630137,2.6050228310502286,0,0.0
c826ab84-6113-4055-bbf9-df3ea8934b15,FUR-0016,Office Chair Ergonomic,155,20,0.789041095890411,196.4409722222222,25.273987,8.284931506849315,13.808219178082192,0,0.0
c826ab84-6113-4055-bbf9-df3ea8934b15,FUR-0016,Office Chair Ergonomic,337,26,0.789041095890411,365.0,25.273987,8.284931506849315,13.808219178082192,0,0.0
c826ab84-6113-4055-bbf9-df3ea8934b15,FUR-0016,Office Chair Ergonomic,93,17,0.789041095890411,117.86458333333331,25.273987,8.284931506849315,13.808219178082192,0,0.0
35581b7f-8487-411f-a431-fc7ceafab5fe,FUR-0017,Standing Desk 140cm,328,20,0.726027397260274,365.0,26.974121,7.623287671232877,12.705479452054796,0,0.0
35581b7f-8487-411f-a431-fc7ceafab5fe,FUR-0017,Standing Desk 140cm,386,10,0.726027397260274,365.0,26.974121,7.623287671232877,12.705479452054796,0,0.0
055f364f-d958-4190-97fb-67de6dc15427,FUR-0018,Bookshelf 5-tier,73,43,0.6757990867579908,108.02027027027027,24.270002,7.095890410958904,11.82648401826484,0,0.0
055f364f-d958-4190-97fb-67de6dc15427,FUR-0018,Bookshelf 5-tier,387,44,0.6757990867579908,365.0,24.270002,7.095890410958904,11.82648401826484,0,0.0
9c8c434b-b669-4c38-af51-880a479da455,FUR-0019,Sofa 3-seater,345,41,0.7470319634703196,365.0,41.085712,7.843835616438357,13.073059360730594,0,0.0
410fd65d-9c41-4c90-951b-856d8846c8a9,FUR-0020,Dining Table Set,230,48,0.6876712328767124,334.4621513944223,30.405367,7.22054794520548,12.034246575342467,0,0.0
410fd65d-9c41-4c90-951b-856d8846c8a9,FUR-0020,Dining Table Set,402,16,0.6876712328767124,365.0,30.405367,7.22054794520548,12.034246575342467,0,0.0
410fd65d-9c41-4c90-951b-856d8846c8a9,FUR-0020,Dining Table Set,171,12,0.6876712328767124,248.6653386454183,30.405367,7.22054794520548,12.034246575342467,0,0.0
342b9931-4685-47c1-9e5a-0af3c749d35b,STA-0021,A4 Paper Ream,203,23,0.5680365296803653,357.37138263665594,30.176628,5.964383561643835,9.940639269406393,0,0.0
6ebb5b48-ab18-4ff1-a87d-0e3554fa95b3,STA-0022,Whiteboard Marker Set,332,23,0.055707762557077635,365.0,,0.5849315068493152,0.9748858447488586,0,
6ebb5b48-ab18-4ff1-a87d-0e3554fa95b3,STA-0022,Whiteboard Marker Set,192,18,0.055707762557077635,365.0,,0.5849315068493152,0.9748858447488586,0,
6ebb5b48-ab18-4ff1-a87d-0e3554fa95b3,STA-0022,Whiteboard Marker Set,88,45,0.055707762557077635,365.0,,0.5849315068493152,0.9748858447488586,0,
e0d9ec22-10fe-41a4-a368-44e1e4c5e5db,STA-0023,Stapler Heavy Duty,245,20,0.6383561643835617,365.0,32.188286,6.7027397260273975,11.17123287671233,0,0.0
e0d9ec22-10fe-41a4-a368-44e1e4c5e5db,STA-0023,Stapler Heavy Duty,283,15,0.6383561643835617,365.0,32.188286,6.7027397260273975,11.17123287671233,0,0.0
bb4f9326-ec46-4c40-99ac-5993af34b777,STA-0024,File Cabinet A4,267,19,0.6420091324200914,365.0,28.97292,6.741095890410959,11.235159817351597,0,0.0
bb4f9326-ec46-4c40-99ac-5993af34b777,STA-0024,File Cabinet A4,86,50,0.6420091324200914,133.95448079658604,28.97292,6.741095890410959,11.235159817351597,0,0.0
bb4f9326-ec46-4c40-99ac-5993af34b777,STA-0024,File Cabinet A4,374,22,0.6420091324200914,365.0,28.97292,6.741095890410959,11.235159817351597,0,0.0
6f50961f-40a9-427b-9236-4c53b05796ba,STA-0025,Notebook B5 Pack,386,42,0.5342465753424658,365.0,28.19712,5.609589041095891,9.349315068493151,0,0.0
6f50961f-40a9-427b-9236-4c53b05796ba,STA-0025,Notebook B5 Pack,264,19,0.5342465753424658,365.0,28.19712,5.609589041095891,9.349315068493151,0,0.0
6f50961f-40a9-427b-9236-4c53b05796ba,STA-0025,Notebook B5 Pack,453,37,0.5342465753424658,365.0,28.19712,5.609589041095891,9.349315068493151,0,0.0
d8f1caca-e51c-42fa-83ca-ca253b219936,FOO-0026,Green Tea 100g,359,25,0.7378995433789955,365.0,34.17675,7.7479452054794535,12.913242009132421,0,0.0
05e6886d-c622-40c7-9c04-ec77bcfabb42,FOO-0027,Instant Coffee 200g,113,44,0.7662100456621006,147.47914183551845,35.844894,8.045205479452056,13.40867579908676,0,0.0
05e6886d-c622-40c7-9c04-ec77bcfabb42,FOO-0027,Instant Coffee 200g,400,45,0.7662100456621006,365.0,35.844894,8.045205479452056,13.40867579908676,0,0.0
1af181bd-ad83-4d3a-9cbf-2abd1d72ae76,FOO-0028,Mixed Nuts 500g,218,50,0.01,365.0,,0.10500000000000001,0.17500000000000002,0,
6e5d4625-ff74-491e-b32f-45dc7eaa3686,FOO-0029,Protein Bar Box,220,27,0.0036529680365296807,365.0,,0.038356164383561646,0.0639269406392694,0,
6e5d4625-ff74-491e-b32f-45dc7eaa3686,FOO-0029,Protein Bar Box,494,24,0.0036529680365296807,365.0,,0.038356164383561646,0.0639269406392694,0,
1e5d2bde-c08f-4303-8dfb-72fa62f8895f,FOO-0030,Mineral Water 12pk,100,34,0.669406392694064,149.38608458390175,33.041798,7.028767123287672,11.714611872146119,0,0.0
4cce66f4-260a-4a5a-a375-324edf79cf75,PHA-0031,Vitamin C Tablets,103,17,0.5031963470319635,204.69147005444646,29.991375,5.2835616438356166,8.80593607305936,0,0.0
4cce66f4-260a-4a5a-a375-324edf79cf75,PHA-0031,Vitamin C Tablets,319,29,0.5031963470319635,365.0,29.991375,5.2835616438356166,8.80593607305936,0,0.0
ff0883fc-7eb1-403d-b66f-3e90fe3fb378,PHA-0032,Paracetamol Strip,320,32,0.6748858447488585,365.0,28.448929,7.086301369863015,11.810502283105023,0,0.0
e3f23f6e-bee9-4375-9be6-7d3d05f7d62c,PHA-0033,Hand Sanitizer 500ml,188,48,0.7305936073059361,257.325,33.31147,7.671232876712329,12.785388127853881,0,0.0
e3f23f6e-bee9-4375-9be6-7d3d05f7d62c,PHA-0033,Hand Sanitizer 500ml,74,20,0.7305936073059361,101.2875,33.31147,7.671232876712329,12.785388127853881,0,0.0
e3f23f6e-bee9-4375-9be6-7d3d05f7d62c,PHA-0033,Hand Sanitizer 500ml,434,34,0.7305936073059361,365.0,33.31147,7.671232876712329,12.785388127853881,0,0.0
eee40ac0-c6bd-4bbe-814d-23e15b5f02ab,PHA-0034,Digital Thermometer,462,44,0.634703196347032,365.0,34.31598,6.664383561643836,11.107305936073061,0,0.0
eee40ac0-c6bd-4bbe-814d-23e15b5f02ab,PHA-0034,Digital Thermometer,294,47,0.634703196347032,365.0,34.31598,6.664383561643836,11.107305936073061,0,0.0
d660be77-b446-4aa1-8ba2-c4341f4dee36,PHA-0035,Blood Glucose Monitor,54,42,0.033789954337899546,365.0,,0.35479452054794525,0.591324200913242,0,
d660be77-b446-4aa1-8ba2-c4341f4dee36,PHA-0035,Blood Glucose Monitor,386,18,0.033789954337899546,365.0,,0.35479452054794525,0.591324200913242,0,
ecb83070-4633-40fa-8760-2679a9403ef6,AUT-0036,Engine Oil 5L,340,27,0.6063926940639269,365.0,39.575367,6.367123287671233,10.61187214611872,0,0.0
ecb83070-4633-40fa-8760-2679a9403ef6,AUT-0036,Engine Oil 5L,421,50,0.6063926940639269,365.0,39.575367,6.367123287671233,10.61187214611872,0,0.0
d9b4731b-5b55-4da9-be81-77804875c9dc,AUT-0037,Brake Pads Set,448,25,0.7114155251141553,365.0,12.057882,7.46986301369863,12.449771689497716,0,0.0
d9b4731b-5b55-4da9-be81-77804875c9dc,AUT-0037,Brake Pads Set,411,39,0.7114155251141553,365.0,12.057882,7.46986301369863,12.449771689497716,0,0.0
d9b4731b-5b55-4da9-be81-77804875c9dc,AUT-0037,Brake Pads Set,274,32,0.7114155251141553,365.0,12.057882,7.46986301369863,12.449771689497716,0,0.0
fa1a24fa-fb96-4f2f-85c5-91099a50c7ff,AUT-0038,Car Battery 65Ah,196,27,0.6319634703196347,310.1445086705202,14.047727,6.635616438356164,11.059360730593607,0,0.0
fa1a24fa-fb96-4f2f-85c5-91099a50c7ff,AUT-0038,Car Battery 65Ah,316,24,0.6319634703196347,365.0,14.047727,6.635616438356164,11.059360730593607,0,0.0
fa1a24fa-fb96-4f2f-85c5-91099a50c7ff,AUT-0038,Car Battery 65Ah,375,15,0.6319634703196347,365.0,14.047727,6.635616438356164,11.059360730593607,0,0.0
e32f41f9-87e9-409a-8462-9e6db6fb35e1,AUT-0039,Wiper Blades Pair,444,30,0.6602739726027398,365.0,31.3048,6.932876712328768,11.554794520547947,0,0.0
e32f41f9-87e9-409a-8462-9e6db6fb35e1,AUT-0039,Wiper Blades Pair,374,15,0.6602739726027398,365.0,31.3048,6.932876712328768,11.554794520547947,0,0.0
fb654114-710b-45c3-9322-8b948ee9d85d,AUT-0040,Air Filter,172,15,0.5214611872146119,329.84238178633973,26.855322,5.475342465753425,9.125570776255708,0,0.0
fb654114-710b-45c3-9322-8b948ee9d85d,AUT-0040,Air Filter,344,13,0.5214611872146119,365.0,26.855322,5.475342465753425,9.125570776255708,0,0.0
fb654114-710b-45c3-9322-8b948ee9d85d,AUT-0040,Air Filter,430,28,0.5214611872146119,365.0,26.855322,5.475342465753425,9.125570776255708,0,0.0
30897c88-1a85-4b27-93e8-73000b1b2ed8,TOY-0041,LEGO City Set,267,42,0.8,333.75,23.299585,8.4,14.0,0,0.0
0fab53e0-c537-4123-8ad9-2a8d62acccae,TOY-0042,Remote Control Car,304,42,0.6949771689497718,365.0,40.38748,7.297260273972603,12.162100456621005,0,0.0
0fab53e0-c537-4123-8ad9-2a8d62acccae,TOY-0042,Remote Control Car,257,10,0.6949771689497718,365.0,40.38748,7.297260273972603,12.162100456621005,0,0.0
ee58e89b-0851-4f82-b99d-cdf5e514f714,TOY-0043,Board Game Family,53,37,0.6073059360730594,87.27067669172932,31.424843,6.376712328767123,10.62785388127854,0,0.0
ee58e89b-0851-4f82-b99d-cdf5e514f714,TOY-0043,Board Game Family,175,43,0.6073059360730594,288.1578947368421,31.424843,6.376712328767123,10.62785388127854,0,0.0
ee58e89b-0851-4f82-b99d-cdf5e514f714,TOY-0043,Board Game Family,360,38,0.6073059360730594,365.0,31.424843,6.376712328767123,10.62785388127854,0,0.0
4cd8f5fe-053c-4cfe-814a-930270b03924,TOY-0044,Puzzle 1000 pieces,441,43,0.7406392694063928,365.0,33.161198,7.776712328767124,12.961187214611872,0,0.0
4cd8f5fe-053c-4cfe-814a-930270b03924,TOY-0044,Puzzle 1000 pieces,139,14,0.7406392694063928,187.67570900123303,33.161198,7.776712328767124,12.961187214611872,0,0.0
4cd8f5fe-053c-4cfe-814a-930270b03924,TOY-0044,Puzzle 1000 pieces,479,18,0.7406392694063928,365.0,33.161198,7.776712328767124,12.961187214611872,0,0.0
33ad4cc5-d2d4-45d4-9eb9-af667d8a1e51,TOY-0045,Action Figure Set,266,41,0.6849315068493151,365.0,21.936703,7.191780821917809,11.986301369863014,0,0.0
b4959d17-0502-4ee7-a484-7922b5fbfd13,SPO-0046,Yoga Mat 6mm,241,17,0.11506849315068493,365.0,,1.2082191780821918,2.0136986301369864,0,
8425df12-f49f-477b-b545-f519b645a589,SPO-0047,Dumbbell Pair 5kg,177,44,0.760730593607306,232.67106842737093,21.883965,7.987671232876712,13.312785388127853,0,0.0
8425df12-f49f-477b-b545-f519b645a589,SPO-0047,Dumbbell Pair 5kg,198,29,0.760730593607306,260.2761104441777,21.883965,7.987671232876712,13.312785388127853,0,0.0
8425df12-f49f-477b-b545-f519b645a589,SPO-0047,Dumbbell Pair 5kg,200,26,0.760730593607306,262.9051620648259,21.883965,7.987671232876712,13.312785388127853,0,0.0
de568940-f139-48de-8876-8fa256e5e319,SPO-0048,Resistance Band Set,427,50,0.8100456621004567,365.0,21.31774,8.505479452054795,14.17579908675799,0,0.0
cf525403-6ce7-401c-a008-d662499fc3cb,SPO-0049,Jump Rope Speed,206,42,0.5187214611872146,365.0,20.514585,5.446575342465753,9.077625570776256,0,0.0
5c804b54-c729-49e7-9560-e9ca2767949a,SPO-0050,Gym Gloves,366,41,0.6456621004566211,365.0,32.469128,6.779452054794521,11.299086757990867,0,0.0
5c804b54-c729-49e7-9560-e9ca2767949a,SPO-0050,Gym Gloves,232,10,0.6456621004566211,359.32107496463925,32.469128,6.779452054794521,11.299086757990867,0,0.0
f9cc4dfd-dea3-4da6-b0a1-6b2cbea7b376,BEA-0051,Shampoo 400ml,202,32,0.6164383561643836,327.68888888888887,39.644848,6.472602739726027,10.787671232876711,0,0.0
f9cc4dfd-dea3-4da6-b0a1-6b2cbea7b376,BEA-0051,Shampoo 400ml,52,32,0.6164383561643836,84.35555555555555,39.644848,6.472602739726027,10.787671232876711,0,0.0
1c7c205f-5cf1-4633-a82f-d21bfa716103,BEA-0052,Face Serum 30ml,231,10,0.5488584474885846,365.0,25.310978,5.763013698630139,9.605022831050231,0,0.0
1c7c205f-5cf1-4633-a82f-d21bfa716103,BEA-0052,Face Serum 30ml,270,41,0.5488584474885846,365.0,25.310978,5.763013698630139,9.605022831050231,0,0.0
8ad88a04-ca46-435e-87d4-396cb005a6d2,BEA-0053,Sunscreen SPF50,320,42,0.6502283105022831,365.0,27.095253,6.827397260273973,11.378995433789957,0,0.0
1831f8b6-38a1-4bef-be90-cf517a3496ee,BEA-0054,Electric Toothbrush,113,41,0.7917808219178083,142.71626297577853,26.227562,8.313698630136987,13.856164383561644,0,0.0
1831f8b6-38a1-4bef-be90-cf517a3496ee,BEA-0054,Electric Toothbrush,129,26,0.7917808219178083,162.92387543252593,26.227562,8.313698630136987,13.856164383561644,0,0.0
3cefe427-0919-4c54-ae48-03774fc99c60,BEA-0055,Perfume 50ml EDP,252,33,0.7296803652968037,345.35669586983727,27.432812,7.661643835616439,12.769406392694066,0,0.0
3cefe427-0919-4c54-ae48-03774fc99c60,BEA-0055,Perfume 50ml EDP,236,37,0.7296803652968037,323.4292866082603,27.432812,7.661643835616439,12.769406392694066,0,0.0
ff2cfcfe-80d1-4c3b-89e6-cae01de39929,BOO-0056,Python Data Science,465,27,0.8045662100456622,365.0,35.347298,8.447945205479453,14.07990867579909,0,0.0
ff2cfcfe-80d1-4c3b-89e6-cae01de39929,BOO-0056,Python Data Science,274,38,0.8045662100456622,340.5561861520998,35.347298,8.447945205479453,14.07990867579909,0,0.0
ff2cfcfe-80d1-4c3b-89e6-cae01de39929,BOO-0056,Python Data Science,121,32,0.8045662100456622,150.3916004540295,35.347298,8.447945205479453,14.07990867579909,0,0.0
42ad5b7b-ac7c-4f0f-8451-923d107653c9,BOO-0057,Business Strategy,233,22,0.5954337899543379,365.0,32.84071,6.252054794520548,10.420091324200914,0,0.0
819b3f6f-d7fb-4218-939a-691e3cdb4b50,BOO-0058,Machine Learning A-Z,195,12,0.8,243.75,22.989798,8.4,14.0,0,0.0
e5e92654-cfff-42af-98dc-c9d7d78107a3,BOO-0059,Financial Modeling,265,31,0.680365296803653,365.0,35.976925,7.1438356164383565,11.906392694063928,0,0.0
e5e92654-cfff-42af-98dc-c9d7d78107a3,BOO-0059,Financial Modeling,132,22,0.680365296803653,194.01342281879195,35.976925,7.1438356164383565,11.906392694063928,0,0.0
31458971-3a9c-421d-be7a-1002af4bf4c9,BOO-0060,Management Accounting,186,17,0.8173515981735161,227.56424581005584,29.349415,8.582191780821919,14.30365296803653,0,0.0
31458971-3a9c-421d-be7a-1002af4bf4c9,BOO-0060,Management Accounting,300,45,0.8173515981735161,365.0,29.349415,8.582191780821919,14.30365296803653,0,0.0
31458971-3a9c-421d-be7a-1002af4bf4c9,BOO-0060,Management Accounting,459,18,0.8173515981735161,365.0,29.349415,8.582191780821919,14.30365296803653,0,0.0
b04aea23-a41f-4195-9bfd-210e16ee93f2,HAR-0061,Cordless Drill 18V,306,34,0.6420091324200914,365.0,35.13426,6.741095890410959,11.235159817351597,0,0.0
b04aea23-a41f-4195-9bfd-210e16ee93f2,HAR-0061,Cordless Drill 18V,106,16,0.6420091324200914,165.1066856330014,35.13426,6.741095890410959,11.235159817351597,0,0.0
ad2f5425-1c3e-4338-a80a-c8f5895bed59,HAR-0062,Angle Grinder 115mm,129,32,0.5908675799086759,218.323029366306,31.316975,6.204109589041097,10.340182648401829,0,0.0
2f78c7af-8794-4a1a-bd24-704370b3001d,HAR-0063,Measuring Tape 10m,171,13,0.7324200913242009,233.47256857855362,32.010098,7.69041095890411,12.817351598173516,0,0.0
2f78c7af-8794-4a1a-bd24-704370b3001d,HAR-0063,Measuring Tape 10m,269,48,0.7324200913242009,365.0,32.010098,7.69041095890411,12.817351598173516,0,0.0
2f78c7af-8794-4a1a-bd24-704370b3001d,HAR-0063,Measuring Tape 10m,272,40,0.7324200913242009,365.0,32.010098,7.69041095890411,12.817351598173516,0,0.0
8c223240-e225-44e5-876a-568baa118961,HAR-0064,Socket Wrench Set,298,15,0.49315068493150693,365.0,34.80472,5.178082191780822,8.63013698630137,0,0.0
8c223240-e225-44e5-876a-568baa118961,HAR-0064,Socket Wrench Set,176,49,0.49315068493150693,356.8888888888888,34.80472,5.178082191780822,8.63013698630137,0,0.0
869aae43-f41e-49ba-b987-ab0927338a32,HAR-0065,Safety Goggles,311,21,0.7287671232876712,365.0,37.13352,7.652054794520549,12.753424657534246,0,0.0
869aae43-f41e-49ba-b987-ab0927338a32,HAR-0065,Safety Goggles,193,17,0.7287671232876712,264.8308270676692,37.13352,7.652054794520549,12.753424657534246,0,0.0
869aae43-f41e-49ba-b987-ab0927338a32,HAR-0065,Safety Goggles,408,25,0.7287671232876712,365.0,37.13352,7.652054794520549,12.753424657534246,0,0.0
aa63b223-d704-44e5-b908-82702ec69f85,PAC-0066,Bubble Wrap Roll 50m,292,16,0.6904109589041096,365.0,40.333485,7.249315068493151,12.082191780821919,0,0.0
5b4884b7-d4fb-4e9a-ab38-ff805798bc26,PAC-0067,Cardboard Box 40x30,487,47,0.5872146118721462,365.0,26.260935,6.1657534246575345,10.276255707762559,0,0.0
ed8477f2-ae90-4d46-937f-346bd13ccabe,PAC-0068,Stretch Wrap 500m,111,18,0.6328767123287672,175.38961038961037,34.532864,6.645205479452056,11.075342465753426,0,0.0
1af1ac43-f8fb-44c3-8911-69d9a644cc96,PAC-0069,Packing Tape 12pk,190,22,0.617351598173516,307.7662721893491,34.147755,6.482191780821918,10.80365296803653,0,0.0
8fc720f7-df51-4878-a361-6730372ad7f6,PAC-0070,Foam Sheets 5mm,59,49,0.6146118721461188,95.99554234769687,24.459171,6.4534246575342475,10.75570776255708,0,0.0
8fc720f7-df51-4878-a361-6730372ad7f6,PAC-0070,Foam Sheets 5mm,96,13,0.6146118721461188,156.19613670133728,24.459171,6.4534246575342475,10.75570776255708,0,0.0
91af09ce-c049-4218-bfc3-79b4d2e2810c,RAW-0071,Steel Rod 12mm 6m,318,29,0.6547945205479452,365.0,26.936422,6.875342465753425,11.458904109589042,0,0.0
91af09ce-c049-4218-bfc3-79b4d2e2810c,RAW-0071,Steel Rod 12mm 6m,163,31,0.6547945205479452,248.93305439330544,26.936422,6.875342465753425,11.458904109589042,0,0.0
752f9c07-0bd1-4a17-b665-98a6eca0b5fb,RAW-0072,Copper Wire 1.5mm 100m,81,42,0.7269406392694064,111.42587939698491,39.434925,7.632876712328768,12.721461187214613,0,0.0
752f9c07-0bd1-4a17-b665-98a6eca0b5fb,RAW-0072,Copper Wire 1.5mm 100m,379,13,0.7269406392694064,365.0,39.434925,7.632876712328768,12.721461187214613,0,0.0
764e624c-616b-400e-95fc-b8d8e2d49738,RAW-0073,Aluminium Sheet 1mx2m,187,33,0.6447488584474886,290.0354107648725,28.805338,6.769863013698631,11.283105022831052,0,0.0
30d0b949-8914-4b72-8f16-83df27d7d212,RAW-0074,PVC Pipe 110mm 3m,414,36,0.7159817351598174,365.0,25.571907,7.517808219178082,12.529680365296805,0,0.0
30d0b949-8914-4b72-8f16-83df27d7d212,RAW-0074,PVC Pipe 110mm 3m,213,13,0.7159817351598174,297.4936224489796,25.571907,7.517808219178082,12.529680365296805,0,0.0
a9f5770b-151a-4213-91be-f4c74306664d,RAW-0075,Epoxy Resin 1kg,50,13,0.039269406392694065,365.0,,0.4123287671232877,0.6872146118721462,0,
6c7474cd-55b4-4c70-9b93-87686d6eb109,CHE-0076,Caustic Soda 25kg,196,40,0.9159817351598175,213.9780658025922,35.538662,9.617808219178084,16.029680365296805,0,0.0
3921ee1e-afbc-4bdf-a8c5-ed1b795d6942,CHE-0077,Hydrogen Peroxide 5L,101,37,0.664840182648402,151.91620879120876,34.989017,6.98082191780822,11.634703196347033,0,0.0
3921ee1e-afbc-4bdf-a8c5-ed1b795d6942,CHE-0077,Hydrogen Peroxide 5L,179,41,0.664840182648402,269.2376373626373,34.989017,6.98082191780822,11.634703196347033,0,0.0
3921ee1e-afbc-4bdf-a8c5-ed1b795d6942,CHE-0077,Hydrogen Peroxide 5L,221,29,0.664840182648402,332.4107142857142,34.989017,6.98082191780822,11.634703196347033,0,0.0
50b643bf-2cc3-4abc-afb5-5684a4a712bb,CHE-0078,Acetone 5L,392,10,0.6849315068493151,365.0,26.04227,7.191780821917809,11.986301369863014,0,0.0
750e2459-9294-45cc-b767-83697286ecba,CHE-0079,Isopropanol 5L,234,33,0.6374429223744292,365.0,44.144215,6.693150684931506,11.155251141552512,0,0.0
750e2459-9294-45cc-b767-83697286ecba,CHE-0079,Isopropanol 5L,171,27,0.6374429223744292,268.2593123209169,44.144215,6.693150684931506,11.155251141552512,0,0.0
4d4ec131-80c6-4270-a7c0-f6ee09ad94a2,CHE-0080,Sodium Carbonate 50kg,246,15,0.680365296803653,361.5704697986577,33.915695,7.1438356164383565,11.906392694063928,0,0.0
4d4ec131-80c6-4270-a7c0-f6ee09ad94a2,CHE-0080,Sodium Carbonate 50kg,116,50,0.680365296803653,170.49664429530202,33.915695,7.1438356164383565,11.906392694063928,0,0.0
4d4ec131-80c6-4270-a7c0-f6ee09ad94a2,CHE-0080,Sodium Carbonate 50kg,71,47,0.680365296803653,104.35570469798657,33.915695,7.1438356164383565,11.906392694063928,0,0.0
8656682f-93f5-48a9-b173-da0348b96d8c,ELE-0081,Cable 1.5mm2 100m,410,38,0.8054794520547945,365.0,20.456427,8.457534246575342,14.095890410958905,0,0.0
b006a9ac-9569-4c73-9c99-24efa8d23e15,ELE-0082,MCB 32A,329,49,0.6392694063926941,365.0,21.627314,6.712328767123289,11.187214611872147,0,0.0
47c74360-c852-4f19-a182-0a4a72b0681f,ELE-0083,Distribution Board 8way,421,40,0.6876712328767124,365.0,32.748703,7.22054794520548,12.034246575342467,0,0.0
47c74360-c852-4f19-a182-0a4a72b0681f,ELE-0083,Distribution Board 8way,323,19,0.6876712328767124,365.0,32.748703,7.22054794520548,12.034246575342467,0,0.0
300b3419-b64f-4133-b0cf-3f1410b08bc8,ELE-0084,LED Bulb 9W 6pk,148,36,0.4283105022831051,345.54371002132194,23.44576,4.4972602739726035,7.495433789954339,0,0.0
3a2ae3dd-16b8-4ac4-953c-672fec23106f,ELE-0085,Extension Cord 5m 4way,227,33,0.7534246575342466,301.2909090909091,24.622623,7.91095890410959,13.184931506849317,0,0.0
3a2ae3dd-16b8-4ac4-953c-672fec23106f,ELE-0085,Extension Cord 5m 4way,372,17,0.7534246575342466,365.0,24.622623,7.91095890410959,13.184931506849317,0,0.0
3a2ae3dd-16b8-4ac4-953c-672fec23106f,ELE-0085,Extension Cord 5m 4way,84,40,0.7534246575342466,111.49090909090908,24.622623,7.91095890410959,13.184931506849317,0,0.0
503c616a-4d6b-486a-aa85-3c11accd8e76,AGR-0086,Fertilizer NPK 50kg,307,11,0.7680365296803654,365.0,27.262089,8.064383561643837,13.440639269406393,0,0.0
503c616a-4d6b-486a-aa85-3c11accd8e76,AGR-0086,Fertilizer NPK 50kg,356,27,0.7680365296803654,365.0,27.262089,8.064383561643837,13.440639269406393,0,0.0
503c616a-4d6b-486a-aa85-3c11accd8e76,AGR-0086,Fertilizer NPK 50kg,198,12,0.7680365296803654,257.8002378121284,27.262089,8.064383561643837,13.440639269406393,0,0.0
d1722590-9a3c-46a7-8ce7-b44bdb94c552,AGR-0087,Drip Irrigation Kit,147,35,0.01,365.0,,0.10500000000000001,0.17500000000000002,0,
d1722590-9a3c-46a7-8ce7-b44bdb94c552,AGR-0087,Drip Irrigation Kit,400,44,0.01,365.0,,0.10500000000000001,0.17500000000000002,0,
d1722590-9a3c-46a7-8ce7-b44bdb94c552,AGR-0087,Drip Irrigation Kit,134,38,0.01,365.0,,0.10500000000000001,0.17500000000000002,0,
53c5bf64-dcfe-41b2-a60a-fc05d9eafabc,AGR-0088,Pesticide Spray 1L,449,34,0.7926940639269408,365.0,24.994839,8.323287671232878,13.872146118721464,0,0.0
53c5bf64-dcfe-41b2-a60a-fc05d9eafabc,AGR-0088,Pesticide Spray 1L,360,27,0.7926940639269408,365.0,24.994839,8.323287671232878,13.872146118721464,0,0.0
53c5bf64-dcfe-41b2-a60a-fc05d9eafabc,AGR-0088,Pesticide Spray 1L,144,10,0.7926940639269408,181.6589861751152,24.994839,8.323287671232878,13.872146118721464,0,0.0
67684a4f-747f-43d6-be4f-3869d718aada,AGR-0089,Greenhouse Net 50m,161,47,0.6584474885844749,244.51456310679612,21.05079,6.913698630136986,11.52283105022831,0,0.0
67684a4f-747f-43d6-be4f-3869d718aada,AGR-0089,Greenhouse Net 50m,500,42,0.6584474885844749,365.0,21.05079,6.913698630136986,11.52283105022831,0,0.0
67684a4f-747f-43d6-be4f-3869d718aada,AGR-0089,Greenhouse Net 50m,307,43,0.6584474885844749,365.0,21.05079,6.913698630136986,11.52283105022831,0,0.0
1ac4eec4-51cb-4abd-aad4-e099c9490df1,AGR-0090,Seed Tray 72-cell,486,24,0.052968036529680365,365.0,,0.5561643835616439,0.9269406392694064,0,
1ac4eec4-51cb-4abd-aad4-e099c9490df1,AGR-0090,Seed Tray 72-cell,412,27,0.052968036529680365,365.0,,0.5561643835616439,0.9269406392694064,0,
a1b5eaa5-e4d5-462b-8d75-3268133792ef,CLE-0091,Floor Cleaner 5L,164,12,0.7315068493150686,224.19475655430708,40.084667,7.68082191780822,12.8013698630137,0,0.0
084b6a6c-eebe-46e2-8682-0681d035a518,CLE-0092,Disinfectant 5L,70,50,0.047488584474885846,365.0,,0.4986301369863014,0.8310502283105023,0,
084b6a6c-eebe-46e2-8682-0681d035a518,CLE-0092,Disinfectant 5L,192,18,0.047488584474885846,365.0,,0.4986301369863014,0.8310502283105023,0,
7c9cd5af-78bd-46f3-8e89-1b42be40ac87,CLE-0093,Microfibre Cloth 10pk,378,25,0.5634703196347032,365.0,20.818188,5.916438356164383,9.860730593607304,0,0.0
4cccbf03-a392-4850-9096-a78dec0d1afa,CLE-0094,Mop & Bucket Set,109,10,0.7242009132420092,150.5107187894073,29.468102,7.604109589041097,12.67351598173516,0,0.0
4cccbf03-a392-4850-9096-a78dec0d1afa,CLE-0094,Mop & Bucket Set,373,48,0.7242009132420092,365.0,29.468102,7.604109589041097,12.67351598173516,0,0.0
4cccbf03-a392-4850-9096-a78dec0d1afa,CLE-0094,Mop & Bucket Set,216,15,0.7242009132420092,298.2597730138713,29.468102,7.604109589041097,12.67351598173516,0,0.0
c098f9e5-c213-4ef6-bea2-517e5afff6a1,CLE-0095,Industrial Vacuum,118,36,0.7470319634703196,157.95843520782395,36.36471,7.843835616438357,13.073059360730594,0,0.0
c098f9e5-c213-4ef6-bea2-517e5afff6a1,CLE-0095,Industrial Vacuum,216,13,0.7470319634703196,289.1442542787286,36.36471,7.843835616438357,13.073059360730594,0,0.0
c098f9e5-c213-4ef6-bea2-517e5afff6a1,CLE-0095,Industrial Vacuum,471,32,0.7470319634703196,365.0,36.36471,7.843835616438357,13.073059360730594,0,0.0
80f1d921-3b1a-4053-9142-e3d9613bd2bb,NET-0096,Router WiFi6,193,21,0.6328767123287672,304.9567099567099,15.697604,6.645205479452056,11.075342465753426,0,0.0
80f1d921-3b1a-4053-9142-e3d9613bd2bb,NET-0096,Router WiFi6,58,44,0.6328767123287672,91.64502164502163,15.697604,6.645205479452056,11.075342465753426,0,0.0
80f1d921-3b1a-4053-9142-e3d9613bd2bb,NET-0096,Router WiFi6,419,34,0.6328767123287672,365.0,15.697604,6.645205479452056,11.075342465753426,0,0.0
496ffcaf-67fc-4613-9369-456c5db9c167,NET-0097,Network Switch 24port,374,48,0.6493150684931507,365.0,35.728535,6.817808219178083,11.363013698630137,0,0.0
496ffcaf-67fc-4613-9369-456c5db9c167,NET-0097,Network Switch 24port,468,38,0.6493150684931507,365.0,35.728535,6.817808219178083,11.363013698630137,0,0.0
496ffcaf-67fc-4613-9369-456c5db9c167,NET-0097,Network Switch 24port,216,27,0.6493150684931507,332.65822784810126,35.728535,6.817808219178083,11.363013698630137,0,0.0
cf02d801-77eb-4e1f-824a-fffc8768d8f9,NET-0098,Cat6 Cable 305m,372,35,0.006392694063926942,365.0,,0.06712328767123288,0.11187214611872147,0,
cf02d801-77eb-4e1f-824a-fffc8768d8f9,NET-0098,Cat6 Cable 305m,278,24,0.006392694063926942,365.0,,0.06712328767123288,0.11187214611872147,0,
cf02d801-77eb-4e1f-824a-fffc8768d8f9,NET-0098,Cat6 Cable 305m,238,19,0.006392694063926942,365.0,,0.06712328767123288,0.11187214611872147,0,
2050438c-a5ff-41b7-b24d-813cd2719c36,NET-0099,Patch Panel 24port,303,21,0.6228310502283106,365.0,33.921455,6.539726027397261,10.899543378995435,0,0.0
2d0d411b-3dc6-470c-acad-004a4f027adc,NET-0100,Network Rack 9U,467,21,0.5744292237442922,365.0,39.51751,6.031506849315068,10.052511415525114,0,0.0
